{"type":"FeatureCollection","features":[{"type":"Feature","properties":{"name":"Algiers","label":[4.9015,36.3887],"flaechen":1,"minzoom":5},"geometry":{"type":"MultiPolygon","coordinates":[[[[0.1721,36.0],[0.1987,36.0333],[0.4744,36.225],[0.7812,36.3849],[1.0576,36.4619],[1.5797,36.5139],[2.2938,36.5408],[2.5244,36.5732],[2.8099,36.7139],[3.07,36.6189],[3.3238,36.6512],[3.5869,36.792],[3.7412,36.8369],[4.1639,36.8314],[4.3946,36.8382],[4.5326,36.813],[4.6321,36.7941],[4.7772,36.7434],[5.1445,36.6677],[5.3827,36.6745],[5.7302,36.7517],[6.0474,36.8416],[6.3229,37.0906],[6.7705,36.8621],[6.923,36.8178],[7.0632,36.8819],[7.2049,36.9905],[7.307,37.0608],[7.5449,37.0421],[7.719,36.9533],[7.792,36.8324],[7.9132,36.7752],[8.145,36.8139],[8.6367,36.8853],[8.6315,36.8027],[8.3237,36.5206],[8.272,36.3228],[8.2746,36.0]]]]}},{"type":"Feature","properties":{"name":"Anhalt","label":[11.6873,51.7843],"flaechen":2,"minzoom":7},"geometry":{"type":"MultiPolygon","coordinates":[[[[10.4696,51.4892],[10.4751,51.5061],[10.4864,51.5038],[10.491,51.5535],[10.55,51.575],[10.5976,51.5642],[10.6913,51.6178],[10.832,51.6111],[10.8722,51.6513],[10.8923,51.6379],[10.9526,51.6312],[10.9727,51.5843],[10.8722,51.5174],[10.8789,51.4705],[10.765,51.4437],[10.6764,51.4671],[10.5373,51.504],[10.5105,51.4772],[10.4696,51.4892]]],[[[11.0591,51.5575],[11.1261,51.5798],[11.0666,51.7473],[11.1671,51.8031],[11.1819,51.7771],[11.2564,51.7957],[11.2824,51.7622],[11.3903,51.7696],[11.4164,51.8329],[11.4983,51.8292],[11.5876,51.9185],[11.6769,51.9185],[11.703,51.9445],[11.6881,51.952],[11.7923,52.0562],[11.8332,52.0748],[11.8518,52.0599],[11.9337,52.0934],[11.9932,52.0859],[11.9821,52.0264],[12.0156,51.9706],[12.0602,51.9892],[12.09,51.9855],[12.0826,51.9594],[12.1235,51.8961],[12.1644,51.8924],[12.1607,51.8403],[12.0974,51.7808],[12.0937,51.7436],[12.0677,51.7547],[11.9858,51.7398],[11.9858,51.6282],[11.9709,51.6319],[11.9635,51.6208],[11.997,51.617],[11.997,51.5947],[11.9337,51.5984],[11.9114,51.6096],[11.8853,51.6356],[11.8667,51.6356],[11.8853,51.617],[11.8034,51.5649],[11.6918,51.5873],[11.662,51.5649],[11.6248,51.6096],[11.4424,51.6133],[11.3903,51.6505],[11.2452,51.658],[11.1708,51.6021],[11.1782,51.5463],[11.1336,51.5166],[11.0591,51.5575]]]]}},{"type":"Feature","properties":{"name":"Austrian Empire","label":[18.9745,47.8666],"flaechen":1,"minzoom":4},"geometry":{"type":"MultiPolygon","coordinates":[[[[22.3432,44.986],[22.4095,44.7503],[22.2959,44.6919],[22.1994,44.5643],[22.1329,44.5112],[21.9465,44.6188],[21.8589,44.6812],[21.5919,44.7078],[21.5833,44.7928],[21.4777,44.7928],[21.3675,44.8087],[21.3639,44.8203],[21.33,44.8204],[21.1492,44.7392],[21.0151,44.7205],[20.9222,44.6709],[20.7692,44.6603],[20.6329,44.7567],[20.643,44.8125],[20.5706,44.8474],[20.5255,44.83],[20.4053,44.8552],[20.334,44.9152],[20.2881,44.9709],[20.3187,44.9987],[20.2406,45.1548],[20.2406,45.1548],[20.1962,45.1806],[20.0242,45.1727],[19.8724,45.2643],[19.8534,45.236],[19.587,45.2105],[19.5435,45.2526],[19.4191,45.224],[19.4236,45.1926],[19.4085,45.1675],[19.3482,45.1725],[19.308,45.1876],[19.2779,45.1776],[19.2428,45.1826],[19.2126,45.2027],[19.1875,45.2077],[19.1674,45.2027],[19.1825,45.1725],[19.1373,45.1324],[19.1021,45.1324],[19.1021,45.0621],[19.1222,45.0319],[19.1072,44.9968],[19.1172,44.9616],[19.1222,44.9265],[19.082,44.9114],[19.0419,44.9265],[19.0168,44.8963],[19.0519,44.8561],[19.0168,44.8511],[18.9314,44.8411],[18.841,44.8511],[18.7757,44.9064],[18.8008,44.9516],[18.7807,44.9917],[18.7255,44.9968],[18.7154,45.047],[18.6501,45.0721],[18.5848,45.0922],[18.5396,45.052],[18.4944,45.057],[18.4241,45.0922],[18.394,45.1022],[18.3287,45.1022],[18.2584,45.1223],[18.2082,45.0922],[18.1479,45.0721],[18.0876,45.0922],[18.0374,45.1223],[17.9872,45.1223],[17.9319,45.0821],[17.8566,45.047],[17.7863,45.0771],[17.6658,45.1173],[17.5854,45.1123],[17.5151,45.1073],[17.4297,45.1324],[17.3544,45.1374],[17.2841,45.1776],[17.2439,45.1424],[17.1937,45.1324],[17.1685,45.1575],[17.0631,45.1926],[16.9928,45.2177],[16.9325,45.2378],[16.8923,45.2429],[16.8321,45.1876],[16.7818,45.1926],[16.6814,45.2027],[16.6061,45.2177],[16.5106,45.2077],[16.4654,45.1575],[16.4001,45.0922],[16.3449,45.0018],[16.2545,45.0118],[16.139,45.0721],[16.0687,45.1575],[16.0235,45.2077],[15.8828,45.2228],[15.8276,45.2027],[15.7874,45.1223],[15.7673,45.047],[15.7874,44.9867],[15.7874,44.9516],[15.8025,44.8561],[15.7472,44.826],[15.7573,44.7858],[15.8176,44.7507],[15.8577,44.7105],[15.913,44.6954],[15.9582,44.6804],[16.0385,44.6],[16.1038,44.4945],[16.144,44.4343],[16.154,44.379],[16.2244,44.3288],[16.1892,44.3037],[16.1842,44.2585],[16.1942,44.1932],[16.2696,44.1982],[16.3097,44.148],[16.3348,44.0928],[16.3851,44.0425],[16.4604,44.0224],[16.5357,44.0074],[16.7015,43.8467],[16.7115,43.7713],[16.7467,43.7512],[16.8421,43.7161],[17.0129,43.5554],[17.1133,43.5001],[17.2137,43.47],[17.259,43.4449],[17.259,43.3947],[17.2941,43.2691],[17.3845,43.2339],[17.4699,43.1586],[17.5352,43.1084],[17.6457,43.0531],[17.6758,42.9577],[17.548,42.9201],[17.0751,43.2227],[16.9923,43.3227],[16.6398,43.3897],[16.5485,43.4613],[16.3667,43.513],[16.0594,43.4335],[15.9128,43.6522],[15.4123,43.9348],[15.1495,44.2399],[15.2744,44.2366],[15.5482,44.2293],[15.2859,44.3289],[14.9891,44.54],[14.907,44.7233],[14.9455,44.9266],[14.8154,45.0779],[14.5246,45.2663],[14.3545,45.3229],[14.2386,45.0624],[14.1746,45.0104],[14.1885,44.9425],[14.0604,44.8947],[13.9913,44.7831],[13.8951,44.7592],[13.6721,45.0504],[13.6436,45.1791],[13.5269,45.4543],[13.5563,45.4596],[13.7491,45.4943],[13.8,45.5664],[13.825,45.6627],[13.6971,45.7518],[13.5351,45.8013],[13.592,45.9638],[13.4407,46.0039],[13.6063,46.1321],[13.522,46.2156],[13.3887,46.2163],[13.3445,46.2845],[13.6211,46.4209],[13.5689,46.5104],[13.354,46.5607],[12.9519,46.5975],[12.3619,46.7085],[12.2178,46.8843],[12.0748,46.9275],[11.7397,46.7517],[11.9084,46.4141],[11.5709,46.2454],[11.5709,45.9754],[11.3346,46.0091],[11.2334,46.0091],[11.1659,45.7391],[10.9296,45.8403],[10.7946,45.6378],[10.6596,45.8066],[10.5246,45.7391],[10.4571,46.2116],[10.5583,46.3129],[10.5583,46.7179],[10.4543,46.8263],[10.47,46.8552],[10.4901,46.9381],[10.3895,47.001],[10.3656,46.9878],[10.1041,46.8442],[9.8758,46.9382],[9.8762,46.9451],[9.8799,47.0202],[9.8011,47.0326],[9.6465,47.057],[9.602,47.064],[9.5847,47.0631],[9.4734,47.0575],[9.5165,47.2156],[9.5302,47.266],[9.6723,47.3833],[9.5625,47.5],[9.5984,47.4873],[9.6413,47.5071],[9.6478,47.4881],[9.6658,47.496],[9.6781,47.4888],[9.6992,47.5063],[9.7428,47.5046],[9.7524,47.5108],[9.7124,47.5506],[9.6803,47.5427],[9.6802,47.5563],[9.6655,47.5562],[9.7367,47.6161],[9.78,47.5666],[9.892,47.5635],[9.9383,47.5017],[10.0258,47.4801],[10.021,47.406],[10.138,47.3887],[10.1029,47.301],[10.1995,47.301],[10.4031,47.4554],[10.3883,47.579],[10.4954,47.5604],[10.6132,47.5852],[10.8348,47.545],[10.8766,47.4801],[10.9029,47.4152],[11.1703,47.4245],[11.34,47.4708],[11.3598,47.5295],[11.5034,47.5357],[11.5596,47.613],[12.122,47.6284],[12.1633,47.7088],[12.3582,47.7243],[12.4461,47.6624],[12.7001,47.6902],[12.7654,47.6377],[12.7437,47.5635],[12.942,47.4832],[12.9789,47.5079],[13.023,47.6624],[12.9981,47.7335],[12.8475,47.7397],[12.9363,47.8727],[12.6942,48.1294],[12.8582,48.2316],[13.2936,48.3647],[13.3667,48.4421],[13.3841,48.5939],[13.4437,48.6063],[13.64,48.5382],[13.9467,48.6551],[13.7455,48.9399],[13.6521,48.9561],[13.5782,49.0369],[13.4797,48.9992],[13.3969,49.0895],[13.2031,49.1662],[12.9453,49.3979],[12.8608,49.3656],[12.6458,49.4846],[12.5363,49.5626],[12.5197,49.6676],[12.4483,49.7061],[12.4844,49.8888],[12.2135,50.0089],[12.1278,50.1518],[12.0849,50.1518],[12.0837,50.2617],[12.1523,50.2416],[12.1773,50.1917],[12.2022,50.2397],[12.4616,50.3981],[12.5939,50.3836],[12.7837,50.4741],[12.9823,50.4741],[13.0175,50.5555],[13.1894,50.561],[13.233,50.6638],[13.3942,50.6913],[13.4733,50.6587],[13.5242,50.7565],[13.8548,50.7674],[13.9107,50.8435],[14.1465,50.8653],[14.2747,50.9088],[14.3888,50.9468],[14.2617,51.0447],[14.4578,51.0774],[14.5964,51.023],[14.6103,50.8979],[14.7648,50.8653],[14.8289,50.9169],[14.9973,50.9169],[15.0083,50.9849],[14.981,51.0175],[15.0093,51.0556],[15.267,51.023],[15.3088,50.906],[15.4722,50.8326],[15.5628,50.8213],[15.8183,50.7973],[15.8775,50.7158],[16.0029,50.7321],[16.0009,50.656],[16.2102,50.6859],[16.2378,50.7158],[16.3531,50.7049],[16.4428,50.6234],[16.3986,50.5691],[16.3047,50.5583],[16.2044,50.4632],[16.4514,50.352],[16.585,50.1812],[16.728,50.1486],[16.8271,50.2327],[17.0115,50.2869],[16.8844,50.4225],[16.8856,50.4877],[17.0144,50.4768],[17.2433,50.39],[17.3597,50.3357],[17.6788,50.3383],[17.5971,50.211],[17.7456,50.2489],[17.7447,50.1351],[17.7507,50.036],[17.8825,50.0301],[18.048,50.1026],[18.1878,50.0213],[18.5487,49.9617],[18.54,49.85],[18.6247,49.7566],[18.7963,49.7134],[18.7691,50.177],[18.7456,50.266],[19.5979,49.9541],[19.7723,50.1984],[20.0165,50.1984],[20.1212,50.303],[20.4701,50.303],[20.5747,50.4775],[21.098,50.4775],[21.6563,50.7915],[22.0051,51.1054],[22.3191,51.1054],[22.1796,51.0008],[23.0169,50.9798],[23.0448,50.7845],[23.3239,50.9519],[23.296,51.4822],[23.6867,51.6218],[23.8821,51.3985],[23.9658,51.3148],[24.0496,51.5101],[24.217,51.5101],[24.3008,51.1752],[24.5241,51.1194],[24.552,50.8682],[24.8032,50.8124],[24.9427,50.9519],[25.1381,50.924],[25.473,50.5054],[25.6684,50.4495],[25.7521,50.5333],[26.1149,50.6449],[26.087,49.6681],[26.0817,49.1296],[26.1627,48.9406],[26.3597,48.125],[26.1235,48.125],[26.1235,47.8549],[25.7859,47.9562],[25.3809,47.8549],[25.2459,47.6862],[25.6847,47.6187],[26.2922,47.2136],[26.191,46.8086],[25.8534,46.6736],[25.6509,46.4036],[25.4484,46.3023],[25.5159,45.796],[24.9421,45.9648],[24.4021,45.8973],[24.0646,46.0998],[23.7946,46.0661],[23.5583,45.8973],[23.2545,46.0661],[23.0182,45.8635],[22.4782,45.7285],[22.3953,45.2727],[22.3432,44.986]]]]}},{"type":"Feature","properties":{"name":"Austrian Netherlands","label":[4.6228,50.6455],"flaechen":1,"minzoom":6},"geometry":{"type":"MultiPolygon","coordinates":[[[[2.5221,51.0911],[2.9953,51.3135],[3.2136,51.3536],[3.472,51.3144],[3.6813,51.3214],[3.775,51.3877],[3.9895,51.3437],[4.173,51.3249],[4.4067,51.3401],[4.3954,51.4109],[4.5331,51.4055],[4.6711,51.4055],[4.7914,51.4872],[4.9321,51.3782],[5.0101,51.4327],[5.1125,51.4055],[5.2437,51.2366],[5.4844,51.2856],[5.8239,51.1168],[5.7742,50.9264],[5.6968,50.8829],[5.6971,50.7307],[5.9996,50.7416],[6.1545,50.6618],[6.2814,50.4976],[6.2984,50.2869],[6.1085,50.1175],[6.0074,50.15],[5.9438,50.1138],[5.8338,50.0474],[5.7379,49.9025],[5.7451,49.7553],[5.8844,49.6635],[5.8235,49.5071],[5.7878,49.5587],[5.4754,49.4801],[5.4181,49.5826],[5.2513,49.6743],[5.0977,49.7607],[4.8599,49.7822],[4.8771,49.8848],[4.8116,49.9658],[4.8654,50.1337],[4.7549,50.1012],[4.6681,49.9604],[4.4675,49.9447],[4.2846,49.911],[4.1563,49.9658],[4.1885,50.0549],[4.1478,50.1337],[4.2196,50.2422],[4.0509,50.3181],[3.7915,50.3398],[3.675,50.3344],[3.6034,50.47],[3.3703,50.4646],[3.2828,50.5243],[3.1919,50.7307],[3.1228,50.8071],[2.9383,50.7138],[2.8751,50.6818],[2.7555,50.7392],[2.6157,50.8902],[2.5221,51.0911]]]]}},{"type":"Feature","properties":{"name":"Baden","label":[8.3932,48.5864],"flaechen":1,"minzoom":6},"geometry":{"type":"MultiPolygon","coordinates":[[[[8.4828,47.7357],[8.4073,47.6744],[8.6094,47.6717],[8.5838,47.5959],[8.4086,47.6077],[8.2171,47.6207],[8.1957,47.6171],[7.6911,47.5339],[7.64,47.5626],[7.6665,47.5798],[7.6998,47.6015],[7.5982,47.5904],[7.5825,47.5787],[7.5066,47.6037],[7.446,47.7088],[7.5431,48.0242],[7.5021,48.0583],[7.536,48.1913],[7.6806,48.3585],[7.7046,48.5196],[7.7291,48.6156],[8.1583,48.9783],[8.4833,49.2938],[8.3104,49.5531],[8.5121,49.5243],[8.5986,49.3802],[8.6562,49.5531],[8.7207,49.5531],[8.7415,49.398],[8.8041,49.3563],[8.9292,49.3563],[8.9709,49.3355],[8.9083,49.2729],[8.9709,49.2729],[9.0751,49.2729],[9.0751,49.3772],[9.1585,49.398],[9.2211,49.5231],[9.3254,49.5231],[9.3045,49.6274],[9.4088,49.6691],[9.4713,49.6482],[9.5964,49.6482],[9.5964,49.6065],[9.6381,49.5857],[9.6378,49.2939],[9.6378,49.2729],[9.4713,49.2104],[9.4278,49.0949],[9.2613,49.0632],[8.8867,48.7751],[8.8579,48.7174],[8.7427,48.8327],[8.3681,48.4869],[8.0223,48.4581],[8.3969,47.9106],[8.5121,48.1123],[8.5943,47.8894],[8.6351,47.7786],[8.6325,47.7778],[8.5718,47.8081],[8.4828,47.7357]]]]}},{"type":"Feature","properties":{"name":"Batavian Republic","label":[5.6129,52.2327],"flaechen":7,"minzoom":6},"geometry":{"type":"MultiPolygon","coordinates":[[[[6.7268,52.5583],[6.7136,52.4757],[6.9119,52.4155],[6.9969,52.4429],[7.069,52.3663],[7.0682,52.2726],[7.0677,52.2186],[6.8822,52.1257],[6.8246,51.9564],[6.6804,51.8878],[6.3814,51.8199],[6.2114,51.8799],[6.1327,51.8384],[5.9794,51.8035],[5.9479,51.7217],[6.1169,51.6399],[6.1538,51.5207],[6.2223,51.3891],[6.1796,51.3223],[6.0892,51.1985],[6.1762,51.1441],[6.0702,51.0842],[5.9642,51.0243],[5.9279,50.9808],[6.0097,50.9645],[6.0739,50.8666],[5.9996,50.7416],[5.6971,50.7307],[5.6968,50.8829],[5.7742,50.9264],[5.8239,51.1168],[5.4844,51.2856],[5.2437,51.2366],[5.1125,51.4055],[5.0101,51.4327],[4.9321,51.3782],[4.7914,51.4872],[4.6711,51.4055],[4.5331,51.4055],[4.3954,51.4109],[4.4067,51.3401],[4.173,51.3249],[3.9895,51.3437],[3.775,51.3877],[3.5731,51.4444],[3.4525,51.5211],[3.8781,51.7917],[4.2644,52.0709],[4.3872,52.2304],[4.641,52.7557],[4.7739,52.9647],[4.8875,52.8961],[5.0353,52.9432],[5.1356,52.7516],[5.207,52.7575],[5.3167,52.7182],[5.1326,52.6264],[5.02,52.6315],[5.0698,52.5204],[5.0357,52.3337],[5.5557,52.5873],[5.5469,52.6787],[5.6534,52.7498],[5.5764,52.7599],[5.3257,52.7904],[5.358,52.9377],[5.3428,52.9963],[5.3321,53.0114],[5.3895,53.1386],[5.5992,53.3003],[5.8908,53.3822],[6.2969,53.4019],[6.7775,53.4592],[6.9017,53.3503],[7.1897,53.2301],[7.1599,53.164],[7.228,52.9667],[7.0729,52.8043],[7.0348,52.6235],[6.7781,52.6399],[6.7268,52.5583]]],[[[6.6611,53.5986],[6.6631,53.6008],[6.6694,53.6039],[6.7475,53.6186],[6.7586,53.6189],[6.7722,53.6167],[6.8042,53.6044],[6.8064,53.6022],[6.8047,53.6006],[6.7994,53.6011],[6.7967,53.6022],[6.7753,53.6022],[6.7531,53.5983],[6.7492,53.5972],[6.7256,53.5869],[6.7231,53.585],[6.7269,53.5806],[6.7469,53.5603],[6.6906,53.5675],[6.6733,53.5714],[6.6639,53.5758],[6.66,53.5803],[6.6583,53.5861],[6.6586,53.593],[6.6611,53.5986]]],[[[4.8858,53.1817],[4.9122,53.1419],[4.9122,53.0986],[4.9089,53.0906],[4.9033,53.0842],[4.8767,53.0569],[4.8586,53.0392],[4.8047,53.0069],[4.7875,52.9989],[4.7647,52.9903],[4.7536,52.9886],[4.7386,52.9897],[4.7278,52.993],[4.7206,52.9978],[4.7158,53.0039],[4.7083,53.0206],[4.7067,53.0358],[4.7081,53.0444],[4.7139,53.0561],[4.7217,53.0661],[4.7433,53.0861],[4.8533,53.1814],[4.8597,53.1858],[4.8689,53.1883],[4.8792,53.1864],[4.8833,53.1842],[4.8858,53.1817]]],[[[5.1047,53.3067],[5.1064,53.3033],[5.1039,53.3],[4.9572,53.2378],[4.8897,53.2108],[4.8831,53.2119],[4.88,53.2144],[4.8811,53.2192],[4.8833,53.2225],[4.8931,53.2308],[4.9122,53.2425],[4.9647,53.2708],[4.9894,53.2833],[5.0022,53.2892],[5.0117,53.2925],[5.0547,53.3047],[5.0794,53.3108],[5.0939,53.31],[5.0997,53.3086],[5.1047,53.3067]]],[[[5.5797,53.4508],[5.5819,53.4478],[5.5797,53.4425],[5.5775,53.4392],[5.5742,53.4361],[5.5706,53.4336],[5.5611,53.4303],[5.3533,53.3811],[5.3114,53.3717],[5.2131,53.35],[5.2006,53.3494],[5.1867,53.3497],[5.175,53.3525],[5.1686,53.3578],[5.1672,53.3611],[5.1667,53.365],[5.1689,53.3739],[5.1711,53.3775],[5.18,53.3811],[5.2181,53.3939],[5.2281,53.3967],[5.5397,53.4494],[5.5567,53.4519],[5.5747,53.4528],[5.5797,53.4508]]],[[[5.7486,53.4442],[5.7372,53.4425],[5.6839,53.4253],[5.6625,53.4264],[5.65,53.4292],[5.6378,53.4358],[5.6331,53.4417],[5.6325,53.4455],[5.6333,53.4481],[5.6536,53.4697],[5.6575,53.4722],[5.6631,53.4731],[5.6689,53.4717],[5.6744,53.4664],[5.6992,53.4628],[5.7206,53.4617],[5.805,53.4639],[5.8547,53.4669],[5.905,53.4697],[5.9372,53.4706],[5.9514,53.4689],[5.9556,53.4667],[5.9561,53.4628],[5.9481,53.4586],[5.8114,53.4389],[5.7983,53.4386],[5.7772,53.4406],[5.7714,53.4422],[5.7486,53.4442]]],[[[6.3394,53.505],[6.3411,53.5028],[6.3403,53.5003],[6.3375,53.4986],[6.2725,53.4844],[6.2347,53.4764],[6.2256,53.475],[6.1631,53.4717],[6.1528,53.4672],[6.135,53.4536],[6.1303,53.4536],[6.1264,53.4583],[6.1164,53.4719],[6.1172,53.475],[6.1194,53.4772],[6.1361,53.4914],[6.1447,53.4964],[6.1489,53.4975],[6.1581,53.4992],[6.3033,53.5114],[6.3147,53.5111],[6.3325,53.508],[6.3394,53.505]]]]}},{"type":"Feature","properties":{"name":"Bavaria","label":[12.134,48.5874],"flaechen":1,"minzoom":6},"geometry":{"type":"MultiPolygon","coordinates":[[[[12.2135,50.0089],[12.4844,49.8888],[12.4483,49.7061],[12.5197,49.6676],[12.5363,49.5626],[12.6458,49.4846],[12.8608,49.3656],[12.9453,49.3979],[13.2031,49.1662],[13.3969,49.0895],[13.4797,48.9992],[13.5782,49.0369],[13.6521,48.9561],[13.7455,48.9399],[13.9467,48.6551],[13.64,48.5382],[13.4437,48.6063],[13.3841,48.5939],[13.3667,48.4421],[13.2936,48.3647],[12.8582,48.2316],[12.6942,48.1294],[12.9363,47.8727],[12.8475,47.7397],[12.9981,47.7335],[13.023,47.6624],[12.9789,47.5079],[12.942,47.4832],[12.7437,47.5635],[12.7654,47.6377],[12.7001,47.6902],[12.4461,47.6624],[12.3582,47.7243],[12.1633,47.7088],[12.122,47.6284],[11.5596,47.613],[11.5034,47.5357],[11.3598,47.5295],[11.34,47.4708],[11.1703,47.4245],[10.9029,47.4152],[10.8766,47.4801],[10.8348,47.545],[10.9087,48.3412],[10.9202,48.787],[10.8173,48.7756],[10.7144,48.707],[10.6001,48.6613],[10.5315,48.8328],[10.6458,48.7985],[10.8973,48.8328],[10.8744,48.9814],[11.1031,48.9699],[11.2974,48.8899],[11.446,48.8785],[11.6518,49.0385],[11.6404,49.29],[11.5718,49.3358],[11.6518,49.3701],[11.6861,49.7588],[11.9605,49.7931],[11.9719,49.8502],[11.9376,49.8616],[11.9376,49.8845],[11.8805,49.8845],[11.8919,49.9645],[11.9148,49.9645],[12.1034,49.9033],[12.2135,50.0089]]]]}},{"type":"Feature","properties":{"name":"Bremen","label":[8.6399,53.0996],"flaechen":1,"minzoom":8},"geometry":{"type":"MultiPolygon","coordinates":[[[[8.5578,53.1576],[8.6199,53.168],[8.744,53.0852],[8.6602,53.0265],[8.5764,53.0766],[8.5578,53.1576]]]]}},{"type":"Feature","properties":{"name":"Brunswick","label":[9.5881,51.6791],"flaechen":2,"minzoom":8},"geometry":{"type":"MultiPolygon","coordinates":[[[[9.8231,51.5545],[9.7836,51.5599],[9.7245,51.6225],[9.5546,51.637],[9.4722,51.644],[9.3511,51.5982],[9.3254,51.5885],[9.3254,51.5803],[9.1613,51.5442],[9.1729,51.6254],[9.1818,51.6878],[9.1613,51.7289],[9.2126,51.7391],[9.1921,51.8007],[9.2429,51.8059],[9.2429,51.8829],[9.2869,51.9049],[9.3089,51.8279],[9.2979,51.7399],[9.3309,51.7399],[9.3969,51.7289],[9.4299,51.7729],[9.4739,51.7509],[9.4629,51.6959],[9.5839,51.6739],[9.7269,51.7179],[9.7709,51.7839],[9.8259,51.8059],[9.9249,51.6739],[10.0348,51.6959],[10.0678,51.7179],[10.1228,51.7179],[10.1228,51.7069],[10.1668,51.7069],[10.2108,51.6629],[10.1514,51.6365],[10.0796,51.6263],[10.0796,51.6365],[10.0488,51.6468],[10.0283,51.6468],[10.018,51.6571],[9.9873,51.6571],[9.9565,51.616],[9.9873,51.5955],[9.9873,51.5647],[9.9462,51.5852],[9.9154,51.6365],[9.9052,51.616],[9.8641,51.616],[9.8539,51.5545],[9.8231,51.5545]]],[[[10.1617,51.4724],[10.1519,51.5116],[10.1963,51.5267],[10.2016,51.5642],[10.1802,51.5964],[10.2177,51.6125],[10.2338,51.5803],[10.3252,51.5752],[10.3517,51.6125],[10.3892,51.591],[10.4267,51.6125],[10.416,51.6554],[10.4535,51.6768],[10.475,51.65],[10.5178,51.6768],[10.5386,51.663],[10.5714,51.6232],[10.5286,51.6018],[10.55,51.575],[10.491,51.5535],[10.4864,51.5038],[10.4751,51.5061],[10.4696,51.4892],[10.2884,51.5185],[10.2338,51.4785],[10.2552,51.4303],[10.1617,51.4724]]]]}},{"type":"Feature","properties":{"name":"Cuxhaven","label":[8.5513,53.7746],"flaechen":1,"minzoom":8},"geometry":{"type":"MultiPolygon","coordinates":[[[[8.5162,53.761],[8.5395,53.8007],[8.5856,53.7931],[8.5619,53.7453],[8.5162,53.761]]]]}},{"type":"Feature","properties":{"name":"Denmark-Norway","label":[8.51,59.793],"flaechen":4,"minzoom":5},"geometry":{"type":"MultiPolygon","coordinates":[[[[12.4296,61.0],[12.174,60.9564],[12.431,60.6258],[12.548,60.4339],[12.4359,60.2781],[12.4228,60.0388],[12.077,59.8659],[11.8906,59.86],[11.8379,59.6696],[11.6103,59.5686],[11.7089,59.1949],[11.5633,58.8631],[11.3786,58.8571],[11.3108,59.0111],[11.1789,59.0703],[11.1121,59.1651],[10.8292,59.1058],[10.7689,59.1177],[10.6568,59.2244],[10.5493,59.3786],[10.6336,59.4499],[10.5697,59.5805],[10.4071,59.4973],[10.3786,59.3667],[10.4296,59.26],[10.3633,59.2125],[10.2111,59.0703],[10.1723,58.9874],[9.9376,58.94],[9.6976,58.9992],[9.3462,58.8453],[9.3716,58.7861],[9.1459,58.6561],[8.9217,58.5379],[8.1752,58.172],[8.1537,58.0895],[8.0302,58.066],[7.9084,58.066],[6.9586,57.9717],[6.8742,58.0778],[6.7257,58.1367],[6.6437,58.0424],[6.4791,58.0895],[6.6517,58.172],[6.2313,58.2782],[5.8738,58.4316],[5.6155,58.4552],[5.3997,58.7152],[5.531,58.8808],[5.4746,58.9755],[5.6275,58.9637],[5.6658,58.8216],[5.7937,58.9163],[6.0936,58.798],[5.9837,58.8867],[6.0412,58.9518],[6.2661,58.9933],[6.0505,58.9814],[5.9404,58.9341],[5.8223,59.017],[5.7719,59.0762],[6.0326,59.2007],[6.2375,59.2837],[6.0203,59.254],[5.8775,59.3134],[6.0763,59.4202],[6.1134,59.527],[5.8159,59.3134],[5.7995,59.432],[5.6805,59.5092],[5.6829,59.4142],[5.7171,59.3371],[5.5285,59.2659],[5.3438,59.2659],[5.3503,59.3905],[5.2826,59.2718],[5.1766,59.3074],[5.0866,59.5092],[5.3826,59.7113],[5.4186,59.5152],[5.4493,59.6578],[5.6462,59.5865],[5.7411,59.628],[5.6666,59.6756],[5.9699,59.7113],[6.1854,59.8243],[5.9105,59.7529],[5.694,59.7529],[5.5433,59.8243],[5.6317,59.8838],[5.8058,59.9493],[5.8941,60.1613],[5.5246,60.1675],[5.2791,60.1253],[5.0962,60.2641],[5.2618,60.3271],[5.5511,60.5089],[5.4558,60.5924],[5.2552,60.5641],[5.0755,60.5917],[4.9804,60.6892],[5.1085,60.9061],[5.3274,61.0]]],[[[8.3589,57.0227],[8.534,57.1406],[8.6613,57.1041],[8.9599,57.1322],[9.3024,57.1658],[9.4487,57.2276],[9.8493,57.5818],[10.2895,57.6719],[10.3901,57.6606],[10.4795,57.7591],[10.5581,57.7451],[10.4012,57.5059],[10.4507,57.458],[10.4628,57.2417],[10.3333,57.1715],[10.2566,57.0059],[9.503,56.9751],[9.3338,57.0227],[9.1412,57.0087],[9.0785,57.0368],[8.9709,57.0003],[8.847,56.9863],[8.7781,56.7985],[8.666,56.7005],[8.5071,56.6473],[8.4709,56.5969],[8.3682,56.6669],[8.1835,56.7985],[8.3589,57.0227]]],[[[11.9073,55.0213],[11.7672,55.176],[11.5848,55.1622],[11.2854,55.1886],[11.2301,55.3368],[11.1019,55.6337],[11.2963,55.6746],[11.5677,55.8848],[11.7281,55.6619],[11.9625,55.5813],[12.0526,55.7031],[12.088,55.967],[12.2377,55.9876],[12.444,55.9677],[12.4692,55.7106],[12.4091,55.5483],[12.3444,55.5077],[12.1584,55.3791],[12.4297,55.2447],[12.3014,55.1703],[12.077,54.9947],[11.9696,54.9542],[11.9073,55.0213]]],[[[8.6451,55.069],[8.5596,55.3561],[8.4813,55.3492],[8.319,55.4811],[8.214,55.3986],[8.0346,55.4759],[8.1251,55.6358],[8.32,55.7677],[8.317,55.8489],[8.1166,56.0923],[8.1245,56.2075],[8.1834,56.4315],[8.3088,56.4792],[8.4522,56.4116],[8.6749,56.3577],[8.8686,56.6161],[9.0027,56.6572],[9.1359,56.4604],[9.3119,56.4811],[9.3221,56.7189],[9.3701,56.8823],[9.8346,56.8899],[10.2162,56.8498],[10.2297,56.6051],[10.3138,56.4695],[10.8258,56.4433],[10.8887,56.3687],[10.7507,56.0973],[10.4961,56.0336],[10.4425,56.1509],[10.2934,56.1371],[10.1752,56.0759],[10.2299,55.9509],[10.1471,55.7649],[10.0071,55.7304],[9.9757,55.6203],[9.6901,55.6049],[9.7607,55.5017],[9.6302,55.4594],[9.5439,55.3513],[9.5166,55.2231],[9.5178,55.1287],[9.421,54.9765],[9.496,54.9383],[9.6103,54.88],[9.8644,54.7263],[9.9867,54.5924],[9.978,54.4901],[9.8648,54.4114],[10.0649,54.4339],[10.1417,54.3368],[9.8848,54.2541],[9.8267,54.2759],[9.7394,54.2759],[9.674,54.1887],[9.4487,54.1887],[9.4414,54.2468],[9.296,54.2468],[9.2597,54.305],[9.2161,54.2904],[9.1652,54.3195],[9.1361,54.2977],[9.0562,54.3486],[8.9617,54.2759],[8.884,54.2294],[8.5807,54.1937],[8.5539,54.2754],[8.8524,54.3316],[8.9506,54.4186],[8.7421,54.6078],[8.596,54.7614],[8.6161,54.8874],[8.6451,55.069]]]]}},{"type":"Feature","properties":{"name":"Fivizzano","label":[10.104,44.3049],"flaechen":1,"minzoom":8},"geometry":{"type":"MultiPolygon","coordinates":[[[[10.0565,44.3804],[10.1271,44.3569],[10.1717,44.3123],[10.1407,44.2192],[10.0372,44.2916],[10.0565,44.3804]]]]}},{"type":"Feature","properties":{"name":"France","label":[2.3553,46.6077],"flaechen":4,"minzoom":4},"geometry":{"type":"MultiPolygon","coordinates":[[[[6.0497,46.143],[6.1447,46.1544],[6.1079,46.1255],[6.0497,46.143]]],[[[6.1079,46.5759],[6.1626,46.5456],[6.0689,46.4169],[6.1753,46.3678],[5.9886,46.1614],[5.9415,46.1755],[5.9345,46.0263],[5.8604,46.0263],[5.9469,45.8162],[5.8975,45.7421],[5.9222,45.6557],[5.9098,45.5074],[5.8481,45.5198],[5.8234,45.3962],[5.9345,45.3221],[5.9469,45.2604],[6.0581,45.2233],[6.0334,45.3345],[6.0828,45.3715],[6.1445,45.3221],[6.2187,45.3468],[6.2681,45.3221],[6.2434,45.2974],[6.2804,45.1986],[6.5073,45.1157],[6.6653,44.9545],[6.9426,44.8687],[7.0035,44.7195],[6.9247,44.715],[6.7829,44.5479],[6.8698,44.3492],[6.7869,44.2968],[6.7869,44.198],[6.8363,44.1115],[6.8857,44.1486],[6.9351,44.1362],[6.9722,44.0621],[6.9969,44.0497],[6.9228,43.9756],[6.9598,43.9139],[6.8857,43.9015],[6.9228,43.815],[7.3552,43.9015],[7.3971,43.7641],[7.2976,43.6673],[6.9231,43.4477],[6.523,43.1509],[6.3312,43.1119],[6.1878,43.0923],[5.8286,43.0208],[5.6466,43.0333],[5.4345,43.1037],[5.0518,43.3281],[4.9098,43.3664],[4.7506,43.3533],[4.6465,43.3209],[4.4168,43.3461],[4.0782,43.4871],[3.8075,43.4672],[3.4787,43.3121],[3.3179,43.196],[3.0679,42.9446],[3.0019,42.7708],[3.0459,42.5395],[3.0871,42.3686],[2.9365,42.4096],[2.5993,42.3481],[2.5815,42.2867],[2.3632,42.2935],[2.1711,42.3823],[1.9937,42.3072],[1.8761,42.314],[1.8601,42.3823],[1.7092,42.4233],[1.6166,42.4096],[1.4482,42.3755],[1.3644,42.4096],[1.3487,42.5395],[1.3075,42.6352],[0.7442,42.7719],[0.5841,42.7719],[0.5919,42.6283],[0.3478,42.6352],[0.1963,42.6078],[0.1796,42.6625],[-0.1656,42.6488],[-0.2037,42.7003],[-0.2161,42.7172],[-0.4099,42.7856],[-0.4688,42.7514],[-0.5868,42.7651],[-0.612,42.7309],[-0.84,42.9087],[-0.9074,42.8813],[-1.3973,43.0318],[-1.4476,42.9839],[-1.5151,42.9976],[-1.5577,43.0454],[-1.4657,43.1549],[-1.4914,43.2096],[-1.7024,43.1959],[-1.9146,43.3054],[-1.7461,43.3602],[-1.5614,43.5244],[-1.3144,44.559],[-1.1358,44.6001],[-1.2303,44.7304],[-1.3318,44.6138],[-1.2755,45.1287],[-1.1752,45.5005],[-1.1234,45.4316],[-0.9004,45.2939],[-0.8142,45.1218],[-0.7285,45.0186],[-0.8547,45.3214],[-1.1384,45.5832],[-1.2474,45.6881],[-1.2365,45.8],[-1.0752,46.0146],[-1.166,46.1837],[-1.2561,46.3068],[-1.4027,46.4039],[-1.7107,46.4488],[-1.9425,46.7058],[-2.1297,46.8508],[-2.0046,47.0425],[-2.1095,47.124],[-2.2637,47.1829],[-2.4937,47.2469],[-2.5765,47.3249],[-2.4655,47.4944],[-2.6137,47.5722],[-2.8425,47.4919],[-3.0627,47.6039],[-3.4335,47.7168],[-3.7119,47.7981],[-3.8581,47.7918],[-3.9548,47.9043],[-4.3644,47.8293],[-4.3909,47.9418],[-4.5101,47.9981],[-4.6754,48.0169],[-4.7003,48.0638],[-4.3129,48.1013],[-4.351,48.2046],[-4.588,48.2515],[-4.3889,48.2984],[-4.3502,48.3905],[-4.4738,48.3829],[-4.592,48.3923],[-4.7796,48.3548],[-4.762,48.552],[-4.6257,48.5467],[-4.4883,48.6123],[-4.2515,48.6519],[-3.9989,48.7305],[-3.9022,48.646],[-3.8213,48.7211],[-3.6079,48.693],[-3.5577,48.8101],[-3.4351,48.8365],[-3.0912,48.8716],[-2.9145,48.7068],[-2.7905,48.5896],[-2.6364,48.552],[-2.3429,48.6741],[-2.2001,48.599],[-2.076,48.6562],[-1.8706,48.7117],[-1.8576,48.6084],[-1.5914,48.6375],[-1.4566,48.6836],[-1.5755,48.7681],[-1.5884,48.881],[-1.5634,49.0362],[-1.5798,49.229],[-1.639,49.2196],[-1.8915,49.5264],[-1.9413,49.7093],[-1.5242,49.6528],[-1.251,49.6999],[-1.2887,49.521],[-1.1771,49.3325],[-1.0232,49.3985],[-0.4649,49.3514],[-0.2394,49.2855],[-0.2037,49.2918],[0.0329,49.3337],[0.3308,49.455],[0.0904,49.5106],[0.1151,49.6023],[0.1894,49.681],[0.5286,49.8258],[0.8688,49.9072],[1.2745,50.0043],[1.4162,50.1098],[1.552,50.2288],[1.5283,50.5777],[1.5889,50.8219],[1.8236,50.9346],[2.0303,51.0067],[2.4426,51.048],[2.5221,51.0911],[2.6157,50.8902],[2.7555,50.7392],[2.8751,50.6818],[2.9383,50.7138],[3.1228,50.8071],[3.1919,50.7307],[3.2828,50.5243],[3.3703,50.4646],[3.6034,50.47],[3.675,50.3344],[3.7915,50.3398],[4.0509,50.3181],[4.2196,50.2422],[4.1478,50.1337],[4.1885,50.0549],[4.1563,49.9658],[4.2846,49.911],[4.4675,49.9447],[4.6681,49.9604],[4.7549,50.1012],[4.8654,50.1337],[4.8116,49.9658],[4.8771,49.8848],[4.8599,49.7822],[5.0977,49.7607],[5.2513,49.6743],[5.4181,49.5826],[5.4754,49.4801],[5.7878,49.5587],[5.8235,49.5071],[6.1123,49.4787],[6.368,49.4735],[6.433,49.4453],[6.6255,49.3018],[6.7772,49.1769],[6.9544,49.2017],[6.9747,49.1366],[7.285,49.1645],[7.3174,49.1862],[7.4228,49.1831],[7.4654,49.0993],[7.6705,49.059],[7.8857,49.0652],[8.1583,48.9783],[7.7291,48.6156],[7.7046,48.5196],[7.6806,48.3585],[7.536,48.1913],[7.5021,48.0583],[7.5431,48.0242],[7.446,47.7088],[7.5066,47.6037],[7.5825,47.5787],[7.4293,47.4638],[7.6056,47.4322],[7.4003,47.2475],[7.18,47.0927],[6.9859,46.9629],[6.6723,46.7971],[6.4523,46.8053],[6.4562,46.7751],[6.1079,46.5759]]],[[[6.1578,46.2494],[6.1573,46.2425],[6.1478,46.2067],[6.156,46.2085],[6.1544,46.2069],[6.1613,46.2061],[6.1793,46.2136],[6.1785,46.2149],[6.1979,46.2384],[6.1986,46.2422],[6.1973,46.2447],[6.2022,46.2638],[6.2161,46.2668],[6.2219,46.2731],[6.2231,46.2742],[6.2721,46.2819],[6.3156,46.2476],[6.1822,46.1588],[5.9627,46.1327],[6.1017,46.2863],[6.1232,46.2584],[6.1631,46.2647],[6.1597,46.2516],[6.1578,46.2494]]],[[[9.4055,42.5806],[9.4586,42.5561],[9.4867,42.4064],[9.4525,42.0483],[9.3575,41.9012],[9.3045,41.5753],[9.173,41.3499],[9.0389,41.3695],[9.0133,41.4577],[8.8288,41.492],[8.7269,41.5606],[8.8546,41.6537],[8.8233,41.688],[8.6269,41.7321],[8.7424,41.8816],[8.6928,41.9135],[8.5619,41.8816],[8.5379,41.9478],[8.5896,41.9576],[8.6683,42.0287],[8.6265,42.0973],[8.5107,42.1341],[8.5172,42.2077],[8.6284,42.2617],[8.5004,42.3598],[8.6093,42.4873],[8.879,42.6248],[9.0004,42.6346],[9.0184,42.691],[9.1495,42.7107],[9.2377,42.664],[9.2804,42.7279],[9.2705,42.8825],[9.3032,42.9832],[9.3671,42.9881],[9.4142,42.9095],[9.4322,42.7941],[9.4055,42.5806]]]]}},{"type":"Feature","properties":{"name":"Hamburg","label":[9.8931,53.5489],"flaechen":1,"minzoom":8},"geometry":{"type":"MultiPolygon","coordinates":[[[[9.943,53.5999],[10.0084,53.5127],[10.0738,53.5127],[10.1174,53.4764],[10.052,53.4836],[10.0229,53.4546],[9.7523,53.5032],[9.7903,53.5927],[9.7903,53.6944],[9.943,53.5999]]]]}},{"type":"Feature","properties":{"name":"Hanover","label":[9.7399,51.4891],"flaechen":1,"minzoom":8},"geometry":{"type":"MultiPolygon","coordinates":[[[[9.3511,51.5982],[9.4722,51.644],[9.5546,51.637],[9.7245,51.6225],[9.7836,51.5599],[9.8231,51.5545],[9.8539,51.5545],[9.8641,51.616],[9.9052,51.616],[9.9154,51.6365],[9.9462,51.5852],[9.9873,51.5647],[9.9873,51.5955],[9.9565,51.616],[9.9873,51.6571],[10.018,51.6571],[10.0283,51.6468],[10.0488,51.6468],[10.0796,51.6365],[10.0796,51.6263],[10.1514,51.6365],[10.1514,51.616],[10.1309,51.6058],[10.1802,51.5964],[10.2016,51.5642],[10.1963,51.5267],[10.1519,51.5116],[10.1617,51.4724],[10.1001,51.4519],[10.0899,51.4826],[9.977,51.4416],[9.977,51.4005],[9.8949,51.3903],[9.7923,51.339],[9.7307,51.3492],[9.6487,51.3082],[9.574,51.3104],[9.5944,51.2389],[9.4719,51.2593],[9.5025,51.3512],[9.4515,51.3818],[9.4208,51.4533],[9.4413,51.4941],[9.4106,51.5553],[9.38,51.5145],[9.3511,51.5982]]]]}},{"type":"Feature","properties":{"name":"Helvetic Republic","label":[8.3361,46.7797],"flaechen":1,"minzoom":6},"geometry":{"type":"MultiPolygon","coordinates":[[[[6.6723,46.7971],[6.9859,46.9629],[7.18,47.0927],[7.4003,47.2475],[7.6056,47.4322],[7.4293,47.4638],[7.5982,47.5904],[7.6998,47.6015],[7.64,47.5626],[7.6911,47.5339],[8.2171,47.6207],[8.5838,47.5959],[8.6094,47.6717],[8.4073,47.6744],[8.5718,47.8081],[8.8781,47.6556],[8.8648,47.6579],[8.8606,47.6571],[8.8598,47.6572],[8.8604,47.657],[8.86,47.657],[8.8633,47.6552],[8.8702,47.6525],[8.875,47.6531],[8.8819,47.6513],[8.884,47.6503],[8.8947,47.6442],[8.907,47.6443],[8.9105,47.6456],[8.9233,47.6484],[8.9266,47.6484],[8.9278,47.6494],[8.961,47.6568],[8.964,47.6586],[8.9707,47.6601],[8.9721,47.6633],[8.9746,47.6648],[9.0039,47.671],[9.0362,47.6727],[9.0435,47.6726],[9.0456,47.6732],[9.0548,47.6737],[9.065,47.6735],[9.0689,47.674],[9.0776,47.6704],[9.0831,47.6734],[9.0861,47.6732],[9.094,47.6686],[9.0963,47.666],[9.0986,47.666],[9.0991,47.6657],[9.1147,47.6655],[9.1382,47.6629],[9.1412,47.6651],[9.1449,47.665],[9.1827,47.6563],[9.1855,47.6551],[9.1912,47.648],[9.2606,47.6243],[9.3386,47.5922],[9.3824,47.5712],[9.3868,47.5443],[9.4374,47.5189],[9.4358,47.5065],[9.4662,47.4963],[9.4819,47.4817],[9.5299,47.4814],[9.561,47.5005],[9.5625,47.5],[9.6723,47.3833],[9.5302,47.266],[9.4734,47.0575],[9.602,47.064],[9.8799,47.0202],[9.8758,46.9382],[10.1041,46.8442],[10.3895,47.001],[10.4901,46.9381],[10.47,46.8552],[10.3791,46.6879],[10.491,46.6207],[10.4679,46.5463],[10.2928,46.5536],[10.2358,46.6379],[10.044,46.5459],[10.0396,46.4466],[10.1657,46.4098],[10.1288,46.2286],[10.0388,46.2341],[9.9531,46.3812],[9.5478,46.3051],[9.4599,46.3793],[9.4598,46.5106],[9.283,46.4992],[9.2485,46.2389],[9.0091,46.041],[8.9888,45.9752],[9.0877,45.9054],[9.0292,45.8239],[8.911,45.8351],[8.8968,45.9564],[8.7853,45.993],[8.8508,46.0787],[8.6133,46.1247],[8.4435,46.2511],[8.4374,46.4658],[8.0886,46.2678],[8.154,46.1457],[7.8733,45.9214],[7.5769,45.9911],[7.1957,45.8605],[7.0486,45.9239],[6.8763,46.0545],[6.9031,46.1254],[6.804,46.1368],[6.8637,46.2923],[6.7761,46.3622],[6.8094,46.3802],[6.8091,46.3937],[6.8569,46.3853],[6.8579,46.3882],[6.8639,46.3875],[6.8644,46.3955],[6.8665,46.3956],[6.8724,46.3934],[6.8876,46.3955],[6.9187,46.3952],[6.9191,46.3956],[6.9208,46.395],[6.9244,46.396],[6.9255,46.3962],[6.935,46.4099],[6.9275,46.4211],[6.9194,46.4295],[6.9132,46.4304],[6.9068,46.4402],[6.8938,46.4413],[6.8822,46.4439],[6.8815,46.4456],[6.8719,46.4482],[6.866,46.4476],[6.8641,46.4481],[6.8576,46.4534],[6.8568,46.4571],[6.8402,46.4614],[6.8387,46.4623],[6.8366,46.4681],[6.8363,46.4685],[6.8172,46.4698],[6.8031,46.4716],[6.7899,46.4738],[6.7803,46.4747],[6.7566,46.4867],[6.7494,46.4887],[6.744,46.4881],[6.7427,46.4886],[6.7266,46.4864],[6.7173,46.4898],[6.708,46.4958],[6.6819,46.5042],[6.6737,46.5052],[6.6612,46.5053],[6.601,46.5161],[6.5958,46.5192],[6.5916,46.5178],[6.5862,46.5159],[6.5627,46.5084],[6.5525,46.5083],[6.5355,46.5115],[6.5197,46.5166],[6.5165,46.5149],[6.5111,46.5159],[6.4486,46.4736],[6.4262,46.4668],[6.3995,46.4602],[6.3971,46.4614],[6.3896,46.4654],[6.3866,46.465],[6.3587,46.4622],[6.3551,46.4621],[6.3542,46.4616],[6.3469,46.4609],[6.2913,46.4227],[6.275,46.3918],[6.2646,46.3939],[6.2617,46.3921],[6.2589,46.3925],[6.2482,46.3861],[6.2353,46.3708],[6.2318,46.3679],[6.2181,46.3546],[6.2163,46.3486],[6.1714,46.2958],[6.1631,46.2647],[6.1232,46.2584],[6.1017,46.2863],[6.1753,46.3678],[6.0689,46.4169],[6.1626,46.5456],[6.1079,46.5759],[6.4562,46.7751],[6.4523,46.8053],[6.6723,46.7971]],[[8.6893,47.6958],[8.7035,47.6927],[8.717,47.6911],[8.7025,47.7143],[8.6997,47.7138],[8.6919,47.7118],[8.6921,47.7093],[8.681,47.7089],[8.6786,47.7122],[8.6668,47.7114],[8.6792,47.6977],[8.6696,47.6913],[8.6612,47.691],[8.6664,47.6856],[8.6893,47.6958]],[[8.967,45.969],[8.9694,45.9684],[8.9701,45.9676],[8.9739,45.9667],[8.9763,45.9751],[8.9739,45.9759],[8.9735,45.9776],[8.9734,45.9785],[8.9733,45.9803],[8.9734,45.9822],[8.9731,45.9837],[8.9682,45.986],[8.9644,45.9865],[8.9606,45.9792],[8.9588,45.97],[8.967,45.969]]]]}},{"type":"Feature","properties":{"name":"Hohenzollern","label":[8.5209,48.1571],"flaechen":1,"minzoom":8},"geometry":{"type":"MultiPolygon","coordinates":[[[[8.5943,47.8894],[8.5121,48.1123],[8.5116,48.1408],[8.2906,48.2815],[8.2906,48.3518],[8.5217,48.2915],[8.6121,48.2312],[8.6825,47.97],[8.5943,47.8894]]]]}},{"type":"Feature","properties":{"name":"Holstein","label":[9.8463,53.9853],"flaechen":1,"minzoom":6},"geometry":{"type":"MultiPolygon","coordinates":[[[[9.125,53.7905],[8.8571,53.867],[8.819,53.969],[8.9463,54.015],[8.8327,54.066],[8.7788,54.1324],[8.8533,54.1682],[8.884,54.2294],[8.9617,54.2759],[9.0562,54.3486],[9.1361,54.2977],[9.1652,54.3195],[9.2161,54.2904],[9.2597,54.305],[9.296,54.2468],[9.4414,54.2468],[9.4487,54.1887],[9.674,54.1887],[9.7394,54.2759],[9.8267,54.2759],[9.8848,54.2541],[10.1417,54.3368],[10.2129,54.3719],[10.3402,54.3623],[10.446,54.292],[10.6486,54.259],[11.0386,54.3133],[11.073,54.2196],[11.0414,54.1527],[11.0159,54.0967],[10.7167,53.9639],[10.7709,53.9309],[10.7006,53.918],[10.6489,54.0603],[10.5842,54.1249],[10.5713,54.0991],[10.5454,54.0215],[10.5768,53.8854],[10.3573,53.7598],[10.3573,53.6145],[10.1247,53.5927],[10.0738,53.6581],[9.943,53.5999],[9.7903,53.6944],[9.7903,53.5927],[9.7523,53.5032],[9.376,53.5708],[9.125,53.7905]]]]}},{"type":"Feature","properties":{"name":"Kingdom of Ireland","label":[-7.9088,53.4256],"flaechen":1,"minzoom":5},"geometry":{"type":"MultiPolygon","coordinates":[[[[-6.9634,55.2413],[-6.9968,55.172],[-6.6452,55.2064],[-6.4543,55.1865],[-6.2793,55.1397],[-6.1165,55.1602],[-6.0182,55.093],[-5.7849,54.7374],[-5.7637,54.657],[-5.7999,54.5229],[-5.6615,54.3222],[-5.7314,54.1749],[-5.9122,54.0274],[-6.0717,53.9736],[-6.2064,53.9567],[-6.3431,53.9396],[-6.4434,53.8994],[-6.335,53.786],[-6.1722,53.4392],[-6.0431,52.8931],[-6.0707,52.7666],[-6.2321,52.6133],[-6.3409,52.4271],[-6.406,52.2144],[-6.4892,52.1944],[-6.6168,52.2207],[-6.8939,52.2066],[-6.9617,52.1112],[-7.3724,52.0921],[-7.7506,52.0327],[-7.8616,51.9681],[-8.1588,51.8396],[-8.5652,51.6155],[-8.8478,51.5998],[-9.2433,51.4726],[-9.8191,51.4346],[-9.7952,51.6046],[-9.8354,51.8033],[-10.2169,51.7583],[-10.294,51.9776],[-9.9638,52.0921],[-10.4973,52.1017],[-10.4692,52.2066],[-9.8906,52.1944],[-9.8016,52.2411],[-9.784,52.3407],[-9.7357,52.4803],[-9.504,52.5405],[-9.1926,52.5545],[-9.1343,52.6809],[-9.6157,52.6366],[-9.4416,52.8333],[-9.5258,52.9046],[-9.3093,53.1153],[-8.997,53.1204],[-8.9236,53.1606],[-9.0017,53.3004],[-9.1582,53.2207],[-9.2974,53.2798],[-9.4407,53.2662],[-9.6167,53.3459],[-9.8029,53.3454],[-9.8848,53.2974],[-10.1598,53.3741],[-10.0211,53.5119],[-10.1514,53.5756],[-9.8096,53.6324],[-9.8724,53.7677],[-9.6965,53.8734],[-9.9129,53.9696],[-10.1785,53.9119],[-10.1597,54.1331],[-9.9888,54.2537],[-9.892,54.3256],[-9.4743,54.2413],[-9.3229,54.2751],[-9.0858,54.2582],[-8.5901,54.2028],[-8.6867,54.3641],[-8.3006,54.4893],[-8.2115,54.6339],[-8.8294,54.6339],[-8.76,54.7014],[-8.5037,54.7496],[-8.4763,54.8799],[-8.3454,55.0953],[-8.1183,55.1766],[-7.7562,55.2527],[-7.4265,55.2941],[-7.3339,55.3836],[-7.1116,55.3152],[-6.9634,55.2413]]]]}},{"type":"Feature","properties":{"name":"Kingdom of Sardinia","label":[7.5867,45.1229],"flaechen":2,"minzoom":5},"geometry":{"type":"MultiPolygon","coordinates":[[[[6.2479,46.3026],[6.2473,46.305],[6.2487,46.3056],[6.252,46.3015],[6.2705,46.3347],[6.3047,46.3662],[6.3225,46.368],[6.3452,46.368],[6.3609,46.3479],[6.3632,46.3473],[6.3642,46.3459],[6.3811,46.3423],[6.3892,46.34],[6.3897,46.3404],[6.3961,46.3391],[6.4507,46.3691],[6.4773,46.3756],[6.4814,46.386],[6.5118,46.4027],[6.5277,46.4006],[6.5451,46.3948],[6.5582,46.3965],[6.5628,46.3959],[6.7282,46.4078],[6.7493,46.4041],[6.8086,46.3908],[6.8092,46.3907],[6.8092,46.3891],[6.8094,46.3802],[6.7761,46.3622],[6.8393,46.3118],[6.8637,46.2923],[6.8553,46.2704],[6.804,46.1368],[6.9031,46.1254],[6.8763,46.0545],[6.9391,46.0068],[7.0405,45.9301],[7.0486,45.9239],[7.1957,45.8605],[7.5649,45.987],[7.5769,45.9911],[7.8071,45.937],[7.8733,45.9214],[8.154,46.1457],[8.0886,46.2678],[8.376,46.431],[8.4374,46.4658],[8.4435,46.2511],[8.5836,46.1467],[8.6133,46.1247],[8.6172,46.1239],[8.6219,46.1207],[8.6366,46.1173],[8.5497,46.0007],[8.4666,45.7682],[8.45,45.5192],[8.5829,45.2867],[8.8153,45.1705],[9.0478,45.1539],[9.1308,45.1207],[9.1308,44.7886],[9.2304,44.772],[9.2968,44.5395],[9.3633,44.5561],[9.3965,44.4399],[9.4795,44.4731],[9.5724,44.437],[9.7784,44.3569],[9.8282,44.2905],[9.878,44.2905],[9.8255,44.1525],[9.6919,44.2196],[9.157,44.3732],[8.8966,44.4372],[8.6717,44.4174],[8.1864,44.1264],[7.9795,43.9649],[7.6891,43.887],[7.5528,43.8675],[7.3971,43.7641],[7.3552,43.9015],[6.9228,43.815],[6.8857,43.9015],[6.9598,43.9139],[6.9228,43.9756],[6.9969,44.0497],[6.9722,44.0621],[6.9351,44.1362],[6.8857,44.1486],[6.8363,44.1115],[6.7869,44.198],[6.7869,44.2968],[6.8698,44.3492],[6.7829,44.5479],[6.9247,44.715],[7.0035,44.7195],[6.9426,44.8687],[6.6653,44.9545],[6.5073,45.1157],[6.2804,45.1986],[6.2434,45.2974],[6.2681,45.3221],[6.2187,45.3468],[6.1445,45.3221],[6.0828,45.3715],[6.0334,45.3345],[6.0581,45.2233],[5.9469,45.2604],[5.9345,45.3221],[5.8234,45.3962],[5.8481,45.5198],[5.9098,45.5074],[5.9222,45.6557],[5.8975,45.7421],[5.9469,45.8162],[5.8604,46.0263],[5.9345,46.0263],[5.9415,46.1755],[5.9886,46.1614],[5.9627,46.1327],[6.0497,46.143],[6.1079,46.1255],[6.1447,46.1544],[6.1822,46.1588],[6.3156,46.2476],[6.2898,46.268],[6.2721,46.2819],[6.2605,46.2911],[6.2721,46.2819],[6.2231,46.2742],[6.2423,46.291],[6.2479,46.3026]]],[[[8.8196,38.9769],[8.6961,38.9958],[8.5824,39.0658],[8.4172,39.2122],[8.3742,39.3078],[8.465,39.6399],[8.5085,39.9465],[8.488,40.2088],[8.4282,40.4649],[8.2016,40.663],[8.1595,40.7847],[8.2407,40.8553],[8.4056,40.8621],[8.7661,40.8628],[8.9184,40.94],[9.3062,41.1844],[9.5909,40.9029],[9.7937,40.5637],[9.7878,40.442],[9.6957,40.3137],[9.6308,40.0959],[9.698,39.6935],[9.6483,39.4572],[9.4789,39.1442],[9.2963,39.2331],[9.0625,39.2199],[8.9985,39.1751],[8.9314,39.0537],[8.8196,38.9769]]]]}},{"type":"Feature","properties":{"name":"Kingdom of the Two Sicilies","label":[15.7481,40.6354],"flaechen":2,"minzoom":5},"geometry":{"type":"MultiPolygon","coordinates":[[[[14.0764,42.6338],[14.0928,42.6095],[14.4049,42.3531],[14.5193,42.2297],[14.72,42.1418],[14.7385,42.0472],[14.9224,41.9718],[15.4486,41.8567],[16.0128,41.9043],[16.1874,41.8409],[16.1984,41.7457],[15.9891,41.6346],[15.8733,41.5021],[15.991,41.4061],[16.4203,41.2787],[16.946,41.0938],[17.3193,40.9293],[18.0339,40.5967],[18.0599,40.5135],[18.3836,40.3078],[18.5226,40.0941],[18.4337,39.8984],[18.3649,39.7467],[18.1601,39.8731],[18.0171,39.9479],[17.9677,40.1669],[17.8496,40.2435],[17.6191,40.2878],[17.4017,40.2919],[17.2042,40.3979],[17.2428,40.4958],[17.0841,40.5251],[16.9487,40.4811],[16.8441,40.3631],[16.7276,40.1836],[16.6044,40.0899],[16.6239,39.9678],[16.535,39.8316],[16.5321,39.6975],[16.874,39.5437],[17.1491,39.4218],[17.1074,39.2805],[17.121,39.086],[17.1807,39.0222],[17.0947,38.915],[16.7977,38.9259],[16.6133,38.8273],[16.5222,38.725],[16.572,38.4571],[16.3307,38.3207],[16.0529,37.9312],[15.7852,37.9097],[15.7102,37.9414],[15.6275,38.0042],[15.6266,38.2331],[15.7909,38.2964],[15.9335,38.5399],[15.8273,38.6227],[15.9898,38.7348],[16.1522,38.7013],[16.2122,38.778],[16.1772,38.931],[16.0826,39.0125],[15.9896,39.4284],[15.8247,39.6606],[15.757,39.9336],[15.6662,40.0919],[15.5159,40.0659],[15.432,39.989],[15.0273,40.2122],[14.8987,40.2415],[14.9923,40.3722],[14.951,40.5515],[14.7433,40.7048],[14.3341,40.5936],[14.3498,40.6425],[14.4946,40.73],[14.3703,40.8515],[14.24,40.8529],[14.0509,40.7675],[13.9419,40.998],[13.8525,41.091],[13.797,41.1934],[13.7605,41.2067],[13.8132,41.3183],[13.9792,41.3349],[13.9958,41.3515],[14.029,41.4013],[13.9626,41.4677],[13.9626,41.5176],[13.9294,41.6338],[13.8796,41.6338],[13.8796,41.667],[13.9294,41.75],[13.863,41.7832],[13.863,41.75],[13.6471,41.7998],[13.6471,41.75],[13.5973,41.7998],[13.5641,41.8662],[13.6305,41.9327],[13.6305,42.0157],[13.5807,42.0489],[13.5807,42.0987],[13.4147,42.1983],[13.4645,42.2315],[13.4147,42.3644],[13.5475,42.4308],[13.6305,42.5304],[13.7136,42.3976],[13.7634,42.464],[13.8298,42.4806],[13.8298,42.5636],[13.9294,42.5304],[13.9958,42.6134],[14.0764,42.6338]]],[[[14.9424,36.7386],[14.622,36.7761],[14.2159,37.0493],[13.8684,37.157],[13.0116,37.5249],[12.6369,37.5815],[12.532,37.6387],[12.4541,37.766],[12.5166,37.9192],[12.6643,38.0725],[12.7828,38.1174],[13.066,38.0669],[13.3225,38.2205],[13.628,38.0298],[13.8095,37.9664],[14.1345,37.9735],[14.7659,38.0576],[15.3867,38.2055],[15.4537,38.1674],[15.4729,38.1101],[15.4225,38.0526],[15.181,37.6823],[15.1122,37.459],[15.1162,37.2869],[15.3013,37.0579],[15.2206,37.0004],[15.0273,36.7451],[14.9424,36.7386]]]]}},{"type":"Feature","properties":{"name":"Lippe-Detmold","label":[8.7926,51.8908],"flaechen":1,"minzoom":8},"geometry":{"type":"MultiPolygon","coordinates":[[[[8.833,52.1598],[8.833,52.0572],[8.8637,52.0572],[8.9356,51.9957],[8.9561,51.8007],[8.9458,51.7084],[8.9869,51.7289],[9.0484,51.6878],[9.0792,51.7084],[9.1202,51.7904],[9.1921,51.8007],[9.2126,51.7391],[9.1613,51.7289],[9.1818,51.6878],[9.1729,51.6254],[9.0023,51.6673],[8.8689,51.6571],[8.8483,51.7494],[8.8176,51.7186],[8.7765,51.7494],[8.7765,51.7391],[8.7355,51.7494],[8.6842,51.7084],[8.6431,51.7597],[8.5918,51.7597],[8.5816,51.8623],[8.5405,51.9136],[8.4892,51.8931],[8.5098,51.9444],[8.4995,52.0367],[8.5611,52.0983],[8.6431,52.0572],[8.7252,52.0983],[8.715,52.1701],[8.7663,52.1906],[8.833,52.1598]]]]}},{"type":"Feature","properties":{"name":"Lombardy","label":[9.7,45.7238],"flaechen":2,"minzoom":6},"geometry":{"type":"MultiPolygon","coordinates":[[[[10.0108,46.2821],[10.0388,46.2341],[10.1288,46.2286],[10.1657,46.4098],[10.0928,46.4311],[10.0396,46.4466],[10.0406,46.4694],[10.044,46.5459],[10.1974,46.6195],[10.2358,46.6379],[10.2734,46.5823],[10.2928,46.5536],[10.4679,46.5463],[10.491,46.6207],[10.3791,46.6879],[10.4543,46.8263],[10.5583,46.7179],[10.5583,46.3129],[10.4571,46.2116],[10.5246,45.7391],[10.6596,45.8066],[10.6418,45.4694],[10.675,45.3531],[10.8244,45.3531],[10.8561,45.0507],[10.3933,45.0263],[10.2931,45.021],[9.6621,45.2203],[9.1308,45.1207],[9.0478,45.1539],[8.8153,45.1705],[8.5829,45.2867],[8.45,45.5192],[8.4666,45.7682],[8.5497,46.0007],[8.6366,46.1173],[8.6219,46.1207],[8.6172,46.1239],[8.8508,46.0787],[8.7853,45.993],[8.8968,45.9564],[8.9064,45.8745],[8.911,45.8351],[9.0292,45.8239],[9.0877,45.9054],[9.0196,45.9535],[8.9888,45.9752],[9.0091,46.041],[9.0229,46.0524],[9.2485,46.2389],[9.283,46.4992],[9.3883,46.506],[9.4598,46.5106],[9.4599,46.3793],[9.5274,46.3223],[9.5478,46.3051],[9.9069,46.3725],[9.9531,46.3812],[10.0108,46.2821]]],[[[8.9731,45.9837],[8.9734,45.9822],[8.9733,45.9803],[8.9734,45.9785],[8.9735,45.9776],[8.9739,45.9759],[8.9763,45.9751],[8.9739,45.9667],[8.9701,45.9676],[8.9694,45.9684],[8.967,45.969],[8.9588,45.97],[8.9606,45.9792],[8.9644,45.9865],[8.9682,45.986],[8.9731,45.9837]]]]}},{"type":"Feature","properties":{"name":"Lucca","label":[10.5318,43.8214],"flaechen":1,"minzoom":8},"geometry":{"type":"MultiPolygon","coordinates":[[[[10.3379,43.5962],[10.2925,43.7054],[10.2614,43.7452],[10.3263,43.892],[10.3595,43.8587],[10.4101,43.9374],[10.509,44.0912],[10.5422,44.0912],[10.592,44.141],[10.6916,44.0912],[10.7304,43.9813],[10.689,43.8675],[10.7511,43.6295],[10.5959,43.5778],[10.5028,43.6088],[10.3379,43.5962]]]]}},{"type":"Feature","properties":{"name":"Luxembourg","label":[6.096,49.7617],"flaechen":1,"minzoom":7},"geometry":{"type":"MultiPolygon","coordinates":[[[[5.8235,49.5071],[5.8844,49.6635],[5.7451,49.7553],[5.7379,49.9025],[5.8338,50.0474],[5.9438,50.1138],[6.0074,50.15],[6.1085,50.1175],[6.1366,49.982],[6.3215,49.8416],[6.5309,49.7984],[6.5114,49.6689],[6.3995,49.6042],[6.433,49.4453],[6.368,49.4735],[6.1123,49.4787],[5.8235,49.5071]]]]}},{"type":"Feature","properties":{"name":"Lübeck","label":[10.7867,53.7408],"flaechen":1,"minzoom":8},"geometry":{"type":"MultiPolygon","coordinates":[[[[10.8837,53.8824],[10.8935,53.8844],[10.8687,53.724],[10.817,53.724],[10.7227,53.6108],[10.6618,53.6852],[10.8837,53.8824]]]]}},{"type":"Feature","properties":{"name":"Massa","label":[10.2755,43.8839],"flaechen":1,"minzoom":8},"geometry":{"type":"MultiPolygon","coordinates":[[[[10.4101,43.9374],[10.3595,43.8587],[10.3263,43.892],[10.2614,43.7452],[10.1552,43.8811],[10.2855,43.9813],[10.4101,43.9374]]]]}},{"type":"Feature","properties":{"name":"Mecklenburg-Schwerin","label":[12.2947,53.5044],"flaechen":1,"minzoom":6},"geometry":{"type":"MultiPolygon","coordinates":[[[[11.1514,53.9384],[11.2025,53.8568],[11.4078,53.8593],[11.565,54.0354],[12.0411,54.0967],[12.3119,54.2019],[12.4625,54.2548],[12.7063,54.0894],[12.9003,54.0247],[12.8518,53.9439],[12.9003,53.9277],[12.771,53.7014],[12.8841,53.6852],[12.9811,53.7337],[13.0135,53.7337],[13.1428,53.7822],[13.1751,53.6691],[13.1104,53.6206],[13.1104,53.5721],[13.2074,53.6206],[13.2559,53.5721],[13.4014,53.7014],[13.4822,53.7014],[13.5307,53.6367],[13.5631,53.6367],[13.6116,53.6691],[13.8055,53.6044],[13.7732,53.4751],[13.6924,53.4266],[13.757,53.4266],[13.7247,53.2811],[13.6116,53.2811],[13.5307,53.0871],[13.4984,53.1195],[13.4176,53.0063],[13.2721,53.0225],[13.1913,52.9578],[13.062,52.9902],[13.062,52.9255],[13.1428,52.877],[13.1428,52.78],[13.1913,52.7962],[13.3044,52.6507],[13.2559,52.6184],[13.0943,52.6669],[13.0296,52.7477],[13.0943,52.78],[13.0781,52.8285],[12.9326,52.8608],[12.9326,52.9093],[12.8357,52.9417],[12.7872,52.8932],[12.5447,52.9902],[12.3507,53.071],[12.3022,53.0548],[12.0921,53.2003],[11.9628,53.2003],[11.9143,53.2488],[11.8819,53.2165],[11.8658,53.2488],[11.8173,53.2165],[11.7526,53.3458],[11.7203,53.1356],[11.6395,53.1518],[11.591,53.1195],[11.5101,53.1195],[11.5263,53.1033],[11.4617,53.0871],[11.397,53.1518],[11.3485,53.1518],[11.3162,53.1033],[11.2192,53.0387],[11.1869,53.0387],[11.0807,52.971],[10.9802,53.1636],[10.9802,53.1971],[10.9384,53.239],[10.8881,53.2222],[10.9049,53.1552],[10.8462,53.1971],[10.8462,53.2306],[10.7541,53.2892],[10.8379,53.3227],[10.863,53.3562],[10.9049,53.3729],[10.9132,53.4316],[10.9719,53.4232],[11.0053,53.4986],[10.9802,53.5739],[10.9886,53.6325],[10.9802,53.6577],[10.997,53.6744],[11.0388,53.6409],[11.0807,53.6911],[11.0137,53.733],[11.0137,53.8168],[10.9604,53.8984],[11.1514,53.9384]]]]}},{"type":"Feature","properties":{"name":"Mecklenburg-Strelitz","label":[9.1879,52.8134],"flaechen":1,"minzoom":5},"geometry":{"type":"MultiPolygon","coordinates":[[[[10.8935,53.8844],[10.9604,53.8984],[11.0137,53.8168],[11.0137,53.733],[11.0807,53.6911],[11.0388,53.6409],[10.997,53.6744],[10.9802,53.6577],[10.9886,53.6325],[10.9802,53.5739],[11.0053,53.4986],[10.9719,53.4232],[10.9132,53.4316],[10.9049,53.3729],[10.863,53.3562],[10.8379,53.3227],[10.7541,53.2892],[10.8462,53.2306],[10.8462,53.1971],[10.9049,53.1552],[10.8881,53.2222],[10.9384,53.239],[10.9802,53.1971],[10.9802,53.1636],[11.0807,52.971],[11.1812,52.8873],[11.1477,52.8119],[11.1142,52.8203],[11.0975,52.7784],[11.1142,52.7533],[11.0807,52.7449],[11.064,52.7617],[10.9802,52.7114],[10.9216,52.7784],[10.8965,52.7617],[10.8714,52.7784],[10.7039,52.8203],[10.6872,52.77],[10.5532,52.8035],[10.5281,52.7366],[10.5364,52.4602],[10.5699,52.4602],[10.5699,52.4435],[10.5281,52.4435],[10.5113,52.3932],[10.5113,52.3681],[10.5029,52.3514],[10.5532,52.2928],[10.5532,52.276],[10.5783,52.2425],[10.5783,52.1755],[10.5532,52.1671],[10.5783,52.0918],[10.5281,52.008],[10.5113,51.8824],[10.4862,51.8824],[10.4862,51.8238],[10.4527,51.8573],[10.369,51.8238],[10.3773,51.7987],[10.3355,51.7736],[10.3271,51.7987],[10.3438,51.8071],[10.3187,51.8322],[10.2936,51.8155],[10.2601,51.8573],[10.1931,51.7652],[10.2108,51.6629],[10.1668,51.7069],[10.1228,51.7069],[10.1228,51.7179],[10.0678,51.7179],[10.0348,51.6959],[9.9249,51.6739],[9.8259,51.8059],[9.7709,51.7839],[9.7269,51.7179],[9.5839,51.6739],[9.4629,51.6959],[9.4739,51.7509],[9.4299,51.7729],[9.3969,51.7289],[9.3309,51.7399],[9.2979,51.7399],[9.3089,51.8279],[9.2869,51.9049],[9.2429,51.8829],[9.2429,51.8059],[9.1921,51.8007],[9.1202,51.7904],[9.0792,51.7084],[9.0484,51.6878],[8.9869,51.7289],[8.9458,51.7084],[8.9561,51.8007],[8.9356,51.9957],[8.8637,52.0572],[8.833,52.0572],[8.833,52.1598],[8.8504,52.1948],[8.8637,52.2214],[8.833,52.2727],[8.9048,52.3548],[8.8586,52.3856],[8.7868,52.365],[8.7355,52.3753],[8.6842,52.3548],[8.6842,52.3958],[8.6944,52.4471],[8.6431,52.4882],[8.5611,52.4676],[8.5611,52.4779],[8.5303,52.4779],[8.5303,52.4574],[8.4687,52.4676],[8.4174,52.4471],[8.4071,52.3753],[8.4687,52.3137],[8.4687,52.2727],[8.4277,52.2316],[8.4174,52.1803],[8.4482,52.1598],[8.4174,52.1188],[8.3764,52.1496],[8.3148,52.0983],[8.243,52.129],[8.1814,52.0572],[8.0788,52.0264],[7.9044,52.0367],[7.8736,52.088],[7.8018,52.088],[7.8018,52.1393],[7.8736,52.1393],[7.9146,52.2111],[7.8428,52.2316],[7.8428,52.2624],[7.8428,52.3342],[7.8633,52.3445],[7.7915,52.4471],[7.73,52.4163],[7.6479,52.4471],[7.6376,52.4882],[7.5247,52.4882],[7.5145,52.3856],[7.2169,52.2214],[7.0682,52.2726],[7.069,52.3663],[6.9969,52.4429],[6.9119,52.4155],[6.7136,52.4757],[6.7268,52.5583],[6.7781,52.6399],[7.0348,52.6235],[7.0729,52.8043],[7.228,52.9667],[7.1599,53.164],[7.1897,53.2301],[6.9807,53.3167],[7.0373,53.5101],[7.1656,53.5917],[7.3324,53.6044],[7.8364,53.6321],[7.875,53.6337],[7.9061,53.4473],[7.875,53.437],[7.8543,53.3956],[7.8957,53.3852],[7.9475,53.3438],[7.9475,53.2818],[7.9061,53.2714],[7.8647,53.2714],[7.8337,53.2404],[7.8337,53.2094],[7.7716,53.1473],[7.7199,53.1473],[7.6992,53.1576],[7.6888,53.0024],[7.7302,52.9921],[7.7302,52.9611],[7.7819,52.9507],[7.813,52.8369],[7.7509,52.8162],[7.6992,52.8162],[7.6785,52.7748],[7.7095,52.7748],[7.7199,52.7335],[7.6578,52.7231],[7.6888,52.63],[7.7612,52.63],[7.7716,52.6507],[7.8854,52.6714],[7.8957,52.63],[7.9371,52.63],[7.9785,52.5679],[8.0199,52.5472],[7.9992,52.4438],[8.1026,52.4231],[8.2371,52.3714],[8.3199,52.3921],[8.3406,52.6714],[8.2694,52.6669],[8.2123,52.8527],[8.2694,52.8241],[8.2551,52.9384],[8.1408,53.0242],[8.2409,53.0385],[8.3266,52.9813],[8.3695,52.9813],[8.3266,53.0527],[8.5061,53.0335],[8.6406,53.0128],[8.6602,53.0265],[8.744,53.0852],[8.6199,53.168],[8.5578,53.1576],[8.4233,53.2611],[8.4337,53.3335],[8.4647,53.3335],[8.4751,53.3749],[8.4337,53.3956],[8.4544,53.4163],[8.5061,53.3852],[8.5371,53.4783],[8.5018,53.449],[8.4287,53.612],[8.5162,53.761],[8.5619,53.7453],[8.5856,53.7931],[8.8485,53.7497],[9.125,53.7905],[9.376,53.5708],[9.7523,53.5032],[10.0229,53.4546],[10.052,53.4836],[10.1174,53.4764],[10.0738,53.5127],[10.0084,53.5127],[9.943,53.5999],[10.0738,53.6581],[10.1247,53.5927],[10.3573,53.6145],[10.3573,53.7598],[10.5768,53.8854],[10.5842,53.8534],[10.5584,53.7758],[10.636,53.7111],[10.6618,53.6852],[10.7227,53.6108],[10.817,53.724],[10.8687,53.724],[10.8935,53.8844]]]]}},{"type":"Feature","properties":{"name":"Modena","label":[10.6526,44.5145],"flaechen":1,"minzoom":6},"geometry":{"type":"MultiPolygon","coordinates":[[[[11.202,44.1426],[11.0569,44.1244],[11.0569,44.1576],[10.9573,44.1576],[10.8244,44.2074],[10.7082,44.1742],[10.6916,44.0912],[10.592,44.141],[10.5422,44.0912],[10.509,44.0912],[10.4101,43.9374],[10.2855,43.9813],[10.1552,43.8811],[10.1367,43.9048],[9.9093,44.1105],[9.8255,44.1525],[9.878,44.2905],[9.8924,44.3434],[9.9545,44.333],[9.9776,44.4067],[10.0565,44.3804],[10.0372,44.2916],[10.1407,44.2192],[10.1717,44.3123],[10.1271,44.3569],[10.1935,44.4897],[10.2433,44.4897],[10.3595,44.689],[10.2765,44.9048],[10.3933,45.0263],[10.8561,45.0507],[11.1698,45.0672],[11.3392,44.855],[11.2561,44.7886],[11.1731,44.6059],[11.2893,44.4565],[11.2893,44.3735],[11.1399,44.3403],[11.202,44.1426]]]]}},{"type":"Feature","properties":{"name":"Oldenburg","label":[8.0996,53.0036],"flaechen":2,"minzoom":7},"geometry":{"type":"MultiPolygon","coordinates":[[[[10.7709,53.9309],[10.8589,53.8772],[10.8837,53.8824],[10.6618,53.6852],[10.636,53.7111],[10.5584,53.7758],[10.5842,53.8534],[10.5768,53.8854],[10.5454,54.0215],[10.5713,54.0991],[10.5842,54.1249],[10.6489,54.0603],[10.7006,53.918],[10.7709,53.9309]]],[[[8.3199,52.3921],[8.2371,52.3714],[8.1026,52.4231],[7.9992,52.4438],[8.0199,52.5472],[7.9785,52.5679],[7.9371,52.63],[7.8957,52.63],[7.8854,52.6714],[7.7716,52.6507],[7.7612,52.63],[7.6888,52.63],[7.6578,52.7231],[7.7199,52.7335],[7.7095,52.7748],[7.6785,52.7748],[7.6992,52.8162],[7.7509,52.8162],[7.813,52.8369],[7.7819,52.9507],[7.7302,52.9611],[7.7302,52.9921],[7.6888,53.0024],[7.6992,53.1576],[7.7199,53.1473],[7.7716,53.1473],[7.8337,53.2094],[7.8337,53.2404],[7.8647,53.2714],[7.9061,53.2714],[7.9475,53.2818],[7.9475,53.3438],[7.8957,53.3852],[7.8543,53.3956],[7.875,53.437],[7.9061,53.4473],[7.875,53.6337],[7.9685,53.6375],[8.011,53.5657],[8.0987,53.4439],[8.0291,53.3726],[8.175,53.3217],[8.2419,53.3523],[8.2608,53.4388],[8.189,53.5305],[8.3057,53.5254],[8.5018,53.449],[8.5371,53.4783],[8.5061,53.3852],[8.4544,53.4163],[8.4337,53.3956],[8.4751,53.3749],[8.4647,53.3335],[8.4337,53.3335],[8.4233,53.2611],[8.5578,53.1576],[8.5764,53.0766],[8.6602,53.0265],[8.6406,53.0128],[8.5061,53.0335],[8.3266,53.0527],[8.3695,52.9813],[8.3266,52.9813],[8.2409,53.0385],[8.1408,53.0242],[8.2551,52.9384],[8.2694,52.8241],[8.2123,52.8527],[8.2694,52.6669],[8.3406,52.6714],[8.3199,52.3921]]]]}},{"type":"Feature","properties":{"name":"Ottoman Empire","label":[23.7029,43.301],"flaechen":18,"minzoom":4},"geometry":{"type":"MultiPolygon","coordinates":[[[[23.4097,38.9437],[23.7898,38.7186],[24.1319,38.6534],[24.2079,38.5524],[24.2915,38.1948],[24.588,38.1529],[24.5272,37.9674],[24.3143,37.9853],[24.1927,38.1529],[24.0254,38.3857],[23.6605,38.4036],[23.5997,38.4572],[23.6377,38.5226],[23.4629,38.6237],[23.1208,38.8668],[22.8699,38.8372],[23.0143,38.9614],[23.2424,39.0441],[23.4097,38.9437]]],[[[25.7664,36.3376],[25.7131,36.3498],[25.7359,36.3865],[25.7892,36.4049],[25.8728,36.3559],[25.7664,36.3376]]],[[[25.4927,36.3314],[25.3862,36.3192],[25.3178,36.3988],[25.333,36.4599],[25.371,36.4966],[25.4927,36.4232],[25.4927,36.3314]]],[[[26.0248,36.9597],[26.0856,36.8989],[25.9564,36.8442],[25.8348,36.7833],[25.7511,36.7833],[25.7511,36.8138],[25.8576,36.8381],[25.9488,36.9111],[26.0248,36.9597]]],[[[24.6792,36.759],[24.4664,36.6493],[24.2991,36.7529],[24.4284,36.7955],[24.588,36.8685],[24.6792,36.759]]],[[[24.9757,36.6371],[24.9453,36.5699],[24.8237,36.6371],[24.8237,36.6614],[24.8769,36.6797],[24.9757,36.6371]]],[[[25.105,36.6371],[25.0593,36.6187],[25.0441,36.6614],[25.1658,36.7407],[25.1962,36.6736],[25.105,36.6371]]],[[[25.4319,36.698],[25.3862,36.6371],[25.2646,36.7041],[25.2418,36.7529],[25.2494,36.759],[25.295,36.8077],[25.4319,36.698]]],[[[24.4284,37.2083],[24.5348,37.1175],[24.4436,37.0993],[24.4284,37.2083]]],[[[24.2611,37.5406],[24.2991,37.6611],[24.398,37.6671],[24.3827,37.5707],[24.2611,37.5406]]],[[[24.3599,37.3958],[24.398,37.4682],[24.4892,37.3958],[24.3599,37.3052],[24.3599,37.3958]]],[[[24.8465,37.3656],[24.8617,37.5286],[24.9453,37.5105],[25.0441,37.3777],[24.8465,37.3656]]],[[[25.4699,37.4381],[25.3178,37.4018],[24.9225,37.6912],[24.6564,37.9014],[24.7629,38.0033],[25.2722,37.5647],[25.4699,37.4381]]],[[[24.6792,36.905],[24.6488,37.0143],[24.7172,37.0508],[24.7857,36.9475],[24.6792,36.905]]],[[[25.1126,36.9415],[24.9377,36.9597],[25.1506,37.172],[25.3102,37.1962],[25.3102,37.0022],[25.1126,36.9415]]],[[[25.5991,37.0265],[25.5459,36.9597],[25.4547,36.9232],[25.3634,37.0083],[25.3406,37.0871],[25.3786,37.1175],[25.5383,37.2204],[25.6067,37.1235],[25.5991,37.0265]]],[[[24.3543,40.971],[24.2191,40.8297],[24.0252,40.7464],[23.886,40.7329],[23.7484,40.8044],[23.6347,40.7728],[23.633,40.7132],[23.7091,40.63],[23.7852,40.4772],[23.9237,40.4508],[24.2954,40.1765],[24.2206,40.1448],[24.0548,40.2609],[24.0478,40.3084],[23.9235,40.3453],[23.7748,40.3928],[23.7222,40.3482],[23.6272,40.3453],[23.6588,40.2873],[23.6517,40.2292],[23.8037,40.1554],[23.8687,40.1607],[23.9201,40.0552],[23.9066,39.9972],[23.796,39.9867],[23.5958,40.1923],[23.4425,40.2556],[23.3491,40.282],[23.2918,40.2873],[23.2931,40.2451],[23.2591,40.2292],[23.321,40.1554],[23.3668,40.1079],[23.4365,40.0447],[23.5233,40.0183],[23.5922,40.0025],[23.6386,39.9603],[23.5969,39.9341],[23.3744,39.9551],[23.2605,39.9709],[23.2763,40.0499],[23.2148,40.1818],[23.1411,40.2662],[22.9602,40.3147],[22.7481,40.4825],[22.8639,40.5352],[22.8755,40.5963],[22.8519,40.6513],[22.77,40.6672],[22.7013,40.5774],[22.4921,40.4983],[22.6023,40.3972],[22.4896,40.2305],[22.4674,40.1185],[22.5256,40.0642],[22.5551,39.9867],[22.6951,39.8345],[22.7545,39.8183],[22.8134,39.6027],[23.0742,39.4135],[23.2361,39.2032],[23.1585,39.1401],[23.0519,39.1033],[23.0998,39.1874],[23.0453,39.2715],[22.9813,39.3293],[22.919,39.3451],[22.8509,39.3661],[22.7203,39.2873],[22.7661,39.2028],[22.8349,39.1664],[22.8711,39.0243],[22.7842,38.9403],[22.4905,38.8769],[22.6023,38.8562],[22.7233,38.7932],[22.8994,38.7669],[22.9842,38.667],[23.0998,38.6723],[23.1695,38.667],[23.191,38.6103],[23.3562,38.4895],[23.4938,38.4831],[23.5558,38.3518],[23.6828,38.3465],[23.8039,38.3465],[23.9607,38.2099],[23.967,38.1521],[23.88,38.1154],[23.9873,37.7634],[23.9182,37.6846],[23.8355,37.6846],[23.7337,37.8579],[23.6341,37.879],[23.5407,38.0041],[23.4957,38.0681],[23.4193,38.0681],[23.1958,38.005],[22.9806,37.9578],[22.8981,37.9],[23.04,37.858],[23.0454,37.7736],[23.0489,37.6426],[23.1514,37.5901],[23.2205,37.6018],[23.3217,37.6374],[23.3122,37.5481],[23.4181,37.4693],[23.185,37.4273],[23.1858,37.3748],[23.1096,37.3466],[22.971,37.3853],[23.0253,37.4798],[22.9421,37.5184],[22.7133,37.5434],[22.6423,37.5849],[22.6387,37.4923],[22.7262,37.2885],[22.8133,37.2121],[22.7931,37.1386],[22.8869,37.0467],[22.9826,36.6148],[22.6736,36.7543],[22.5244,36.7221],[22.3903,36.5244],[22.1914,36.8552],[21.9842,37.0205],[21.7809,36.8225],[21.5882,36.9814],[21.5314,37.1151],[21.6265,37.3065],[21.6137,37.4148],[21.5173,37.5358],[21.2963,37.7265],[21.2211,37.8284],[21.2284,37.9049],[21.4405,38.1795],[21.7145,38.1354],[21.9058,38.2697],[21.9967,38.2508],[22.7472,37.9526],[22.8987,37.9976],[23.1163,38.1574],[22.9967,38.1793],[22.8756,38.2046],[22.3337,38.4267],[21.8265,38.464],[21.6613,38.4381],[21.3645,38.412],[21.1724,38.3478],[20.7718,38.8509],[20.8926,38.8958],[21.0065,38.8705],[21.1047,38.9218],[21.1595,39.0048],[21.0072,39.113],[20.9011,39.0617],[20.6778,39.0804],[20.2118,39.4049],[20.1224,39.551],[20.0908,39.6025],[20.0286,39.8138],[19.8036,40.017],[19.3691,40.2603],[19.3802,40.3236],[19.4837,40.2959],[19.4945,40.4027],[19.3392,40.5887],[19.5273,40.8659],[19.4454,40.9649],[19.53,41.2184],[19.417,41.3453],[19.4989,41.5236],[19.6194,41.5593],[19.607,41.7615],[19.4579,41.7981],[19.3677,41.8464],[19.3385,41.862],[19.143,41.9321],[19.1355,41.9995],[18.9099,42.2178],[18.5286,42.3527],[18.5136,42.3621],[18.5143,42.407],[18.5011,42.4482],[18.4643,42.4806],[18.4492,42.5158],[18.4593,42.5559],[18.4574,42.5578],[18.4291,42.5861],[18.389,42.6011],[18.3337,42.6112],[18.2735,42.5961],[18.2534,42.6262],[18.1127,42.7418],[18.0173,42.7468],[17.937,42.7819],[17.8717,42.8221],[17.8415,42.8623],[17.8214,42.8974],[17.7662,42.9125],[17.7059,42.9175],[17.6464,42.8646],[17.5957,42.8889],[17.548,42.9201],[17.6758,42.9577],[17.6457,43.0531],[17.5352,43.1084],[17.4699,43.1586],[17.3845,43.2339],[17.2941,43.2691],[17.259,43.3947],[17.259,43.4449],[17.2137,43.47],[17.1133,43.5001],[17.0129,43.5554],[16.8421,43.7161],[16.7467,43.7512],[16.7115,43.7713],[16.7015,43.8467],[16.5357,44.0074],[16.4604,44.0224],[16.3851,44.0425],[16.3348,44.0928],[16.3097,44.148],[16.2696,44.1982],[16.1942,44.1932],[16.1842,44.2585],[16.1892,44.3037],[16.2244,44.3288],[16.154,44.379],[16.144,44.4343],[16.1038,44.4945],[16.0385,44.6],[15.9582,44.6804],[15.913,44.6954],[15.8577,44.7105],[15.8176,44.7507],[15.7573,44.7858],[15.7472,44.826],[15.8025,44.8561],[15.7874,44.9516],[15.7874,44.9867],[15.7673,45.047],[15.7874,45.1223],[15.8276,45.2027],[15.8828,45.2228],[16.0235,45.2077],[16.0687,45.1575],[16.139,45.0721],[16.2545,45.0118],[16.3449,45.0018],[16.4001,45.0922],[16.4654,45.1575],[16.5106,45.2077],[16.6061,45.2177],[16.6814,45.2027],[16.7818,45.1926],[16.8321,45.1876],[16.8923,45.2429],[16.9325,45.2378],[16.9928,45.2177],[17.0631,45.1926],[17.1685,45.1575],[17.1937,45.1324],[17.2439,45.1424],[17.2841,45.1776],[17.3544,45.1374],[17.4297,45.1324],[17.5151,45.1073],[17.5854,45.1123],[17.6658,45.1173],[17.7863,45.0771],[17.8566,45.047],[17.9319,45.0821],[17.9872,45.1223],[18.0374,45.1223],[18.0876,45.0922],[18.1479,45.0721],[18.2082,45.0922],[18.2584,45.1223],[18.3287,45.1022],[18.394,45.1022],[18.4241,45.0922],[18.4944,45.057],[18.5396,45.052],[18.5848,45.0922],[18.6501,45.0721],[18.7154,45.047],[18.7255,44.9968],[18.7807,44.9917],[18.8008,44.9516],[18.7757,44.9064],[18.841,44.8511],[18.9314,44.8411],[19.0168,44.8511],[19.0519,44.8561],[19.0168,44.8963],[19.0419,44.9265],[19.082,44.9114],[19.1222,44.9265],[19.1172,44.9616],[19.1072,44.9968],[19.1222,45.0319],[19.1021,45.0621],[19.1021,45.1324],[19.1373,45.1324],[19.1825,45.1725],[19.1674,45.2027],[19.1875,45.2077],[19.2126,45.2027],[19.2428,45.1826],[19.2779,45.1776],[19.308,45.1876],[19.3482,45.1725],[19.4085,45.1675],[19.4236,45.1926],[19.4191,45.224],[19.5435,45.2526],[19.587,45.2105],[19.8534,45.236],[19.8724,45.2643],[20.0242,45.1727],[20.1962,45.1806],[20.2406,45.1548],[20.2406,45.1548],[20.3187,44.9987],[20.2881,44.9709],[20.334,44.9152],[20.4053,44.8552],[20.5255,44.83],[20.5706,44.8474],[20.5926,44.8368],[20.643,44.8125],[20.6329,44.7567],[20.7692,44.6603],[20.9222,44.6709],[21.0151,44.7205],[21.1492,44.7392],[21.33,44.8204],[21.3639,44.8203],[21.3675,44.8087],[21.4777,44.7928],[21.5833,44.7928],[21.5919,44.7078],[21.8589,44.6812],[21.9465,44.6188],[22.1329,44.5112],[22.1994,44.5643],[22.2959,44.6919],[22.4095,44.7503],[22.3432,44.986],[22.3953,45.2727],[22.4782,45.7285],[23.0182,45.8635],[23.2545,46.0661],[23.5583,45.8973],[23.7946,46.0661],[24.0646,46.0998],[24.4021,45.8973],[24.9421,45.9648],[25.5159,45.796],[25.4484,46.3023],[25.6509,46.4036],[25.8534,46.6736],[26.191,46.8086],[26.2922,47.2136],[25.6847,47.6187],[25.2459,47.6862],[25.3809,47.8549],[25.7859,47.9562],[26.1235,47.8549],[26.1235,48.125],[26.3597,48.125],[26.1627,48.9406],[26.5242,48.827],[26.9894,48.6808],[27.1077,48.6436],[27.1077,48.8326],[27.4858,48.6706],[27.4858,48.7516],[27.6478,48.7516],[27.7061,48.4397],[27.7231,48.434],[27.8196,48.3943],[27.882,48.3376],[27.9444,48.3149],[28.0125,48.3092],[28.0579,48.2808],[28.0806,48.2524],[28.1147,48.2184],[28.1601,48.2241],[28.2168,48.2127],[28.2963,48.2297],[28.3473,48.2297],[28.3587,48.2014],[28.319,48.156],[28.3019,48.1333],[28.3473,48.1503],[28.387,48.139],[28.387,48.1049],[28.4154,48.0822],[28.4268,48.0974],[28.9082,47.8184],[29.0106,47.5539],[29.1156,47.2827],[29.4267,46.8161],[29.8068,46.505],[29.9643,46.3685],[30.0661,46.2804],[30.4328,46.1757],[30.0688,45.8614],[29.7297,45.77],[29.6295,45.7504],[29.5004,45.5234],[29.5361,45.4522],[29.6159,45.4102],[29.6832,45.3748],[29.7108,45.2583],[29.579,45.0575],[29.4575,44.9151],[29.2616,44.8954],[29.0897,44.8757],[28.9182,44.7658],[28.6862,44.4881],[28.5731,44.1978],[28.5299,43.8435],[28.5101,43.7431],[28.4805,43.5923],[28.4457,43.4764],[28.3281,43.4375],[28.1871,43.4501],[28.0346,43.3919],[27.8873,43.0635],[27.8699,42.7999],[27.8362,42.7355],[27.654,42.6837],[27.502,42.5163],[27.4947,42.4009],[27.6079,42.4168],[27.7225,42.3162],[27.7377,42.247],[27.9134,42.0781],[27.918,41.9777],[28.0262,41.8824],[28.0182,41.7532],[28.0698,41.625],[28.1044,41.593],[28.3715,41.4331],[28.7402,41.3248],[29.0124,41.2548],[29.0811,41.2005],[28.9645,40.9892],[28.8278,40.9147],[28.5962,40.947],[28.1733,41.0579],[28.0264,41.0262],[27.9322,40.9575],[27.4742,40.9628],[27.313,40.7899],[27.2638,40.6672],[26.8889,40.5247],[26.6136,40.398],[26.5139,40.282],[26.3759,40.2134],[26.2552,40.0816],[26.1409,40.0447],[26.2143,40.1607],[26.2228,40.224],[26.1948,40.3031],[26.4575,40.435],[26.5565,40.4983],[26.4548,40.5843],[26.4181,40.5778],[26.124,40.6028],[26.0207,40.6693],[25.9929,40.8525],[25.6357,40.8774],[25.3011,40.8959],[25.0463,40.9523],[25.0189,41.0171],[24.8121,40.9334],[24.7007,40.8783],[24.5191,40.8731],[24.505,40.9841],[24.3543,40.971]]],[[[32.0,36.0],[32.0,36.0],[32.0,36.4135],[31.902,36.4969],[31.3707,36.7123],[30.9053,36.7942],[30.5936,36.7617],[30.5401,36.647],[30.4967,36.373],[30.4728,36.1883],[30.3949,36.118],[30.2799,36.1178],[30.1661,36.1876],[29.662,36.0783],[29.4719,36.0907],[29.2982,36.1731],[29.0023,36.6948],[28.8135,36.5352],[28.4698,36.7383],[28.2669,36.7124],[28.0142,36.5272],[27.9119,36.6989],[27.9419,36.7563],[28.051,36.833],[27.9988,36.9094],[27.5535,36.9148],[27.3081,36.9207],[27.2686,37.0417],[27.5256,37.1314],[27.4925,37.2397],[27.3646,37.3286],[27.1604,37.3601],[27.1226,37.4939],[27.1411,37.6469],[27.1798,37.7744],[27.1398,37.8891],[26.9614,37.9461],[26.6793,38.1049],[26.5123,38.0663],[26.3932,38.1044],[26.3916,38.2191],[26.4687,38.4448],[26.5274,38.4182],[26.7425,38.2784],[26.9974,38.4001],[26.8197,38.5273],[26.8288,38.583],[26.6957,38.6408],[26.7095,38.6986],[26.9664,38.7699],[27.0349,38.8211],[27.0042,38.8848],[26.9368,38.9246],[26.7853,38.9403],[26.7898,39.0244],[26.8708,39.056],[26.7971,39.1296],[26.7079,39.1821],[26.7041,39.2505],[26.6022,39.2557],[26.7202,39.3372],[26.8535,39.4608],[26.9262,39.4765],[26.9575,39.5483],[26.8043,39.5672],[26.5462,39.5133],[26.139,39.4397],[26.0641,39.4555],[26.0849,39.604],[26.1419,39.6606],[26.1407,39.75],[26.1276,39.8786],[26.186,39.9972],[26.3203,39.9919],[26.4031,40.1765],[26.4817,40.187],[26.7653,40.3769],[26.9965,40.3717],[27.0561,40.4297],[27.2718,40.4508],[27.3292,40.3558],[27.4496,40.3098],[27.526,40.2971],[27.7639,40.2873],[27.8302,40.3453],[27.7998,40.4033],[27.6793,40.4614],[27.8078,40.5036],[27.9538,40.4877],[28.0065,40.4508],[27.9082,40.3506],[28.004,40.3621],[28.4777,40.3951],[28.7564,40.3765],[28.9268,40.3558],[29.0524,40.3347],[29.1223,40.4139],[29.0835,40.4561],[28.8732,40.4719],[28.778,40.5247],[28.9016,40.6201],[29.5252,40.6883],[29.7131,40.6936],[29.8827,40.7464],[29.6834,40.7516],[29.4172,40.7411],[29.3204,40.7411],[29.2896,40.8067],[29.0145,40.9787],[29.1612,41.2164],[29.5778,41.1534],[30.1376,41.1318],[30.2561,41.1847],[30.7448,41.0403],[31.2177,41.0541],[31.4041,41.1635],[31.3857,41.285],[31.6664,41.3948],[31.8713,41.4914],[32.0,41.552]]]]}},{"type":"Feature","properties":{"name":"Papal States","label":[12.7338,43.0033],"flaechen":1,"minzoom":6},"geometry":{"type":"MultiPolygon","coordinates":[[[[12.3778,44.7315],[12.2736,44.6726],[12.2807,44.5501],[12.3451,44.301],[12.5081,44.1315],[12.6972,43.9348],[13.6009,43.5348],[13.7316,43.3742],[13.7916,43.1233],[13.9151,42.8728],[14.0764,42.6338],[13.9958,42.6134],[13.9294,42.5304],[13.8298,42.5636],[13.8298,42.4806],[13.7634,42.464],[13.7136,42.3976],[13.6305,42.5304],[13.5475,42.4308],[13.4147,42.3644],[13.4645,42.2315],[13.4147,42.1983],[13.5807,42.0987],[13.5807,42.0489],[13.6305,42.0157],[13.6305,41.9327],[13.5641,41.8662],[13.5973,41.7998],[13.6471,41.75],[13.6471,41.7998],[13.863,41.75],[13.863,41.7832],[13.9294,41.75],[13.8796,41.667],[13.8796,41.6338],[13.9294,41.6338],[13.9626,41.5176],[13.9626,41.4677],[14.029,41.4013],[13.9958,41.3515],[13.9792,41.3349],[13.8132,41.3183],[13.7605,41.2067],[13.4984,41.3019],[13.2714,41.3142],[12.9768,41.3714],[12.6415,41.5311],[12.3948,41.7295],[11.9634,42.0047],[11.9601,42.0074],[12.0199,42.0987],[12.0033,42.2481],[12.0697,42.298],[12.0531,42.5304],[12.1297,42.596],[12.1694,42.63],[12.1528,42.6965],[12.186,42.9123],[12.1694,42.9123],[12.1528,43.0617],[12.2192,43.2278],[12.3022,43.2776],[12.3022,43.344],[12.2192,43.344],[12.1196,43.4769],[12.103,43.6097],[12.1196,43.7425],[12.2192,43.892],[12.1694,43.892],[12.0864,43.8421],[12.0365,43.9252],[12.0531,44.0746],[12.0531,44.1078],[12.0864,44.1742],[12.0199,44.1742],[11.9369,44.0912],[11.8871,44.2572],[11.9037,44.3237],[11.8539,44.3569],[11.8041,44.3403],[11.7377,44.3569],[11.6879,44.2572],[11.7045,44.224],[11.555,44.1908],[11.5716,44.224],[11.4554,44.2739],[11.2893,44.224],[11.3226,44.1576],[11.202,44.1426],[11.1399,44.3403],[11.2893,44.3735],[11.2893,44.4565],[11.1731,44.6059],[11.2561,44.7886],[11.3392,44.855],[11.1698,45.0672],[11.2395,45.0709],[11.6048,44.9048],[11.7709,45.0709],[11.8871,45.0875],[11.9701,45.0376],[12.0531,45.021],[12.0365,45.1373],[12.1362,45.1041],[12.3778,44.7315]]]]}},{"type":"Feature","properties":{"name":"Parma","label":[9.7426,44.8289],"flaechen":1,"minzoom":7},"geometry":{"type":"MultiPolygon","coordinates":[[[[9.5724,44.437],[9.4795,44.4731],[9.3965,44.4399],[9.3633,44.5561],[9.2968,44.5395],[9.2304,44.772],[9.1308,44.7886],[9.1308,45.1207],[9.6621,45.2203],[10.2931,45.021],[10.3933,45.0263],[10.2765,44.9048],[10.3595,44.689],[10.2433,44.4897],[10.1935,44.4897],[10.1271,44.3569],[10.0565,44.3804],[9.9776,44.4067],[9.8946,44.5561],[9.7452,44.6059],[9.5957,44.5727],[9.5724,44.437]]]]}},{"type":"Feature","properties":{"name":"Pontremoli","label":[9.7796,44.4618],"flaechen":1,"minzoom":8},"geometry":{"type":"MultiPolygon","coordinates":[[[[9.878,44.2905],[9.8282,44.2905],[9.7784,44.3569],[9.5724,44.437],[9.5957,44.5727],[9.7452,44.6059],[9.8946,44.5561],[9.9776,44.4067],[9.9545,44.333],[9.8924,44.3434],[9.878,44.2905]]]]}},{"type":"Feature","properties":{"name":"Portugal","label":[-7.9651,39.6718],"flaechen":1,"minzoom":5},"geometry":{"type":"MultiPolygon","coordinates":[[[[-7.4915,37.2082],[-7.6034,37.163],[-7.836,37.0323],[-8.0336,37.0088],[-8.2802,37.0886],[-8.5411,37.0886],[-8.6671,37.1214],[-8.9908,36.99],[-9.0166,37.0698],[-8.8415,37.5251],[-8.851,37.9102],[-8.9328,37.9618],[-8.823,38.2061],[-8.8473,38.3846],[-8.7889,38.436],[-8.8537,38.4996],[-9.0223,38.461],[-9.2366,38.4174],[-9.2852,38.6195],[-9.0692,38.643],[-8.9419,38.7419],[-8.9608,38.8185],[-9.0408,38.9202],[-9.1758,38.7322],[-9.3616,38.6711],[-9.5224,38.6899],[-9.549,38.7745],[-9.4598,38.9531],[-9.3977,39.2304],[-9.4153,39.3667],[-9.2993,39.4177],[-9.1179,39.644],[-8.9156,40.1381],[-8.9697,40.19],[-8.6941,40.9922],[-8.8518,41.4078],[-8.8548,41.5969],[-8.9207,41.767],[-8.8061,41.8892],[-8.405,42.0021],[-8.1573,42.087],[-7.9186,41.8892],[-7.0984,41.868],[-6.8595,41.9849],[-6.7087,41.96],[-6.5861,41.8579],[-6.5184,41.7491],[-6.1395,41.5264],[-6.1115,41.4175],[-6.2411,41.3205],[-6.7966,41.0928],[-6.8344,41.0605],[-6.8572,40.8616],[-6.8249,40.6566],[-6.8842,40.214],[-6.8587,39.7919],[-6.8783,39.7024],[-7.0842,39.5991],[-7.3013,39.5787],[-7.431,39.5205],[-7.2114,39.2982],[-7.0069,39.0503],[-6.9334,38.9613],[-7.0894,38.7945],[-7.3173,38.4996],[-7.3939,38.295],[-7.0281,38.2396],[-6.8448,38.1002],[-7.2425,37.8109],[-7.3514,37.6444],[-7.488,37.2164],[-7.4915,37.2082]]]]}},{"type":"Feature","properties":{"name":"Prussia","label":[18.2134,52.5517],"flaechen":3,"minzoom":4},"geometry":{"type":"MultiPolygon","coordinates":[[[[8.1689,50.7972],[8.125,50.8362],[8.0224,50.7028],[8.0429,50.6002],[8.0019,50.59],[7.9711,50.6413],[7.9198,50.6002],[7.8993,50.6413],[7.8582,50.6413],[7.8377,50.6823],[7.7864,50.7028],[7.7351,50.6618],[7.7043,50.5797],[7.7248,50.5489],[7.7043,50.5079],[7.6735,50.5182],[7.6633,50.4668],[7.7146,50.4463],[7.7453,50.354],[7.6633,50.3437],[7.737,50.1409],[7.6448,49.9796],[7.5526,49.9796],[7.4373,49.9104],[6.9993,49.6568],[7.0685,49.5416],[7.0224,49.4263],[6.8841,49.4263],[6.9544,49.2017],[6.7772,49.1769],[6.6255,49.3018],[6.433,49.4453],[6.3995,49.6042],[6.5114,49.6689],[6.5309,49.7984],[6.3215,49.8416],[6.1366,49.982],[6.1085,50.1175],[6.2984,50.2869],[6.2814,50.4976],[6.1545,50.6618],[5.9996,50.7416],[6.0739,50.8666],[6.0097,50.9645],[5.9279,50.9808],[5.9642,51.0243],[6.0702,51.0842],[6.1762,51.1441],[6.0892,51.1985],[6.1796,51.3223],[6.2223,51.3891],[6.1538,51.5207],[6.1169,51.6399],[5.9479,51.7217],[5.9794,51.8035],[6.1327,51.8384],[6.2114,51.8799],[6.3814,51.8199],[6.6804,51.8878],[6.8246,51.9564],[6.8822,52.1257],[7.0677,52.2186],[7.0682,52.2726],[7.2169,52.2214],[7.5145,52.3856],[7.5247,52.4882],[7.6376,52.4882],[7.6479,52.4471],[7.73,52.4163],[7.7915,52.4471],[7.8633,52.3445],[7.8428,52.3342],[7.8428,52.2624],[7.8428,52.2316],[7.9146,52.2111],[7.8736,52.1393],[7.8018,52.1393],[7.8018,52.088],[7.8736,52.088],[7.9044,52.0367],[8.0788,52.0264],[8.1814,52.0572],[8.243,52.129],[8.3148,52.0983],[8.3764,52.1496],[8.4174,52.1188],[8.4482,52.1598],[8.4174,52.1803],[8.4277,52.2316],[8.4687,52.2727],[8.4687,52.3137],[8.4071,52.3753],[8.4174,52.4471],[8.4687,52.4676],[8.5303,52.4574],[8.5303,52.4779],[8.5611,52.4779],[8.5611,52.4676],[8.6431,52.4882],[8.6944,52.4471],[8.6842,52.3958],[8.6842,52.3548],[8.7355,52.3753],[8.7868,52.365],[8.7629,52.3018],[8.7704,52.2423],[8.8504,52.1948],[8.833,52.1598],[8.7663,52.1906],[8.715,52.1701],[8.7252,52.0983],[8.6431,52.0572],[8.5611,52.0983],[8.4995,52.0367],[8.5098,51.9444],[8.4892,51.8931],[8.5405,51.9136],[8.5816,51.8623],[8.5918,51.7597],[8.6431,51.7597],[8.6842,51.7084],[8.7355,51.7494],[8.7765,51.7391],[8.7765,51.7494],[8.8176,51.7186],[8.8483,51.7494],[8.8689,51.6571],[9.0023,51.6673],[9.1729,51.6254],[9.1613,51.5442],[9.2126,51.5339],[9.2023,51.4929],[9.1408,51.4826],[9.0792,51.4108],[8.9766,51.38],[8.9869,51.3185],[8.8637,51.2569],[8.833,51.3082],[8.8535,51.4416],[8.7714,51.4929],[8.679,51.4313],[8.7201,51.3492],[8.7509,51.3287],[8.7406,51.2979],[8.6996,51.2979],[8.6483,51.3287],[8.5662,51.3287],[8.4841,51.2774],[8.5149,51.2159],[8.5764,51.2159],[8.5867,51.1235],[8.5347,51.079],[8.5149,51.062],[8.5149,51.0414],[8.4636,51.0107],[8.4225,51.0414],[8.3405,51.0107],[8.3405,50.9593],[8.2584,50.867],[8.1689,50.7972]]],[[[10.832,51.6111],[10.6913,51.6178],[10.5976,51.5642],[10.55,51.575],[10.5286,51.6018],[10.5714,51.6232],[10.5386,51.663],[10.5178,51.6768],[10.53,51.7116],[10.5354,51.7224],[10.5894,51.717],[10.5894,51.7494],[10.6543,51.7602],[10.6651,51.7278],[10.8433,51.8844],[10.5783,52.0918],[10.5532,52.1671],[10.5783,52.1755],[10.5783,52.2425],[10.5532,52.276],[10.5532,52.2928],[10.5029,52.3514],[10.5113,52.3681],[10.5113,52.3932],[10.5281,52.4435],[10.5699,52.4435],[10.5699,52.4602],[10.5364,52.4602],[10.5281,52.7366],[10.5532,52.8035],[10.6872,52.77],[10.7039,52.8203],[10.8714,52.7784],[10.8965,52.7617],[10.9216,52.7784],[10.9802,52.7114],[11.064,52.7617],[11.0807,52.7449],[11.1142,52.7533],[11.0975,52.7784],[11.1142,52.8203],[11.1477,52.8119],[11.1812,52.8873],[11.0807,52.971],[11.1869,53.0387],[11.2192,53.0387],[11.3162,53.1033],[11.3485,53.1518],[11.397,53.1518],[11.4617,53.0871],[11.5263,53.1033],[11.5101,53.1195],[11.591,53.1195],[11.6395,53.1518],[11.7203,53.1356],[11.7526,53.3458],[11.8173,53.2165],[11.8658,53.2488],[11.8819,53.2165],[11.9143,53.2488],[11.9628,53.2003],[12.0921,53.2003],[12.3022,53.0548],[12.3507,53.071],[12.5447,52.9902],[12.7872,52.8932],[12.8357,52.9417],[12.9326,52.9093],[12.9326,52.8608],[13.0781,52.8285],[13.0943,52.78],[13.0296,52.7477],[13.0943,52.6669],[13.2559,52.6184],[13.3044,52.6507],[13.1913,52.7962],[13.1428,52.78],[13.1428,52.877],[13.062,52.9255],[13.062,52.9902],[13.1913,52.9578],[13.2721,53.0225],[13.4176,53.0063],[13.4984,53.1195],[13.5307,53.0871],[13.6116,53.2811],[13.7247,53.2811],[13.757,53.4266],[13.6924,53.4266],[13.7732,53.4751],[13.8055,53.6044],[13.6116,53.6691],[13.5631,53.6367],[13.5307,53.6367],[13.4822,53.7014],[13.4014,53.7014],[13.2559,53.5721],[13.2074,53.6206],[13.1104,53.5721],[13.1104,53.6206],[13.1751,53.6691],[13.1428,53.7822],[13.0135,53.7337],[12.9811,53.7337],[12.8841,53.6852],[12.771,53.7014],[12.9003,53.9277],[13.2482,53.9663],[13.5552,53.8267],[13.6676,54.0842],[13.7378,54.0303],[13.7643,53.8772],[13.7805,53.7752],[13.8502,53.7293],[14.0097,53.6732],[14.1769,53.6834],[14.1896,53.6248],[14.2802,53.6134],[14.4332,53.5942],[14.5371,53.5382],[14.4953,53.6248],[14.5653,53.6936],[14.5569,53.7599],[14.4825,53.8185],[14.4729,53.8768],[14.4674,53.9104],[14.5802,53.929],[14.8858,53.9796],[15.0797,54.0025],[15.3117,54.071],[15.8984,54.1284],[16.1147,54.1996],[16.4732,54.415],[16.9759,54.5493],[17.6576,54.6855],[18.2794,54.7241],[18.7595,54.5364],[18.3629,54.6689],[18.3385,54.6026],[18.4538,54.5254],[18.5132,54.3158],[18.6731,54.2551],[18.965,54.2276],[19.255,54.2772],[19.7336,54.4612],[19.7577,54.4592],[19.3176,54.2717],[19.2321,54.2221],[19.2303,54.167],[19.3281,54.1615],[19.4568,54.2166],[19.7331,54.3103],[19.9775,54.4239],[20.1886,54.522],[20.3267,54.564],[20.1942,54.575],[20.0057,54.5475],[19.9381,54.6082],[19.8818,54.5254],[19.8332,54.5309],[19.8632,54.7517],[19.9426,54.8499],[20.1271,54.8456],[20.7972,54.818],[20.9852,54.8116],[21.1373,54.8455],[21.1919,54.9596],[21.1133,55.0892],[21.2239,55.1114],[21.1931,55.1664],[21.1623,55.2214],[21.143,55.2558],[21.2009,55.2614],[21.2163,55.3437],[21.0185,55.634],[21.0148,55.6971],[20.996,56.0241],[20.9454,56.07],[21.2755,55.8611],[21.684,55.3535],[22.5839,55.0094],[22.6316,54.9487],[22.7935,54.9024],[22.8243,54.7868],[22.7241,54.7328],[22.6625,54.5709],[22.6702,54.4939],[22.699,54.4149],[22.7397,53.9499],[22.8066,53.8076],[21.5317,53.4011],[23.6219,52.0823],[23.6076,51.5935],[23.296,51.4822],[23.3239,50.9519],[23.0448,50.7845],[23.0169,50.9798],[22.1796,51.0008],[22.3191,51.1054],[22.0051,51.1054],[21.6563,50.7915],[21.098,50.4775],[20.5747,50.4775],[20.4701,50.303],[20.1212,50.303],[20.0165,50.1984],[19.7723,50.1984],[19.5979,49.9541],[18.7456,50.266],[18.7691,50.177],[18.7963,49.7134],[18.6247,49.7566],[18.54,49.85],[18.5487,49.9617],[18.1878,50.0213],[18.048,50.1026],[17.8825,50.0301],[17.7507,50.036],[17.7447,50.1351],[17.7456,50.2489],[17.5971,50.211],[17.6788,50.3383],[17.3597,50.3357],[17.2433,50.39],[17.0144,50.4768],[16.8856,50.4877],[16.8844,50.4225],[17.0115,50.2869],[16.8271,50.2327],[16.728,50.1486],[16.585,50.1812],[16.4514,50.352],[16.2044,50.4632],[16.3047,50.5583],[16.3986,50.5691],[16.4428,50.6234],[16.3531,50.7049],[16.2378,50.7158],[16.2102,50.6859],[16.0009,50.656],[16.0029,50.7321],[15.8775,50.7158],[15.8183,50.7973],[15.5628,50.8213],[15.4722,50.8326],[15.3088,50.906],[15.267,51.023],[15.3415,51.2869],[15.2578,51.6218],[14.867,51.5939],[14.867,51.7613],[15.1741,51.7892],[15.2002,51.9853],[14.5261,51.8861],[14.5093,51.9621],[14.5514,52.2743],[14.3236,52.2743],[14.3236,52.3333],[14.138,52.2743],[14.0536,52.3249],[14.0114,52.1477],[13.8595,52.1477],[13.8005,52.0633],[13.6028,52.1112],[13.3868,52.0518],[13.3976,52.2517],[13.2464,52.2301],[13.106,52.2409],[13.1411,52.0464],[12.5795,52.095],[12.3635,52.0626],[12.1852,52.0734],[12.1069,52.1382],[12.1393,52.1868],[12.1069,52.2031],[11.9395,52.1382],[11.8153,52.1544],[11.8332,52.0748],[11.7923,52.0562],[11.6881,51.952],[11.703,51.9445],[11.6769,51.9185],[11.5876,51.9185],[11.4983,51.8292],[11.4164,51.8329],[11.3903,51.7696],[11.2824,51.7622],[11.2564,51.7957],[11.1819,51.7771],[11.1671,51.8031],[11.0666,51.7473],[11.1261,51.5798],[11.0591,51.5575],[10.9727,51.5843],[10.9526,51.6312],[10.8923,51.6379],[10.8722,51.6513],[10.832,51.6111]]],[[[14.4248,53.915],[14.4729,53.8768],[14.4591,53.8187],[14.3339,53.8297],[14.2479,53.816],[14.2272,53.9095],[14.3053,53.915],[14.4248,53.915]]]]}},{"type":"Feature","properties":{"name":"Russian Empire","label":[27.8857,54.294],"flaechen":1,"minzoom":4},"geometry":{"type":"MultiPolygon","coordinates":[[[[22.5839,55.0094],[21.684,55.3535],[21.2755,55.8611],[20.9454,56.07],[20.916,56.0967],[20.949,56.4732],[20.9648,56.609],[21.0221,56.6839],[21.3244,56.8544],[21.3397,57.1771],[21.4596,57.2496],[21.5795,57.3726],[21.6773,57.4637],[21.8103,57.4754],[22.2854,57.565],[22.3599,57.5857],[22.433,57.6156],[22.5636,57.6156],[22.5854,57.5087],[22.8814,57.3341],[23.0709,57.2613],[23.1747,57.0485],[23.2154,56.9807],[23.4145,56.8924],[23.7678,56.8659],[24.1584,56.9755],[24.2663,57.0301],[24.3465,57.1597],[24.3229,57.3369],[24.2362,57.7282],[24.3254,57.8375],[24.3456,57.8622],[24.4156,57.9479],[24.4144,58.1059],[24.4968,58.2132],[24.3311,58.3079],[24.0584,58.1115],[23.9081,58.2244],[23.6709,58.2414],[23.6905,58.6655],[23.5119,58.5809],[23.3608,58.7674],[23.432,58.8581],[23.3379,58.9724],[23.457,59.0055],[23.4158,59.119],[23.5702,59.1381],[24.0321,59.1757],[24.0296,59.2354],[24.2819,59.2841],[24.3416,59.3689],[24.5376,59.3234],[24.5709,59.3743],[24.7138,59.3518],[24.7512,59.4485],[25.2483,59.3618],[25.4488,59.494],[25.49,59.42],[25.7211,59.4598],[26.3433,59.4466],[26.8619,59.3717],[26.999,59.3177],[27.2651,59.338],[27.702,59.2975],[27.8936,59.3461],[28.0159,59.4542],[28.0131,59.4582],[27.9734,59.5167],[27.8967,59.5338],[27.9417,59.6476],[28.0942,59.6647],[28.1631,59.5907],[28.2663,59.5622],[28.351,59.6021],[28.3091,59.6644],[28.4444,59.7337],[28.6627,59.6443],[28.7959,59.6722],[28.9363,59.8246],[29.0761,59.9078],[29.4136,59.86],[29.7655,59.7362],[29.9632,59.7366],[30.1266,59.806],[29.9529,59.9856],[29.6873,60.131],[29.5107,60.1446],[28.969,60.1088],[28.6916,60.15],[28.5694,60.1984],[28.4352,60.3373],[28.5512,60.5326],[28.5215,60.6233],[28.4318,60.6035],[28.0114,60.5107],[27.4736,60.4261],[27.4062,60.3448],[27.1785,60.4424],[26.9456,60.3763],[26.9223,60.3161],[26.6131,60.3478],[26.5259,60.3965],[26.5312,60.3935],[26.6673,61.0],[32.0,61.0],[32.0,46.3335],[31.9259,46.4099],[32.0,46.4613],[32.0,46.8087],[31.9513,46.8646],[31.781,46.7019],[31.5377,46.7014],[31.0872,46.6355],[30.8329,46.5766],[30.5205,46.2514],[30.4328,46.1757],[30.0661,46.2804],[29.9643,46.3685],[29.8068,46.505],[29.4267,46.8161],[29.1156,47.2827],[29.0106,47.5539],[28.9082,47.8184],[28.4268,48.0974],[28.4154,48.0822],[28.387,48.1049],[28.387,48.139],[28.3473,48.1503],[28.3019,48.1333],[28.319,48.156],[28.3587,48.2014],[28.3473,48.2297],[28.2963,48.2297],[28.2168,48.2127],[28.1601,48.2241],[28.1147,48.2184],[28.0806,48.2524],[28.0579,48.2808],[28.0125,48.3092],[27.9444,48.3149],[27.882,48.3376],[27.8196,48.3943],[27.7231,48.434],[27.7061,48.4397],[27.6478,48.7516],[27.4858,48.7516],[27.4858,48.6706],[27.1077,48.8326],[27.1077,48.6436],[26.9894,48.6808],[26.5242,48.827],[26.1627,48.9406],[26.0817,49.1296],[26.087,49.6681],[26.1149,50.6449],[25.7521,50.5333],[25.6684,50.4495],[25.473,50.5054],[25.1381,50.924],[24.9427,50.9519],[24.8032,50.8124],[24.552,50.8682],[24.5241,51.1194],[24.3008,51.1752],[24.217,51.5101],[24.0496,51.5101],[23.9658,51.3148],[23.8821,51.3985],[23.6867,51.6218],[23.6076,51.5935],[23.6219,52.0823],[21.5317,53.4011],[22.8066,53.8076],[22.7397,53.9499],[22.699,54.4149],[22.6702,54.4939],[22.6625,54.5709],[22.7241,54.7328],[22.8243,54.7868],[22.7935,54.9024],[22.6316,54.9487],[22.5839,55.0094]],[[30.3004,61.0],[30.4087,60.928],[30.4358,60.9027],[30.4412,60.8736],[30.4559,60.86],[30.5021,60.8432],[30.5279,60.8117],[30.5332,60.7655],[30.5254,60.7389],[30.5045,60.7316],[30.504,60.7036],[30.5239,60.6546],[30.5339,60.6301],[30.6633,60.5928],[30.7237,60.5618],[30.7586,60.5245],[30.7742,60.4921],[30.776,60.4481],[30.8033,60.4466],[30.8169,60.4588],[30.8321,60.4575],[30.8491,60.4426],[30.9568,60.2636],[31.0189,60.1929],[31.109,60.1464],[31.1149,60.1349],[31.0951,60.0837],[31.106,60.0563],[31.1429,60.0317],[31.1453,60.0055],[31.0632,59.9629],[31.0428,59.951],[31.064,59.9432],[31.1062,59.9277],[31.1764,59.9258],[31.2744,59.9376],[31.3493,59.9328],[31.4014,59.9113],[31.4548,59.9072],[31.5098,59.9204],[31.5472,59.9401],[31.5672,59.9666],[31.565,59.998],[31.5409,60.0345],[31.5482,60.0719],[31.6064,60.1336],[31.6059,60.1423],[31.5969,60.1438],[31.5906,60.1556],[31.5989,60.1696],[31.6994,60.2356],[31.8433,60.2479],[32.0,60.2322],[32.0,61.0]]]]}},{"type":"Feature","properties":{"name":"Saxony","label":[13.1823,51.3486],"flaechen":1,"minzoom":5},"geometry":{"type":"MultiPolygon","coordinates":[[[[12.0837,50.2617],[11.8424,50.3274],[11.8272,50.373],[11.7646,50.398],[11.8647,50.448],[11.8647,50.423],[11.9272,50.423],[11.9397,50.4855],[12.0397,50.4355],[12.1147,50.4855],[12.0272,50.548],[11.9772,50.548],[11.7714,50.5559],[11.6212,50.3555],[11.4542,50.4557],[11.7046,50.7562],[11.9384,50.8564],[12.1221,50.823],[12.2022,50.773],[12.3022,50.7856],[12.3147,50.773],[12.3772,50.8106],[12.3522,50.8856],[12.2397,50.8981],[12.2397,50.9481],[12.1431,50.9895],[12.0647,51.0231],[11.7609,50.9929],[11.6938,51.0264],[11.6044,50.9817],[11.5598,51.0487],[11.5933,51.0711],[11.5709,51.1158],[11.6156,51.1716],[11.5933,51.194],[11.5598,51.1493],[11.5151,51.1716],[11.4033,51.0711],[11.381,51.0711],[11.3587,51.1381],[11.3251,51.1269],[11.3028,51.2163],[11.2022,51.2275],[11.1799,51.194],[10.9788,51.1716],[10.9453,51.1493],[10.8,51.1605],[10.7888,51.1158],[10.7553,51.1269],[10.5989,51.0599],[10.543,51.0823],[10.4984,50.9929],[10.4425,51.0487],[10.4524,51.207],[10.5449,51.2186],[10.5593,51.1703],[10.6394,51.1569],[10.6426,51.2363],[10.7362,51.2571],[10.7196,51.3072],[10.6361,51.3573],[10.6764,51.4671],[10.765,51.4437],[10.8789,51.4705],[10.8722,51.5174],[10.9727,51.5843],[11.0591,51.5575],[11.1336,51.5166],[11.0702,51.4408],[11.0869,51.4074],[11.137,51.4074],[11.2038,51.2738],[11.2538,51.2571],[11.2872,51.3573],[11.4208,51.374],[11.4208,51.3072],[11.5377,51.3072],[11.521,51.4575],[11.4424,51.6133],[11.6248,51.6096],[11.662,51.5649],[11.6918,51.5873],[11.8034,51.5649],[11.8853,51.617],[11.8667,51.6356],[11.8853,51.6356],[11.9114,51.6096],[11.9337,51.5984],[11.997,51.5947],[11.997,51.617],[11.9635,51.6208],[11.9709,51.6319],[11.9858,51.6282],[11.9858,51.7398],[12.0677,51.7547],[12.0937,51.7436],[12.0974,51.7808],[12.1607,51.8403],[12.1644,51.8924],[12.1235,51.8961],[12.0826,51.9594],[12.09,51.9855],[12.0602,51.9892],[12.0156,51.9706],[11.9821,52.0264],[11.9932,52.0859],[11.9337,52.0934],[11.8518,52.0599],[11.8332,52.0748],[11.8153,52.1544],[11.9395,52.1382],[12.1069,52.2031],[12.1393,52.1868],[12.1069,52.1382],[12.1852,52.0734],[12.3635,52.0626],[12.5795,52.095],[13.1411,52.0464],[13.106,52.2409],[13.2464,52.2301],[13.3976,52.2517],[13.3868,52.0518],[13.6028,52.1112],[13.8005,52.0633],[13.8595,52.1477],[14.0114,52.1477],[14.0536,52.3249],[14.138,52.2743],[14.3236,52.3333],[14.3236,52.2743],[14.5514,52.2743],[14.5093,51.9621],[14.5261,51.8861],[15.2002,51.9853],[15.1741,51.7892],[14.867,51.7613],[14.867,51.5939],[15.2578,51.6218],[15.3415,51.2869],[15.267,51.023],[15.0093,51.0556],[14.981,51.0175],[15.0083,50.9849],[14.9973,50.9169],[14.8289,50.9169],[14.7648,50.8653],[14.6103,50.8979],[14.5964,51.023],[14.4578,51.0774],[14.2617,51.0447],[14.3888,50.9468],[14.2747,50.9088],[14.1465,50.8653],[13.9107,50.8435],[13.8548,50.7674],[13.5242,50.7565],[13.4733,50.6587],[13.3942,50.6913],[13.233,50.6638],[13.1894,50.561],[13.0175,50.5555],[12.9823,50.4741],[12.7837,50.4741],[12.5939,50.3836],[12.4616,50.3981],[12.2022,50.2397],[12.1773,50.1917],[12.1523,50.2416],[12.0837,50.2617]]]]}},{"type":"Feature","properties":{"name":"Schaumburg-Lippe","label":[8.8233,52.3016],"flaechen":1,"minzoom":8},"geometry":{"type":"MultiPolygon","coordinates":[[[[8.7868,52.365],[8.8586,52.3856],[8.9048,52.3548],[8.833,52.2727],[8.8637,52.2214],[8.8504,52.1948],[8.7704,52.2423],[8.7629,52.3018],[8.7868,52.365]]]]}},{"type":"Feature","properties":{"name":"Spain","label":[-3.5938,40.3847],"flaechen":1,"minzoom":4},"geometry":{"type":"MultiPolygon","coordinates":[[[[-8.8605,42.0145],[-8.7986,42.1945],[-8.6441,42.4197],[-8.805,42.6316],[-8.9417,42.8242],[-9.1731,42.8559],[-9.2469,42.9008],[-9.2708,43.0487],[-9.1975,43.1582],[-9.0136,43.2809],[-8.8492,43.3262],[-8.5957,43.3396],[-8.3104,43.353],[-8.2507,43.4304],[-8.2202,43.6172],[-7.9795,43.7401],[-7.6363,43.7214],[-7.1513,43.5549],[-6.808,43.5234],[-6.4676,43.5627],[-6.208,43.6405],[-5.9797,43.7054],[-5.8205,43.7057],[-5.5374,43.5775],[-5.2249,43.5072],[-4.8023,43.4694],[-4.1102,43.4515],[-3.8476,43.4392],[-3.417,43.3757],[-3.196,43.4469],[-3.0072,43.5503],[-2.7684,43.5379],[-2.3674,43.3262],[-2.0656,43.3333],[-1.9146,43.3054],[-1.7024,43.1959],[-1.4914,43.2096],[-1.4657,43.1549],[-1.5577,43.0454],[-1.5151,42.9976],[-1.4476,42.9839],[-1.3973,43.0318],[-0.9074,42.8813],[-0.84,42.9087],[-0.612,42.7309],[-0.5868,42.7651],[-0.4688,42.7514],[-0.4099,42.7856],[-0.2161,42.7172],[-0.2037,42.7003],[-0.1656,42.6488],[0.1796,42.6625],[0.1963,42.6078],[0.3478,42.6352],[0.5919,42.6283],[0.5841,42.7719],[0.7442,42.7719],[1.3075,42.6352],[1.3487,42.5395],[1.3644,42.4096],[1.4482,42.3755],[1.6166,42.4096],[1.7092,42.4233],[1.8601,42.3823],[1.8761,42.314],[1.9937,42.3072],[2.1711,42.3823],[2.3632,42.2935],[2.5815,42.2867],[2.5993,42.3481],[2.9365,42.4096],[3.0871,42.3686],[3.0865,42.3291],[3.0863,42.1207],[3.1566,42.0757],[3.1289,41.8572],[2.6283,41.6195],[2.2006,41.4461],[2.0807,41.2985],[1.6098,41.2092],[1.3112,41.1573],[0.8792,41.0217],[0.7338,40.875],[0.7098,40.7851],[0.8271,40.7274],[0.7876,40.6569],[0.5051,40.5928],[0.2379,40.2402],[-0.1606,39.886],[-0.2037,39.7994],[-0.2845,39.6368],[-0.3948,39.4345],[-0.2359,39.0624],[-0.2037,39.0127],[-0.1657,38.9541],[0.1261,38.8214],[0.1726,38.7383],[-0.107,38.5915],[-0.2037,38.544],[-0.4352,38.4303],[-0.5641,38.2149],[-0.6647,38.1766],[-0.8723,37.7598],[-0.8026,37.615],[-0.9183,37.5703],[-1.3646,37.5484],[-1.6257,37.4395],[-1.8169,37.2925],[-1.9405,36.9516],[-2.2388,36.7284],[-2.3551,36.8241],[-2.6243,36.8113],[-2.7615,36.6901],[-2.9153,36.6901],[-2.9698,36.7411],[-4.4466,36.722],[-4.7573,36.4861],[-5.2167,36.4096],[-5.3742,36.2375],[-5.3867,36.11],[-5.4243,36.0717],[-5.4571,36.1674],[-5.4879,36.1737],[-5.4855,36.0654],[-5.6606,36.008],[-5.85,36.0717],[-6.2045,36.2821],[-6.305,36.4542],[-6.2889,36.5722],[-6.444,36.6232],[-6.5005,36.7188],[-6.4217,36.7922],[-6.6322,37.0218],[-6.948,37.1493],[-7.0101,37.1653],[-7.2278,37.2259],[-7.4915,37.2082],[-7.488,37.2164],[-7.3514,37.6444],[-7.2425,37.8109],[-6.8448,38.1002],[-7.0281,38.2396],[-7.3939,38.295],[-7.3173,38.4996],[-7.0894,38.7945],[-6.9334,38.9613],[-7.0069,39.0503],[-7.2114,39.2982],[-7.431,39.5205],[-7.3013,39.5787],[-7.0842,39.5991],[-6.8783,39.7024],[-6.8587,39.7919],[-6.8842,40.214],[-6.8249,40.6566],[-6.8572,40.8616],[-6.8344,41.0605],[-6.7966,41.0928],[-6.2411,41.3205],[-6.1115,41.4175],[-6.1395,41.5264],[-6.5184,41.7491],[-6.5861,41.8579],[-6.7087,41.96],[-6.8595,41.9849],[-7.0984,41.868],[-7.9186,41.8892],[-8.1573,42.087],[-8.405,42.0021],[-8.8061,41.8892],[-8.8605,42.0145]]]]}},{"type":"Feature","properties":{"name":"Swabia","label":[9.8374,49.8019],"flaechen":1,"minzoom":5},"geometry":{"type":"MultiPolygon","coordinates":[[[[10.4984,50.9929],[10.543,51.0823],[10.5989,51.0599],[10.7553,51.1269],[10.7888,51.1158],[10.8,51.1605],[10.9453,51.1493],[10.9788,51.1716],[11.1799,51.194],[11.2022,51.2275],[11.3028,51.2163],[11.3251,51.1269],[11.3587,51.1381],[11.381,51.0711],[11.4033,51.0711],[11.5151,51.1716],[11.5598,51.1493],[11.5933,51.194],[11.6156,51.1716],[11.5709,51.1158],[11.5933,51.0711],[11.5598,51.0487],[11.6044,50.9817],[11.6938,51.0264],[11.7609,50.9929],[12.0647,51.0231],[12.1431,50.9895],[12.2397,50.9481],[12.2397,50.8981],[12.3522,50.8856],[12.3772,50.8106],[12.3147,50.773],[12.3022,50.7856],[12.2022,50.773],[12.1221,50.823],[11.9384,50.8564],[11.7046,50.7562],[11.4542,50.4557],[11.6212,50.3555],[11.7714,50.5559],[11.9772,50.548],[12.0272,50.548],[12.1147,50.4855],[12.0397,50.4355],[11.9397,50.4855],[11.9272,50.423],[11.8647,50.423],[11.8647,50.448],[11.7646,50.398],[11.8272,50.373],[11.8424,50.3274],[12.0837,50.2617],[12.0849,50.1518],[12.1278,50.1518],[12.2135,50.0089],[12.1034,49.9033],[11.9148,49.9645],[11.8919,49.9645],[11.8805,49.8845],[11.9376,49.8845],[11.9376,49.8616],[11.9719,49.8502],[11.9605,49.7931],[11.6861,49.7588],[11.6518,49.3701],[11.5718,49.3358],[11.6404,49.29],[11.6518,49.0385],[11.446,48.8785],[11.2974,48.8899],[11.1031,48.9699],[10.8744,48.9814],[10.8973,48.8328],[10.6458,48.7985],[10.5315,48.8328],[10.6001,48.6613],[10.7144,48.707],[10.8173,48.7756],[10.9202,48.787],[10.9087,48.3412],[10.8348,47.545],[10.6132,47.5852],[10.4954,47.5604],[10.3883,47.579],[10.4031,47.4554],[10.1995,47.301],[10.1029,47.301],[10.138,47.3887],[10.021,47.406],[10.0258,47.4801],[9.9383,47.5017],[9.892,47.5635],[9.78,47.5666],[9.7367,47.6161],[9.6655,47.5562],[9.6532,47.5562],[9.6282,47.5704],[9.6067,47.5725],[9.6009,47.5853],[9.5634,47.5847],[9.5339,47.5968],[9.5023,47.6464],[9.4882,47.6515],[9.4661,47.648],[9.4641,47.6488],[9.6381,47.7091],[9.5756,48.2929],[9.7215,48.3555],[9.7215,48.6265],[9.659,48.7725],[9.659,48.8767],[9.7632,48.9601],[9.8049,49.1687],[9.8049,49.3146],[9.6378,49.2939],[9.6381,49.5857],[9.5964,49.6065],[9.5964,49.6482],[9.4713,49.6482],[9.4088,49.6691],[9.3045,49.6274],[9.3254,49.5231],[9.2211,49.5231],[9.1585,49.398],[9.0751,49.3772],[9.0751,49.2729],[8.9709,49.2729],[8.9083,49.2729],[8.9709,49.3355],[8.9292,49.3563],[8.8041,49.3563],[8.7415,49.398],[8.7207,49.5531],[8.6562,49.5531],[8.5986,49.3802],[8.5121,49.5243],[8.3104,49.5531],[8.4833,49.2938],[8.1583,48.9783],[7.8857,49.0652],[7.6705,49.059],[7.4654,49.0993],[7.4228,49.1831],[7.3174,49.1862],[7.285,49.1645],[6.9747,49.1366],[6.9544,49.2017],[6.8841,49.4263],[7.0224,49.4263],[7.0685,49.5416],[6.9993,49.6568],[7.4373,49.9104],[7.5526,49.9796],[7.6448,49.9796],[7.737,50.1409],[7.6633,50.3437],[7.7453,50.354],[7.7146,50.4463],[7.6633,50.4668],[7.6735,50.5182],[7.7043,50.5079],[7.7248,50.5489],[7.7043,50.5797],[7.7351,50.6618],[7.7864,50.7028],[7.8377,50.6823],[7.8582,50.6413],[7.8993,50.6413],[7.9198,50.6002],[7.9711,50.6413],[8.0019,50.59],[8.0429,50.6002],[8.0224,50.7028],[8.125,50.8362],[8.1689,50.7972],[8.2584,50.867],[8.3405,50.9593],[8.3405,51.0107],[8.4225,51.0414],[8.4636,51.0107],[8.5149,51.0414],[8.5149,51.062],[8.5347,51.079],[8.6329,51.0209],[8.7047,51.103],[8.7355,51.0825],[8.7047,51.0312],[8.7355,50.9593],[8.715,50.9491],[8.756,50.8157],[8.8073,50.9286],[8.8483,50.908],[8.9099,51.0004],[8.8381,51.0927],[8.8689,51.1235],[8.8637,51.2569],[8.9869,51.3185],[8.9766,51.38],[9.0792,51.4108],[9.1408,51.4826],[9.2023,51.4929],[9.2126,51.5339],[9.1613,51.5442],[9.3254,51.5803],[9.3254,51.5885],[9.3511,51.5982],[9.38,51.5145],[9.4106,51.5553],[9.4413,51.4941],[9.4208,51.4533],[9.4515,51.3818],[9.5025,51.3512],[9.4719,51.2593],[9.5944,51.2389],[9.574,51.3104],[9.6487,51.3082],[9.7307,51.3492],[9.7923,51.339],[9.8949,51.3903],[9.977,51.4005],[9.977,51.4416],[10.0899,51.4826],[10.1001,51.4519],[10.1617,51.4724],[10.2552,51.4303],[10.4266,51.2363],[10.4524,51.207],[10.4425,51.0487],[10.4984,50.9929]]]]}},{"type":"Feature","properties":{"name":"Sweden","label":[15.9769,58.9157],"flaechen":10,"minzoom":4},"geometry":{"type":"MultiPolygon","coordinates":[[[[26.0377,60.2493],[25.8901,60.2358],[25.8455,60.1155],[25.5805,60.2623],[25.4499,60.1384],[25.1458,60.1097],[24.993,60.0296],[24.9695,60.0868],[24.743,60.0382],[24.516,59.9895],[24.4211,59.8698],[24.2814,59.9381],[23.9789,59.8811],[23.9611,59.9325],[23.6647,59.8356],[23.4189,59.8298],[23.2014,59.8185],[22.9821,59.9325],[22.882,60.0556],[23.0052,60.2088],[22.6246,60.2011],[22.3921,60.1212],[22.4215,60.2932],[22.2207,60.2588],[21.931,60.3808],[21.7468,60.4083],[21.5602,60.5125],[21.4432,60.6936],[21.428,61.0],[17.147,61.0],[17.1462,60.9528],[17.3176,60.7531],[17.1885,60.6743],[17.605,60.6375],[17.7065,60.5536],[17.9307,60.5903],[18.2244,60.323],[18.4169,60.1816],[18.8041,60.1084],[18.8931,59.9257],[19.0373,59.8632],[19.0436,59.7124],[18.8679,59.7124],[18.6393,59.5669],[18.2514,59.4319],[18.0301,59.3593],[17.7953,59.3645],[17.73,59.4164],[17.368,59.4683],[17.0706,59.5461],[16.7855,59.5773],[16.7241,59.5306],[16.5232,59.5825],[16.4076,59.4475],[16.7765,59.4787],[16.9998,59.3593],[17.2658,59.3385],[17.3581,59.2452],[17.5749,59.2141],[17.5844,59.2711],[17.8617,59.24],[17.9776,59.3282],[18.1114,59.323],[18.3282,59.3697],[18.4296,59.3333],[18.4414,59.4008],[18.5155,59.4008],[18.6113,59.3333],[18.5982,59.297],[18.2734,59.2867],[18.372,59.1571],[18.0157,59.0379],[17.9401,58.9085],[17.7665,58.8723],[17.7264,58.9137],[17.7452,58.9861],[17.7391,59.1104],[17.6232,59.1001],[17.5822,58.893],[17.3567,58.743],[17.2454,58.7171],[17.083,58.7481],[17.0807,58.6499],[16.4429,58.6344],[16.5132,58.4281],[16.744,58.312],[16.7735,58.0379],[16.7246,57.8893],[16.5978,57.8665],[16.4595,57.8952],[16.4765,57.7021],[16.6072,57.6658],[16.5505,57.5452],[16.6587,57.443],[16.4942,57.2789],[16.3945,57.0743],[16.3762,56.8224],[16.0314,56.3531],[15.7705,56.0332],[15.6962,56.061],[15.497,56.1672],[15.2208,56.0804],[14.6529,56.1206],[14.6052,55.9808],[14.4918,56.018],[14.2589,55.8993],[14.126,55.6666],[14.2864,55.5155],[14.1172,55.3471],[13.9011,55.4052],[13.8233,55.4218],[13.3019,55.3007],[12.8024,55.3529],[12.8019,55.4168],[12.8876,55.4516],[12.8593,55.5329],[12.9859,55.6666],[12.699,55.9051],[12.5134,56.1206],[12.4144,56.243],[12.6524,56.2955],[12.6154,56.4356],[12.8048,56.4012],[12.8716,56.5115],[12.7859,56.6167],[12.6575,56.6108],[12.526,56.7804],[12.2886,56.8799],[12.0051,57.3252],[11.8766,57.3252],[11.8811,57.509],[11.7661,57.6727],[11.6098,57.8069],[11.7091,58.0247],[11.8019,58.1779],[11.6139,58.2473],[11.4311,58.2015],[11.4067,58.3313],[11.2214,58.3083],[11.1404,58.8512],[11.0392,58.9104],[11.1789,59.0703],[11.3108,59.0111],[11.3786,58.8571],[11.5633,58.8631],[11.7089,59.1949],[11.6103,59.5686],[11.8379,59.6696],[11.8906,59.86],[12.077,59.8659],[12.4228,60.0388],[12.4359,60.2781],[12.548,60.4339],[12.431,60.6258],[12.174,60.9564],[12.4296,61.0],[26.6673,61.0],[26.5312,60.3935],[26.5259,60.3965],[26.5516,60.5707],[26.4428,60.3333],[26.3227,60.2702],[26.0377,60.2493]],[[13.9454,59.0674],[13.9306,59.0898],[13.9463,59.1129],[13.9938,59.1572],[14.0273,59.2043],[14.0475,59.2412],[14.0543,59.2678],[14.0557,59.29],[14.0518,59.3048],[14.0455,59.3136],[14.028,59.3201],[13.9971,59.3291],[13.9617,59.334],[13.9333,59.3305],[13.9043,59.3277],[13.8674,59.3346],[13.8301,59.3409],[13.8003,59.3371],[13.766,59.3309],[13.752,59.3312],[13.7439,59.3415],[13.7385,59.3595],[13.7197,59.378],[13.6797,59.3897],[13.6283,59.3899],[13.5483,59.3813],[13.4611,59.37],[13.3782,59.3641],[13.3157,59.3612],[13.2775,59.3573],[13.2611,59.3518],[13.2512,59.345],[13.2489,59.3357],[13.251,59.3245],[13.2517,59.315],[13.2457,59.3103],[13.2179,59.3105],[13.1914,59.3246],[13.1731,59.3475],[13.1549,59.3529],[13.1427,59.3423],[13.1301,59.319],[13.1182,59.2955],[13.1081,59.2838],[13.103,59.274],[13.1033,59.2546],[13.1231,59.1975],[13.1773,59.0969],[13.2211,58.9927],[13.2436,58.9305],[13.2357,58.9051],[13.1951,58.8986],[13.1598,58.9051],[13.1221,58.9208],[13.0881,58.9466],[13.0617,58.9773],[13.0406,59.0143],[12.9453,59.0477],[12.8686,59.0727],[12.8184,59.082],[12.7841,59.0762],[12.7459,59.0648],[12.7084,59.0355],[12.6758,58.9867],[12.6469,58.9315],[12.6184,58.8869],[12.5997,58.8456],[12.5758,58.8257],[12.5571,58.8189],[12.5353,58.8321],[12.5264,58.8456],[12.5199,58.8674],[12.5103,58.9012],[12.4973,58.92],[12.4819,58.9306],[12.4686,58.9349],[12.464,58.9207],[12.4718,58.8769],[12.4738,58.8397],[12.459,58.8174],[12.4321,58.8125],[12.4255,58.8015],[12.4476,58.7828],[12.4713,58.7828],[12.4997,58.7645],[12.5009,58.7275],[12.5037,58.6946],[12.5252,58.6612],[12.5628,58.6502],[12.6113,58.6413],[12.6069,58.6171],[12.4877,58.5132],[12.3293,58.4339],[12.3133,58.3953],[12.3347,58.3738],[12.375,58.3829],[12.507,58.3969],[12.5543,58.4298],[12.5711,58.4322],[12.5727,58.4192],[12.5543,58.3944],[12.5506,58.3789],[12.5619,58.3732],[12.5796,58.3721],[12.602,58.376],[12.6243,58.3823],[12.6497,58.3969],[12.6792,58.4205],[12.7275,58.4521],[12.7983,58.4857],[12.8687,58.5038],[12.9128,58.5458],[12.9521,58.5716],[13.0406,58.6043],[13.1151,58.6083],[13.1482,58.5972],[13.1489,58.5734],[13.1494,58.5585],[13.1365,58.5413],[13.1476,58.5214],[13.1722,58.5119],[13.1946,58.511],[13.2402,58.5148],[13.3003,58.5614],[13.3581,58.6171],[13.4366,58.642],[13.5173,58.6633],[13.6311,58.6841],[13.7373,58.7039],[13.7995,58.7224],[13.8299,58.7443],[13.8593,58.7722],[13.8901,58.8005],[13.9241,58.8234],[13.9541,58.8437],[13.9752,58.8654],[13.9872,58.8981],[13.9952,58.9448],[13.9926,58.9864],[14.0121,59.0037],[14.0387,59.0044],[14.0499,59.0122],[14.0563,59.0169],[14.0717,59.0283],[14.083,59.0643],[14.0908,59.0794],[14.0895,59.0916],[14.083,59.0999],[14.0658,59.0972],[14.0384,59.0827],[14.005,59.0682],[13.9734,59.0658],[13.9454,59.0674]]],[[[18.1581,57.3158],[18.1425,57.4094],[18.1153,57.4808],[18.1103,57.4961],[18.11,57.5131],[18.1114,57.5194],[18.1192,57.5311],[18.1386,57.5511],[18.1792,57.5883],[18.1914,57.5961],[18.2119,57.6058],[18.2278,57.6114],[18.2422,57.6175],[18.2492,57.6208],[18.2761,57.6342],[18.2947,57.6458],[18.3389,57.6817],[18.3558,57.6958],[18.3819,57.7186],[18.4017,57.7386],[18.4197,57.7603],[18.4564,57.8028],[18.4614,57.8078],[18.4672,57.8119],[18.4811,57.8186],[18.6819,57.9136],[18.69,57.9161],[18.7161,57.9211],[18.725,57.9228],[18.8819,57.9197],[18.9025,57.9183],[18.9142,57.9175],[19.0047,57.9086],[19.0061,57.9036],[19.0039,57.8989],[19.0333,57.8269],[18.9294,57.7397],[18.8489,57.7211],[18.8092,57.7036],[18.7933,57.6592],[18.7597,57.508],[18.7681,57.4722],[18.7694,57.4672],[18.7883,57.4483],[18.7144,57.2469],[18.7119,57.2417],[18.6581,57.2208],[18.5519,57.1828],[18.5147,57.1694],[18.4983,57.1653],[18.4556,57.1569],[18.4394,57.1528],[18.4172,57.1442],[18.3972,57.1342],[18.3914,57.13],[18.3867,57.125],[18.3456,57.0797],[18.3414,57.0739],[18.3392,57.0686],[18.3356,57.0233],[18.3358,57.0175],[18.3433,57.0144],[18.3467,56.9986],[18.3025,56.9375],[18.295,56.9347],[18.2156,56.9131],[18.2061,56.9119],[18.1689,56.91],[18.1478,56.9119],[18.1403,56.915],[18.1425,56.9203],[18.1583,56.9417],[18.2092,56.9892],[18.2567,57.0322],[18.2544,57.0792],[18.1733,57.1419],[18.1483,57.2353],[18.1581,57.3158]]],[[[13.3492,54.0635],[13.431,54.0302],[13.6676,54.0842],[13.5552,53.8267],[13.2482,53.9663],[12.9003,53.9277],[12.8518,53.9439],[12.9003,54.0247],[12.7063,54.0894],[12.4625,54.2548],[12.6525,54.3214],[12.7648,54.2703],[12.9431,54.347],[13.0258,54.2652],[13.0638,54.1937],[13.3492,54.0635]]],[[[13.591,54.486],[13.585,54.483],[13.581,54.478],[13.578,54.472],[13.576,54.462],[13.577,54.46],[13.578,54.454],[13.584,54.442],[13.617,54.404],[13.621,54.402],[13.631,54.401],[13.646,54.401],[13.667,54.402],[13.676,54.401],[13.702,54.388],[13.707,54.384],[13.714,54.378],[13.731,54.355],[13.744,54.331],[13.731,54.276],[13.727,54.274],[13.715,54.272],[13.711,54.272],[13.696,54.281],[13.694,54.283],[13.696,54.284],[13.711,54.297],[13.713,54.321],[13.712,54.324],[13.689,54.348],[13.684,54.349],[13.508,54.343],[13.504,54.342],[13.469,54.328],[13.359,54.275],[13.357,54.273],[13.355,54.27],[13.357,54.26],[13.403,54.265],[13.408,54.265],[13.413,54.265],[13.42,54.261],[13.422,54.259],[13.426,54.252],[13.429,54.244],[13.429,54.238],[13.424,54.234],[13.398,54.222],[13.393,54.221],[13.319,54.249],[13.268,54.255],[13.257,54.256],[13.25,54.258],[13.156,54.306],[13.122,54.331],[13.118,54.334],[13.117,54.339],[13.118,54.343],[13.129,54.368],[13.131,54.371],[13.134,54.372],[13.142,54.374],[13.151,54.375],[13.157,54.375],[13.201,54.373],[13.217,54.37],[13.223,54.369],[13.236,54.372],[13.261,54.379],[13.265,54.38],[13.268,54.383],[13.239,54.411],[13.208,54.428],[13.165,54.434],[13.229,54.465],[13.232,54.486],[13.167,54.513],[13.147,54.546],[13.231,54.552],[13.256,54.551],[13.304,54.55],[13.338,54.566],[13.367,54.58],[13.378,54.558],[13.395,54.542],[13.42,54.522],[13.447,54.489],[13.484,54.484],[13.503,54.493],[13.517,54.513],[13.503,54.55],[13.459,54.551],[13.426,54.57],[13.384,54.578],[13.375,54.61],[13.355,54.604],[13.33,54.583],[13.311,54.573],[13.286,54.565],[13.282,54.564],[13.251,54.558],[13.246,54.558],[13.245,54.559],[13.225,54.634],[13.225,54.64],[13.226,54.643],[13.231,54.648],[13.245,54.657],[13.263,54.667],[13.279,54.671],[13.292,54.673],[13.364,54.679],[13.384,54.681],[13.424,54.683],[13.43,54.682],[13.438,54.68],[13.443,54.676],[13.444,54.673],[13.442,54.671],[13.429,54.66],[13.422,54.657],[13.397,54.652],[13.391,54.649],[13.386,54.645],[13.383,54.639],[13.391,54.607],[13.407,54.589],[13.433,54.578],[13.456,54.573],[13.482,54.575],[13.516,54.577],[13.593,54.585],[13.618,54.586],[13.634,54.586],[13.639,54.585],[13.647,54.583],[13.672,54.569],[13.677,54.565],[13.678,54.563],[13.679,54.542],[13.678,54.532],[13.675,54.526],[13.67,54.522],[13.667,54.521],[13.647,54.516],[13.641,54.513],[13.591,54.486]]],[[[16.437,56.211],[16.43,56.209],[16.421,56.211],[16.416,56.215],[16.411,56.225],[16.403,56.274],[16.392,56.465],[16.393,56.529],[16.396,56.536],[16.42,56.586],[16.543,56.776],[16.612,56.868],[16.617,56.874],[16.629,56.879],[16.645,56.884],[16.749,56.94],[16.848,57.064],[16.9,57.135],[16.959,57.224],[16.963,57.229],[16.966,57.242],[16.96,57.257],[16.959,57.274],[16.961,57.28],[16.966,57.294],[16.973,57.305],[16.983,57.316],[16.993,57.325],[17.01,57.337],[17.022,57.345],[17.036,57.352],[17.057,57.359],[17.099,57.351],[17.106,57.348],[17.124,57.321],[17.051,57.187],[17.009,57.132],[16.961,57.075],[16.927,57.038],[16.88,56.93],[16.848,56.844],[16.841,56.832],[16.837,56.827],[16.828,56.825],[16.817,56.826],[16.808,56.824],[16.785,56.81],[16.779,56.806],[16.77,56.796],[16.727,56.702],[16.636,56.519],[16.577,56.407],[16.571,56.394],[16.569,56.388],[16.57,56.377],[16.572,56.372],[16.575,56.367],[16.576,56.361],[16.572,56.355],[16.553,56.326],[16.496,56.241],[16.486,56.231],[16.474,56.224],[16.437,56.211]]],[[[20.203,59.977],[20.137,59.992],[20.129,59.995],[20.004,60.051],[19.999,60.055],[20.003,60.062],[20.008,60.067],[20.094,60.093],[20.103,60.096],[20.109,60.092],[20.11,60.088],[20.123,60.081],[20.164,60.069],[20.193,60.065],[20.205,60.064],[20.212,60.06],[20.227,60.003],[20.226,60.0],[20.211,59.98],[20.203,59.977]]],[[[20.199,60.091],[20.205,60.109],[20.216,60.139],[20.223,60.142],[20.269,60.141],[20.276,60.137],[20.287,60.129],[20.292,60.125],[20.295,60.121],[20.298,60.11],[20.298,60.104],[20.271,60.057],[20.263,60.054],[20.205,60.081],[20.2,60.086],[20.199,60.091]]],[[[19.627,60.244],[19.666,60.193],[19.669,60.189],[19.674,60.173],[19.677,60.157],[19.673,60.15],[19.604,60.153],[19.575,60.122],[19.563,60.123],[19.551,60.125],[19.543,60.128],[19.523,60.151],[19.511,60.175],[19.512,60.181],[19.536,60.225],[19.541,60.23],[19.565,60.249],[19.572,60.252],[19.58,60.255],[19.589,60.257],[19.602,60.256],[19.612,60.253],[19.627,60.244]]],[[[19.914,60.217],[19.914,60.212],[19.927,60.193],[19.931,60.188],[19.937,60.184],[19.946,60.181],[19.987,60.17],[20.026,60.154],[20.051,60.101],[20.053,60.096],[20.051,60.09],[20.044,60.086],[20.022,60.086],[19.999,60.089],[19.968,60.09],[19.958,60.089],[19.951,60.085],[19.948,60.079],[19.944,60.043],[19.939,60.059],[19.928,60.084],[19.925,60.089],[19.918,60.093],[19.908,60.095],[19.895,60.097],[19.875,60.095],[19.869,60.091],[19.87,60.086],[19.873,60.081],[19.868,60.077],[19.859,60.076],[19.848,60.076],[19.772,60.081],[19.751,60.095],[19.722,60.126],[19.699,60.159],[19.696,60.164],[19.648,60.257],[19.649,60.262],[19.749,60.305],[19.783,60.293],[19.777,60.261],[19.768,60.249],[19.762,60.244],[19.761,60.238],[19.793,60.191],[19.796,60.187],[19.809,60.185],[19.817,60.188],[19.931,60.277],[19.935,60.283],[19.937,60.289],[19.937,60.295],[19.931,60.304],[19.899,60.34],[19.892,60.343],[19.883,60.342],[19.878,60.336],[19.874,60.329],[19.872,60.323],[19.868,60.317],[19.862,60.312],[19.839,60.32],[19.834,60.322],[19.78,60.349],[19.783,60.354],[19.808,60.377],[19.825,60.392],[19.857,60.404],[19.869,60.404],[19.906,60.4],[20.085,60.35],[20.277,60.274],[20.218,60.208],[20.172,60.164],[20.162,60.162],[20.092,60.17],[20.086,60.174],[20.082,60.179],[20.101,60.216],[20.106,60.221],[20.123,60.226],[20.12,60.24],[20.067,60.296],[20.062,60.301],[20.047,60.308],[20.037,60.311],[20.025,60.311],[19.914,60.217]]],[[[20.387,60.193],[20.345,60.231],[20.342,60.235],[20.341,60.241],[20.343,60.247],[20.348,60.252],[20.366,60.266],[20.376,60.267],[20.394,60.267],[20.436,60.258],[20.441,60.253],[20.442,60.248],[20.441,60.243],[20.409,60.204],[20.397,60.195],[20.387,60.193]]]]}},{"type":"Feature","properties":{"name":"Thuringia","label":[10.4947,51.8035],"flaechen":4,"minzoom":8},"geometry":{"type":"MultiPolygon","coordinates":[[[[11.1336,51.5166],[11.1782,51.5463],[11.1708,51.6021],[11.2452,51.658],[11.3903,51.6505],[11.4424,51.6133],[11.521,51.4575],[11.5377,51.3072],[11.4208,51.3072],[11.4208,51.374],[11.2872,51.3573],[11.2538,51.2571],[11.2038,51.2738],[11.137,51.4074],[11.0869,51.4074],[11.0702,51.4408],[11.1336,51.5166]]],[[[10.2552,51.4303],[10.2338,51.4785],[10.2884,51.5185],[10.4696,51.4892],[10.5105,51.4772],[10.5192,51.2638],[10.4266,51.2363],[10.2552,51.4303]]],[[[10.5178,51.6768],[10.475,51.65],[10.4535,51.6768],[10.416,51.6554],[10.4267,51.6125],[10.3892,51.591],[10.3517,51.6125],[10.3252,51.5752],[10.2338,51.5803],[10.2177,51.6125],[10.1802,51.5964],[10.1309,51.6058],[10.1514,51.616],[10.1514,51.6365],[10.2108,51.6629],[10.1931,51.7652],[10.2601,51.8573],[10.2936,51.8155],[10.3187,51.8322],[10.3438,51.8071],[10.3271,51.7987],[10.3355,51.7736],[10.3773,51.7987],[10.369,51.8238],[10.4527,51.8573],[10.4862,51.8238],[10.4862,51.8824],[10.5113,51.8824],[10.5281,52.008],[10.5783,52.0918],[10.8433,51.8844],[10.6651,51.7278],[10.6543,51.7602],[10.5894,51.7494],[10.5894,51.717],[10.5354,51.7224],[10.53,51.7116],[10.5178,51.6768]]],[[[10.5105,51.4772],[10.5373,51.504],[10.6764,51.4671],[10.6361,51.3573],[10.7196,51.3072],[10.7362,51.2571],[10.6426,51.2363],[10.6394,51.1569],[10.5593,51.1703],[10.5449,51.2186],[10.4524,51.207],[10.4266,51.2363],[10.5192,51.2638],[10.5105,51.4772]]]]}},{"type":"Feature","properties":{"name":"Tunis","label":[9.5512,36.5499],"flaechen":1,"minzoom":6},"geometry":{"type":"MultiPolygon","coordinates":[[[[8.2746,36.0],[8.272,36.3228],[8.3237,36.5206],[8.6315,36.8027],[8.6367,36.8853],[8.8655,36.9684],[9.1503,37.1729],[9.4161,37.2754],[9.7322,37.2824],[10.0214,37.2001],[10.1327,37.1047],[10.1589,36.9965],[10.2715,36.7546],[10.3928,36.7166],[10.5806,36.7934],[10.8433,36.9915],[11.0238,37.0683],[11.0394,36.909],[10.9201,36.6539],[10.6334,36.424],[10.5092,36.2136],[10.5115,36.0862],[10.5513,36.0]]]]}},{"type":"Feature","properties":{"name":"Tuscany","label":[11.4304,43.2965],"flaechen":1,"minzoom":6},"geometry":{"type":"MultiPolygon","coordinates":[[[[11.9601,42.0074],[11.4974,42.3764],[11.1048,42.5491],[10.7428,42.8505],[10.4877,43.2359],[10.3379,43.5962],[10.5028,43.6088],[10.5959,43.5778],[10.7511,43.6295],[10.689,43.8675],[10.7304,43.9813],[10.6916,44.0912],[10.7082,44.1742],[10.8244,44.2074],[10.9573,44.1576],[11.0569,44.1576],[11.0569,44.1244],[11.202,44.1426],[11.3226,44.1576],[11.2893,44.224],[11.4554,44.2739],[11.5716,44.224],[11.555,44.1908],[11.7045,44.224],[11.6879,44.2572],[11.7377,44.3569],[11.8041,44.3403],[11.8539,44.3569],[11.9037,44.3237],[11.8871,44.2572],[11.9369,44.0912],[12.0199,44.1742],[12.0864,44.1742],[12.0531,44.1078],[12.0531,44.0746],[12.0365,43.9252],[12.0864,43.8421],[12.1694,43.892],[12.2192,43.892],[12.1196,43.7425],[12.103,43.6097],[12.1196,43.4769],[12.2192,43.344],[12.3022,43.344],[12.3022,43.2776],[12.2192,43.2278],[12.1528,43.0617],[12.1694,42.9123],[12.186,42.9123],[12.1528,42.6965],[12.1694,42.63],[12.1297,42.596],[12.0531,42.5304],[12.0697,42.298],[12.0033,42.2481],[12.0199,42.0987],[11.9601,42.0074]]]]}},{"type":"Feature","properties":{"name":"United Kingdom","label":[-2.5143,53.816],"flaechen":2,"minzoom":4},"geometry":{"type":"MultiPolygon","coordinates":[[[[0.081,53.3862],[0.1745,53.2931],[0.2678,53.1267],[0.2509,53.0401],[0.0055,52.7867],[0.3268,52.7075],[0.5047,52.8475],[0.7418,52.9012],[1.0127,52.8884],[1.3759,52.8092],[1.5857,52.65],[1.6917,52.3114],[1.6569,52.2118],[1.5119,52.0258],[1.0313,51.8127],[0.6862,51.5604],[0.2542,51.4536],[0.8043,51.3783],[1.0301,51.3588],[1.1894,51.4055],[1.3647,51.3529],[1.335,51.1207],[0.886,50.9819],[0.8883,50.8927],[0.6726,50.9307],[0.1918,50.7313],[-0.2037,50.7953],[-0.3357,50.8167],[-0.839,50.7218],[-1.1034,50.8167],[-1.3725,50.7663],[-2.0854,50.7028],[-2.0237,50.57],[-2.432,50.6459],[-2.5505,50.57],[-2.9606,50.7218],[-3.1109,50.6574],[-3.5215,50.6174],[-3.5632,50.3614],[-3.715,50.2193],[-3.8817,50.2004],[-4.0042,50.3141],[-4.2426,50.3915],[-4.3033,50.3235],[-4.5406,50.358],[-4.967,50.2122],[-5.2823,49.9638],[-5.4292,50.0679],[-5.7778,50.1341],[-5.2378,50.3463],[-5.0166,50.5605],[-4.8153,50.6042],[-4.6046,50.7787],[-4.5515,50.9972],[-4.4426,50.9687],[-4.2773,51.0637],[-4.281,51.1872],[-3.8252,51.2348],[-3.483,51.1811],[-3.066,51.1777],[-3.0331,51.3299],[-2.8947,51.3938],[-2.7502,51.644],[-3.1728,51.4669],[-3.4991,51.4597],[-4.1593,51.6768],[-4.999,51.7017],[-5.1786,51.7875],[-5.2488,51.8602],[-5.0615,52.0064],[-4.6191,52.0935],[-4.2947,52.2003],[-4.1236,52.3733],[-4.0939,52.7455],[-4.1475,52.8319],[-4.4683,52.8113],[-4.6214,52.831],[-4.4919,52.991],[-4.3175,53.0912],[-3.9567,53.2052],[-3.3295,53.233],[-2.9145,53.2671],[-3.0567,53.5136],[-2.9795,53.8209],[-2.8653,54.0283],[-2.8859,54.1687],[-3.2615,54.1412],[-3.4793,54.2746],[-3.5692,54.415],[-3.4304,54.6431],[-3.1525,54.8381],[-3.3087,54.8847],[-3.5767,54.9245],[-3.9077,54.7897],[-4.1216,54.7624],[-4.4607,54.8624],[-4.5003,54.7751],[-4.5999,54.6878],[-4.9025,54.7341],[-5.1114,54.7941],[-5.0667,54.9485],[-4.91,55.1103],[-4.6384,55.4279],[-4.7705,55.4884],[-4.9078,55.6639],[-4.8951,55.7721],[-4.7584,55.8197],[-4.6233,55.908],[-4.7107,56.1313],[-4.8484,56.0972],[-5.1346,55.8934],[-5.3336,55.8795],[-5.5702,55.7505],[-5.6331,55.9399],[-5.497,56.1773],[-5.3001,56.4287],[-5.2707,56.5441],[-5.4583,56.6321],[-5.5466,56.6524],[-5.6445,56.5163],[-5.8217,56.4005],[-6.0435,56.4748],[-5.909,56.7333],[-5.6659,56.9378],[-5.6253,56.9992],[-5.7263,57.258],[-5.5616,57.2993],[-5.4606,57.3881],[-5.763,57.6198],[-5.5685,57.7774],[-5.23,57.7096],[-5.0556,57.751],[-5.3459,58.0927],[-4.9071,58.169],[-5.1127,58.3949],[-4.9256,58.567],[-4.5099,58.4029],[-4.1389,58.4448],[-3.8305,58.5072],[-3.4405,58.5285],[-3.165,58.5222],[-3.0284,58.4057],[-3.1664,58.2751],[-3.9432,57.9584],[-4.1505,57.8348],[-4.2485,57.6363],[-4.1484,57.5545],[-3.7958,57.5415],[-3.4008,57.5764],[-3.0926,57.577],[-2.854,57.5433],[-2.1504,57.572],[-1.9446,57.4017],[-2.1078,57.2103],[-2.2032,57.0648],[-2.1589,57.0143],[-2.4131,56.7173],[-2.5148,56.6673],[-2.6671,56.471],[-2.9805,56.3536],[-3.1524,56.3368],[-2.9494,56.253],[-2.7209,56.1782],[-2.7729,56.1713],[-2.8953,56.0855],[-3.1698,56.0621],[-3.2935,55.9739],[-3.895,55.9851],[-3.713,55.8847],[-3.5772,55.8847],[-3.3559,55.8427],[-3.1615,55.8457],[-2.9279,55.946],[-2.7421,55.9572],[-2.5403,55.8847],[-2.245,55.811],[-1.942,55.5561],[-1.719,55.4537],[-1.666,55.3796],[-1.696,55.2725],[-1.5556,54.9216],[-1.3889,54.6805],[-1.1921,54.5954],[-0.8706,54.5472],[-0.6048,54.3002],[-0.2955,54.0332],[-0.2349,53.7994],[-0.3192,53.5789],[-0.2037,53.5233],[0.081,53.3862]]],[[[-5.7557,55.4773],[-5.6887,55.6281],[-5.5178,55.668],[-5.4824,55.4427],[-5.6203,55.3295],[-5.6982,55.3307],[-5.7557,55.4773]]]]}},{"type":"Feature","properties":{"name":"Venetia","label":[12.171,45.8598],"flaechen":1,"minzoom":6},"geometry":{"type":"MultiPolygon","coordinates":[[[[13.8,45.5664],[13.6732,45.7145],[13.5646,45.7265],[13.4377,45.6384],[13.3677,45.6945],[13.1562,45.7265],[13.1046,45.5824],[12.8987,45.5584],[12.4482,45.3943],[12.4832,45.4623],[12.2797,45.4023],[12.2514,45.2903],[12.1804,45.2703],[12.1762,45.2143],[12.3125,45.1783],[12.3221,45.0424],[12.409,44.989],[12.5231,44.8828],[12.476,44.7871],[12.3778,44.7315],[12.1362,45.1041],[12.0365,45.1373],[12.0531,45.021],[11.9701,45.0376],[11.8871,45.0875],[11.7709,45.0709],[11.6048,44.9048],[11.2395,45.0709],[11.1698,45.0672],[10.8561,45.0507],[10.8244,45.3531],[10.675,45.3531],[10.6418,45.4694],[10.6596,45.8066],[10.7946,45.6378],[10.9296,45.8403],[11.1659,45.7391],[11.2334,46.0091],[11.3346,46.0091],[11.5709,45.9754],[11.5709,46.2454],[11.9084,46.4141],[11.7397,46.7517],[12.0748,46.9275],[12.2178,46.8843],[12.3619,46.7085],[12.9519,46.5975],[13.354,46.5607],[13.5689,46.5104],[13.6211,46.4209],[13.3445,46.2845],[13.3887,46.2163],[13.522,46.2156],[13.6063,46.1321],[13.4407,46.0039],[13.592,45.9638],[13.5351,45.8013],[13.6971,45.7518],[13.825,45.6627],[13.8,45.5664]]]]}},{"type":"Feature","properties":{"name":"Waldeck","label":[8.7305,51.1799],"flaechen":1,"minzoom":8},"geometry":{"type":"MultiPolygon","coordinates":[[[[8.5347,51.079],[8.5867,51.1235],[8.5764,51.2159],[8.5149,51.2159],[8.4841,51.2774],[8.5662,51.3287],[8.6483,51.3287],[8.6996,51.2979],[8.7406,51.2979],[8.7509,51.3287],[8.7201,51.3492],[8.679,51.4313],[8.7714,51.4929],[8.8535,51.4416],[8.833,51.3082],[8.8637,51.2569],[8.8689,51.1235],[8.8381,51.0927],[8.9099,51.0004],[8.8483,50.908],[8.8073,50.9286],[8.756,50.8157],[8.715,50.9491],[8.7355,50.9593],[8.7047,51.0312],[8.7355,51.0825],[8.7047,51.103],[8.6329,51.0209],[8.5347,51.079]]]]}},{"type":"Feature","properties":{"name":"Württemberg","label":[9.103,48.3808],"flaechen":13,"minzoom":6},"geometry":{"type":"MultiPolygon","coordinates":[[[[9.1147,47.6655],[9.0991,47.6657],[9.0986,47.666],[9.1412,47.6651],[9.1382,47.6629],[9.1147,47.6655]]],[[[9.0861,47.6732],[9.0902,47.673],[9.094,47.6686],[9.0861,47.6732]]],[[[9.0776,47.6704],[9.0689,47.674],[9.065,47.6735],[9.0548,47.6737],[9.0657,47.6742],[9.0831,47.6734],[9.0776,47.6704]]],[[[9.0435,47.6726],[9.0362,47.6727],[9.0456,47.6732],[9.0435,47.6726]]],[[[8.9746,47.6648],[8.9835,47.67],[9.0039,47.671],[8.9746,47.6648]]],[[[8.9707,47.6601],[8.964,47.6586],[8.9721,47.6633],[8.9707,47.6601]]],[[[8.9266,47.6484],[8.9233,47.6484],[8.9278,47.6494],[8.9266,47.6484]]],[[[8.907,47.6443],[8.8947,47.6442],[8.884,47.6503],[8.8819,47.6513],[8.9065,47.6447],[8.9105,47.6456],[8.907,47.6443]]],[[[8.8702,47.6525],[8.8633,47.6552],[8.86,47.657],[8.8604,47.657],[8.875,47.6531],[8.8702,47.6525]]],[[[8.8648,47.6579],[8.8781,47.6556],[8.8273,47.6809],[8.7563,47.7162],[8.7466,47.7211],[8.636,47.7761],[8.6325,47.7778],[8.6351,47.7786],[8.5943,47.8894],[8.6825,47.97],[8.6121,48.2312],[8.5217,48.2915],[8.2906,48.3518],[8.2906,48.2815],[8.5116,48.1408],[8.5121,48.1123],[8.3969,47.9106],[8.0223,48.4581],[8.3681,48.4869],[8.7427,48.8327],[8.8579,48.7174],[8.8867,48.7751],[9.2613,49.0632],[9.4278,49.0949],[9.4713,49.2104],[9.6378,49.2729],[9.6378,49.2939],[9.8049,49.3146],[9.8049,49.1687],[9.7632,48.9601],[9.659,48.8767],[9.659,48.7725],[9.7215,48.6265],[9.7215,48.3555],[9.5756,48.2929],[9.6381,47.7091],[9.4641,47.6488],[9.4212,47.6659],[9.3476,47.6609],[9.2878,47.6838],[9.2372,47.7115],[9.2258,47.7393],[9.1324,47.7723],[9.1057,47.7924],[9.043,47.8176],[9.0306,47.805],[9.0669,47.7795],[9.1736,47.7344],[9.1798,47.7046],[9.2013,47.7074],[9.188,47.6993],[9.2115,47.6828],[9.2179,47.6663],[9.1243,47.6707],[9.1125,47.6857],[9.0814,47.6832],[9.0433,47.6935],[9.0482,47.7083],[9.0845,47.6897],[9.109,47.6902],[9.1009,47.7024],[8.9872,47.7434],[9.014,47.7196],[8.9592,47.7374],[8.94,47.7262],[8.9943,47.7067],[9.0064,47.6948],[8.9946,47.6844],[8.9357,47.659],[8.8942,47.652],[8.8606,47.6571],[8.8648,47.6579]]],[[[9.2606,47.6243],[9.3001,47.6107],[9.3386,47.5922],[9.2606,47.6243]]],[[[9.1827,47.6563],[9.1449,47.665],[9.1779,47.6643],[9.1855,47.6551],[9.1827,47.6563]]],[[[8.6786,47.7122],[8.681,47.7089],[8.6921,47.7093],[8.6919,47.7118],[8.6997,47.7138],[8.7025,47.7143],[8.717,47.6911],[8.7035,47.6927],[8.6893,47.6958],[8.6664,47.6856],[8.6612,47.691],[8.6696,47.6913],[8.6792,47.6977],[8.6668,47.7114],[8.6786,47.7122]]]]}}]}