letter_id,place_id,place,gnd,geonames
1,2,Göttingen,https://d-nb.info/gnd/4021477-1,https://www.geonames.org/2918632
2,15,Berlin,https://d-nb.info/gnd/2004272-3,https://www.geonames.org/2950159
2,13,Dresden,https://d-nb.info/gnd/37172-5,https://www.geonames.org/2935022
2,14,Gotha,https://d-nb.info/gnd/4021652-4,https://www.geonames.org/2918752
2,2,Göttingen,https://d-nb.info/gnd/4021477-1,https://www.geonames.org/2918632
2,12,Jena,https://d-nb.info/gnd/4028557-1,https://www.geonames.org/2895044
2,16,Wien,https://d-nb.info/gnd/4066009-6,
3,15,Berlin,https://d-nb.info/gnd/2004272-3,https://www.geonames.org/2950159
3,13,Dresden,https://d-nb.info/gnd/37172-5,https://www.geonames.org/2935022
3,22,Leipzig,https://d-nb.info/gnd/4035206-7,https://www.geonames.org/2879139
4,12,Jena,https://d-nb.info/gnd/4028557-1,https://www.geonames.org/2895044
5,15,Berlin,https://d-nb.info/gnd/2004272-3,https://www.geonames.org/2950159
5,12,Jena,https://d-nb.info/gnd/4028557-1,https://www.geonames.org/2895044
6,15,Berlin,https://d-nb.info/gnd/2004272-3,https://www.geonames.org/2950159
7,15,Berlin,https://d-nb.info/gnd/2004272-3,https://www.geonames.org/2950159
7,12,Jena,https://d-nb.info/gnd/4028557-1,https://www.geonames.org/2895044
8,15,Berlin,https://d-nb.info/gnd/2004272-3,https://www.geonames.org/2950159
9,15,Berlin,https://d-nb.info/gnd/2004272-3,https://www.geonames.org/2950159
9,58,Weimar,https://d-nb.info/gnd/4065105-8,https://www.geonames.org/2812482
10,15,Berlin,https://d-nb.info/gnd/2004272-3,https://www.geonames.org/2950159
11,15,Berlin,https://d-nb.info/gnd/2004272-3,https://www.geonames.org/2950159
11,60,Braunschweig,https://d-nb.info/gnd/42808-5,https://www.geonames.org/2945024
11,12,Jena,https://d-nb.info/gnd/4028557-1,https://www.geonames.org/2895044
12,15,Berlin,https://d-nb.info/gnd/2004272-3,https://www.geonames.org/2950159
12,66,Danzig (Gdańsk),https://d-nb.info/gnd/15739-9,https://www.geonames.org/3099434
12,2,Göttingen,https://d-nb.info/gnd/4021477-1,https://www.geonames.org/2918632
12,58,Weimar,https://d-nb.info/gnd/4065105-8,https://www.geonames.org/2812482
13,15,Berlin,https://d-nb.info/gnd/2004272-3,https://www.geonames.org/2950159
14,15,Berlin,https://d-nb.info/gnd/2004272-3,https://www.geonames.org/2950159
15,15,Berlin,https://d-nb.info/gnd/2004272-3,https://www.geonames.org/2950159
16,12,Jena,https://d-nb.info/gnd/4028557-1,https://www.geonames.org/2895044
17,15,Berlin,https://d-nb.info/gnd/2004272-3,https://www.geonames.org/2950159
18,15,Berlin,https://d-nb.info/gnd/2004272-3,https://www.geonames.org/2950159
19,15,Berlin,https://d-nb.info/gnd/2004272-3,https://www.geonames.org/2950159
19,87,Spandau,https://d-nb.info/gnd/4105431-3,https://www.geonames.org/7290252
19,58,Weimar,https://d-nb.info/gnd/4065105-8,https://www.geonames.org/2812482
20,15,Berlin,https://d-nb.info/gnd/2004272-3,https://www.geonames.org/2950159
21,15,Berlin,https://d-nb.info/gnd/2004272-3,https://www.geonames.org/2950159
22,15,Berlin,https://d-nb.info/gnd/2004272-3,https://www.geonames.org/2950159
22,98,Hamburg,https://d-nb.info/gnd/4023118-5,https://www.geonames.org/2911298
480,15,Berlin,https://d-nb.info/gnd/2004272-3,https://www.geonames.org/2950159
481,12,Jena,https://d-nb.info/gnd/4028557-1,https://www.geonames.org/2895044
481,58,Weimar,https://d-nb.info/gnd/4065105-8,https://www.geonames.org/2812482
482,12,Jena,https://d-nb.info/gnd/4028557-1,https://www.geonames.org/2895044
483,60,Braunschweig,https://d-nb.info/gnd/42808-5,https://www.geonames.org/2945024
483,12,Jena,https://d-nb.info/gnd/4028557-1,https://www.geonames.org/2895044
484,60,Braunschweig,https://d-nb.info/gnd/42808-5,https://www.geonames.org/2945024
484,2,Göttingen,https://d-nb.info/gnd/4021477-1,https://www.geonames.org/2918632
484,227,Zürich,https://d-nb.info/gnd/4068038-1,https://www.geonames.org/2657896
485,15,Berlin,https://d-nb.info/gnd/2004272-3,https://www.geonames.org/2950159
485,12,Jena,https://d-nb.info/gnd/4028557-1,https://www.geonames.org/2895044
485,58,Weimar,https://d-nb.info/gnd/4065105-8,https://www.geonames.org/2812482
485,227,Zürich,https://d-nb.info/gnd/4068038-1,https://www.geonames.org/2657896
486,60,Braunschweig,https://d-nb.info/gnd/42808-5,https://www.geonames.org/2945024
487,15,Berlin,https://d-nb.info/gnd/2004272-3,https://www.geonames.org/2950159
487,13,Dresden,https://d-nb.info/gnd/37172-5,https://www.geonames.org/2935022
487,12,Jena,https://d-nb.info/gnd/4028557-1,https://www.geonames.org/2895044
487,58,Weimar,https://d-nb.info/gnd/4065105-8,https://www.geonames.org/2812482
488,60,Braunschweig,https://d-nb.info/gnd/42808-5,https://www.geonames.org/2945024
488,12,Jena,https://d-nb.info/gnd/4028557-1,https://www.geonames.org/2895044
494,2,Göttingen,https://d-nb.info/gnd/4021477-1,https://www.geonames.org/2918632
494,2698,Marburg,https://d-nb.info/gnd/4037446-4,https://www.geonames.org/2873759
495,1378,Amsterdam,https://d-nb.info/gnd/4001783-7,https://www.geonames.org/2759794
495,2,Göttingen,https://d-nb.info/gnd/4021477-1,https://www.geonames.org/2918632
495,173,Hannover,https://d-nb.info/gnd/4023349-2,https://www.geonames.org/2910831
495,9789,Surinam,https://d-nb.info/gnd/4058664-9,
496,1378,Amsterdam,https://d-nb.info/gnd/4001783-7,https://www.geonames.org/2759794
497,1378,Amsterdam,https://d-nb.info/gnd/4001783-7,https://www.geonames.org/2759794
497,566,Erlangen,https://d-nb.info/gnd/4015299-6,https://www.geonames.org/2929567
497,14,Gotha,https://d-nb.info/gnd/4021652-4,https://www.geonames.org/2918752
497,2,Göttingen,https://d-nb.info/gnd/4021477-1,https://www.geonames.org/2918632
497,98,Hamburg,https://d-nb.info/gnd/4023118-5,https://www.geonames.org/2911298
498,1378,Amsterdam,https://d-nb.info/gnd/4001783-7,https://www.geonames.org/2759794
498,58,Weimar,https://d-nb.info/gnd/4065105-8,https://www.geonames.org/2812482
499,2,Göttingen,https://d-nb.info/gnd/4021477-1,https://www.geonames.org/2918632
500,2,Göttingen,https://d-nb.info/gnd/4021477-1,https://www.geonames.org/2918632
500,173,Hannover,https://d-nb.info/gnd/4023349-2,https://www.geonames.org/2910831
500,897,Mainz,https://d-nb.info/gnd/2018680-0,https://www.geonames.org/2874225
500,241,Weißenfels,https://d-nb.info/gnd/4065247-6,https://www.geonames.org/2811899
503,15,Berlin,https://d-nb.info/gnd/2004272-3,https://www.geonames.org/2950159
503,13,Dresden,https://d-nb.info/gnd/37172-5,https://www.geonames.org/2935022
503,282,Teplitz,https://d-nb.info/gnd/4059481-6,https://www.geonames.org/3064288
503,58,Weimar,https://d-nb.info/gnd/4065105-8,https://www.geonames.org/2812482
504,15,Berlin,https://d-nb.info/gnd/2004272-3,https://www.geonames.org/2950159
504,12,Jena,https://d-nb.info/gnd/4028557-1,https://www.geonames.org/2895044
504,9856,Königsbrück,https://d-nb.info/gnd/4312736-8,
504,22,Leipzig,https://d-nb.info/gnd/4035206-7,https://www.geonames.org/2879139
504,16,Wien,https://d-nb.info/gnd/4066009-6,
505,12,Jena,https://d-nb.info/gnd/4028557-1,https://www.geonames.org/2895044
505,22,Leipzig,https://d-nb.info/gnd/4035206-7,https://www.geonames.org/2879139
507,15,Berlin,https://d-nb.info/gnd/2004272-3,https://www.geonames.org/2950159
507,1018,Breslau,https://d-nb.info/gnd/2005949-8,https://www.geonames.org/3081368
507,12,Jena,https://d-nb.info/gnd/4028557-1,https://www.geonames.org/2895044
507,1517,Kassel,https://d-nb.info/gnd/4029869-3,
507,171,Paris,https://d-nb.info/gnd/4044660-8,https://www.geonames.org/2988507
507,5902,Rudelsburg,https://d-nb.info/gnd/4050796-8,
507,411,Rudolstadt,https://d-nb.info/gnd/4105066-6,https://www.geonames.org/2843355
507,58,Weimar,https://d-nb.info/gnd/4065105-8,https://www.geonames.org/2812482
508,259,Bad Bocklet,https://d-nb.info/gnd/4087853-3,https://www.geonames.org/2953540
508,15,Berlin,https://d-nb.info/gnd/2004272-3,https://www.geonames.org/2950159
508,12,Jena,https://d-nb.info/gnd/4028557-1,https://www.geonames.org/2895044
530,1370,Stuttgart,https://d-nb.info/gnd/4058282-6,https://www.geonames.org/2825297
530,614,Tübingen,https://d-nb.info/gnd/4061147-4,https://www.geonames.org/2820860
543,15,Berlin,https://d-nb.info/gnd/2004272-3,https://www.geonames.org/2950159
543,60,Braunschweig,https://d-nb.info/gnd/42808-5,https://www.geonames.org/2945024
543,2930,Coburg,https://d-nb.info/gnd/4010325-0,
543,13,Dresden,https://d-nb.info/gnd/37172-5,https://www.geonames.org/2935022
543,14,Gotha,https://d-nb.info/gnd/4021652-4,https://www.geonames.org/2918752
543,12,Jena,https://d-nb.info/gnd/4028557-1,https://www.geonames.org/2895044
543,22,Leipzig,https://d-nb.info/gnd/4035206-7,https://www.geonames.org/2879139
543,252,Meiningen,https://d-nb.info/gnd/4038453-6,
543,58,Weimar,https://d-nb.info/gnd/4065105-8,https://www.geonames.org/2812482
546,15,Berlin,https://d-nb.info/gnd/2004272-3,https://www.geonames.org/2950159
546,12,Jena,https://d-nb.info/gnd/4028557-1,https://www.geonames.org/2895044
546,22,Leipzig,https://d-nb.info/gnd/4035206-7,https://www.geonames.org/2879139
546,2275,Potsdam,https://d-nb.info/gnd/4046948-7,https://www.geonames.org/2852458
567,12,Jena,https://d-nb.info/gnd/4028557-1,https://www.geonames.org/2895044
567,1370,Stuttgart,https://d-nb.info/gnd/4058282-6,https://www.geonames.org/2825297
666,15,Berlin,https://d-nb.info/gnd/2004272-3,https://www.geonames.org/2950159
666,60,Braunschweig,https://d-nb.info/gnd/42808-5,https://www.geonames.org/2945024
666,2777,Halberstadt,https://d-nb.info/gnd/4022987-7,https://www.geonames.org/2911665
666,12,Jena,https://d-nb.info/gnd/4028557-1,https://www.geonames.org/2895044
666,3141,Magdeburg,https://d-nb.info/gnd/4036934-1,
666,2440,Offenbach am Main,https://d-nb.info/gnd/4043359-6,https://www.geonames.org/2857807
667,60,Braunschweig,https://d-nb.info/gnd/42808-5,https://www.geonames.org/2945024
667,566,Erlangen,https://d-nb.info/gnd/4015299-6,https://www.geonames.org/2929567
667,12,Jena,https://d-nb.info/gnd/4028557-1,https://www.geonames.org/2895044
667,22,Leipzig,https://d-nb.info/gnd/4035206-7,https://www.geonames.org/2879139
668,60,Braunschweig,https://d-nb.info/gnd/42808-5,https://www.geonames.org/2945024
668,173,Hannover,https://d-nb.info/gnd/4023349-2,https://www.geonames.org/2910831
668,12,Jena,https://d-nb.info/gnd/4028557-1,https://www.geonames.org/2895044
668,4478,Ribbesbüttel,https://d-nb.info/gnd/7601883-0,
668,58,Weimar,https://d-nb.info/gnd/4065105-8,https://www.geonames.org/2812482
669,15,Berlin,https://d-nb.info/gnd/2004272-3,https://www.geonames.org/2950159
669,60,Braunschweig,https://d-nb.info/gnd/42808-5,https://www.geonames.org/2945024
669,4250,Celle,https://d-nb.info/gnd/4009657-9,
669,566,Erlangen,https://d-nb.info/gnd/4015299-6,https://www.geonames.org/2929567
669,2,Göttingen,https://d-nb.info/gnd/4021477-1,https://www.geonames.org/2918632
669,12,Jena,https://d-nb.info/gnd/4028557-1,https://www.geonames.org/2895044
670,15,Berlin,https://d-nb.info/gnd/2004272-3,https://www.geonames.org/2950159
670,60,Braunschweig,https://d-nb.info/gnd/42808-5,https://www.geonames.org/2945024
670,4250,Celle,https://d-nb.info/gnd/4009657-9,
670,13,Dresden,https://d-nb.info/gnd/37172-5,https://www.geonames.org/2935022
670,12,Jena,https://d-nb.info/gnd/4028557-1,https://www.geonames.org/2895044
670,58,Weimar,https://d-nb.info/gnd/4065105-8,https://www.geonames.org/2812482
671,15,Berlin,https://d-nb.info/gnd/2004272-3,https://www.geonames.org/2950159
671,60,Braunschweig,https://d-nb.info/gnd/42808-5,https://www.geonames.org/2945024
671,4250,Celle,https://d-nb.info/gnd/4009657-9,
671,2,Göttingen,https://d-nb.info/gnd/4021477-1,https://www.geonames.org/2918632
671,2755,"Harburg, Elbe",https://d-nb.info/gnd/4094727-0,https://www.geonames.org/2910685
671,12,Jena,https://d-nb.info/gnd/4028557-1,https://www.geonames.org/2895044
671,22,Leipzig,https://d-nb.info/gnd/4035206-7,https://www.geonames.org/2879139
671,4395,Lissabon,https://d-nb.info/gnd/4035919-0,
671,58,Weimar,https://d-nb.info/gnd/4065105-8,https://www.geonames.org/2812482
672,60,Braunschweig,https://d-nb.info/gnd/42808-5,https://www.geonames.org/2945024
672,4250,Celle,https://d-nb.info/gnd/4009657-9,
672,98,Hamburg,https://d-nb.info/gnd/4023118-5,https://www.geonames.org/2911298
672,2755,"Harburg, Elbe",https://d-nb.info/gnd/4094727-0,https://www.geonames.org/2910685
672,12,Jena,https://d-nb.info/gnd/4028557-1,https://www.geonames.org/2895044
672,22,Leipzig,https://d-nb.info/gnd/4035206-7,https://www.geonames.org/2879139
672,241,Weißenfels,https://d-nb.info/gnd/4065247-6,https://www.geonames.org/2811899
673,1868,Altona,https://d-nb.info/gnd/2048384-3,https://www.geonames.org/2911296
673,98,Hamburg,https://d-nb.info/gnd/4023118-5,https://www.geonames.org/2911298
673,2755,"Harburg, Elbe",https://d-nb.info/gnd/4094727-0,https://www.geonames.org/2910685
673,12,Jena,https://d-nb.info/gnd/4028557-1,https://www.geonames.org/2895044
674,1868,Altona,https://d-nb.info/gnd/2048384-3,https://www.geonames.org/2911296
674,4240,Athen,https://d-nb.info/gnd/4003366-1,
674,4250,Celle,https://d-nb.info/gnd/4009657-9,
674,98,Hamburg,https://d-nb.info/gnd/4023118-5,https://www.geonames.org/2911298
674,173,Hannover,https://d-nb.info/gnd/4023349-2,https://www.geonames.org/2910831
674,2755,"Harburg, Elbe",https://d-nb.info/gnd/4094727-0,https://www.geonames.org/2910685
674,12,Jena,https://d-nb.info/gnd/4028557-1,https://www.geonames.org/2895044
674,665,Kopenhagen,https://d-nb.info/gnd/4032399-7,
675,15,Berlin,https://d-nb.info/gnd/2004272-3,https://www.geonames.org/2950159
675,13,Dresden,https://d-nb.info/gnd/37172-5,https://www.geonames.org/2935022
675,22,Leipzig,https://d-nb.info/gnd/4035206-7,https://www.geonames.org/2879139
675,171,Paris,https://d-nb.info/gnd/4044660-8,https://www.geonames.org/2988507
675,1678,Warschau,https://d-nb.info/gnd/4079048-4,https://www.geonames.org/756135
676,1868,Altona,https://d-nb.info/gnd/2048384-3,https://www.geonames.org/2911296
676,236,Bamberg,https://d-nb.info/gnd/2005630-8,https://www.geonames.org/2952984
676,15,Berlin,https://d-nb.info/gnd/2004272-3,https://www.geonames.org/2950159
676,2420,Bordeaux,https://d-nb.info/gnd/2005784-2,
676,60,Braunschweig,https://d-nb.info/gnd/42808-5,https://www.geonames.org/2945024
676,4250,Celle,https://d-nb.info/gnd/4009657-9,
676,98,Hamburg,https://d-nb.info/gnd/4023118-5,https://www.geonames.org/2911298
676,173,Hannover,https://d-nb.info/gnd/4023349-2,https://www.geonames.org/2910831
676,2755,"Harburg, Elbe",https://d-nb.info/gnd/4094727-0,https://www.geonames.org/2910685
676,12,Jena,https://d-nb.info/gnd/4028557-1,https://www.geonames.org/2895044
676,22,Leipzig,https://d-nb.info/gnd/4035206-7,https://www.geonames.org/2879139
677,60,Braunschweig,https://d-nb.info/gnd/42808-5,https://www.geonames.org/2945024
677,12,Jena,https://d-nb.info/gnd/4028557-1,https://www.geonames.org/2895044
677,22,Leipzig,https://d-nb.info/gnd/4035206-7,https://www.geonames.org/2879139
677,540,Sankt Petersburg,https://d-nb.info/gnd/4267026-3,
677,58,Weimar,https://d-nb.info/gnd/4065105-8,https://www.geonames.org/2812482
678,15,Berlin,https://d-nb.info/gnd/2004272-3,https://www.geonames.org/2950159
678,98,Hamburg,https://d-nb.info/gnd/4023118-5,https://www.geonames.org/2911298
678,12,Jena,https://d-nb.info/gnd/4028557-1,https://www.geonames.org/2895044
678,897,Mainz,https://d-nb.info/gnd/2018680-0,https://www.geonames.org/2874225
678,58,Weimar,https://d-nb.info/gnd/4065105-8,https://www.geonames.org/2812482
679,236,Bamberg,https://d-nb.info/gnd/2005630-8,https://www.geonames.org/2952984
679,60,Braunschweig,https://d-nb.info/gnd/42808-5,https://www.geonames.org/2945024
679,14,Gotha,https://d-nb.info/gnd/4021652-4,https://www.geonames.org/2918752
679,98,Hamburg,https://d-nb.info/gnd/4023118-5,https://www.geonames.org/2911298
679,12,Jena,https://d-nb.info/gnd/4028557-1,https://www.geonames.org/2895044
679,366,Lyon,https://d-nb.info/gnd/4036770-8,
679,897,Mainz,https://d-nb.info/gnd/2018680-0,https://www.geonames.org/2874225
679,58,Weimar,https://d-nb.info/gnd/4065105-8,https://www.geonames.org/2812482
680,236,Bamberg,https://d-nb.info/gnd/2005630-8,https://www.geonames.org/2952984
680,15,Berlin,https://d-nb.info/gnd/2004272-3,https://www.geonames.org/2950159
680,60,Braunschweig,https://d-nb.info/gnd/42808-5,https://www.geonames.org/2945024
680,2755,"Harburg, Elbe",https://d-nb.info/gnd/4094727-0,https://www.geonames.org/2910685
680,12,Jena,https://d-nb.info/gnd/4028557-1,https://www.geonames.org/2895044
680,22,Leipzig,https://d-nb.info/gnd/4035206-7,https://www.geonames.org/2879139
680,4303,Reims,https://d-nb.info/gnd/4103640-2,
680,1783,Salzburg,https://d-nb.info/gnd/4076982-3,https://www.geonames.org/2766824
681,173,Hannover,https://d-nb.info/gnd/4023349-2,https://www.geonames.org/2910831
681,12,Jena,https://d-nb.info/gnd/4028557-1,https://www.geonames.org/2895044
681,895,Metz,https://d-nb.info/gnd/4039029-9,
681,171,Paris,https://d-nb.info/gnd/4044660-8,https://www.geonames.org/2988507
681,58,Weimar,https://d-nb.info/gnd/4065105-8,https://www.geonames.org/2812482
682,12,Jena,https://d-nb.info/gnd/4028557-1,https://www.geonames.org/2895044
683,4313,Bad Camberg,https://d-nb.info/gnd/4009347-5,
683,60,Braunschweig,https://d-nb.info/gnd/42808-5,https://www.geonames.org/2945024
683,1633,Erfurt,https://d-nb.info/gnd/4015240-6,https://www.geonames.org/2929670
683,2,Göttingen,https://d-nb.info/gnd/4021477-1,https://www.geonames.org/2918632
683,12,Jena,https://d-nb.info/gnd/4028557-1,https://www.geonames.org/2895044
683,22,Leipzig,https://d-nb.info/gnd/4035206-7,https://www.geonames.org/2879139
683,1783,Salzburg,https://d-nb.info/gnd/4076982-3,https://www.geonames.org/2766824
683,58,Weimar,https://d-nb.info/gnd/4065105-8,https://www.geonames.org/2812482
684,15,Berlin,https://d-nb.info/gnd/2004272-3,https://www.geonames.org/2950159
684,13,Dresden,https://d-nb.info/gnd/37172-5,https://www.geonames.org/2935022
684,12,Jena,https://d-nb.info/gnd/4028557-1,https://www.geonames.org/2895044
684,897,Mainz,https://d-nb.info/gnd/2018680-0,https://www.geonames.org/2874225
684,1524,Pillnitz,https://d-nb.info/gnd/4306696-3,https://www.geonames.org/2853707
684,58,Weimar,https://d-nb.info/gnd/4065105-8,https://www.geonames.org/2812482
685,4331,Bad Lauchstädt,https://d-nb.info/gnd/4034704-7,https://www.geonames.org/2953412
685,1873,Bad Pyrmont,https://d-nb.info/gnd/4047920-1,
685,236,Bamberg,https://d-nb.info/gnd/2005630-8,https://www.geonames.org/2952984
685,15,Berlin,https://d-nb.info/gnd/2004272-3,https://www.geonames.org/2950159
685,229,Halle (Saale),https://d-nb.info/gnd/4023025-9,https://www.geonames.org/2911522
685,4330,Holle-Söder,https://d-nb.info/gnd/7536603-4,
685,12,Jena,https://d-nb.info/gnd/4028557-1,https://www.geonames.org/2895044
685,22,Leipzig,https://d-nb.info/gnd/4035206-7,https://www.geonames.org/2879139
685,171,Paris,https://d-nb.info/gnd/4044660-8,https://www.geonames.org/2988507
685,411,Rudolstadt,https://d-nb.info/gnd/4105066-6,https://www.geonames.org/2843355
685,241,Weißenfels,https://d-nb.info/gnd/4065247-6,https://www.geonames.org/2811899
685,4329,Wenigenjena,https://d-nb.info/gnd/126317-1,
686,334,Bad Liebenstein,https://d-nb.info/gnd/4035648-6,
686,15,Berlin,https://d-nb.info/gnd/2004272-3,https://www.geonames.org/2950159
686,13,Dresden,https://d-nb.info/gnd/37172-5,https://www.geonames.org/2935022
686,1633,Erfurt,https://d-nb.info/gnd/4015240-6,https://www.geonames.org/2929670
686,2,Göttingen,https://d-nb.info/gnd/4021477-1,https://www.geonames.org/2918632
686,4330,Holle-Söder,https://d-nb.info/gnd/7536603-4,
686,12,Jena,https://d-nb.info/gnd/4028557-1,https://www.geonames.org/2895044
686,58,Weimar,https://d-nb.info/gnd/4065105-8,https://www.geonames.org/2812482
687,236,Bamberg,https://d-nb.info/gnd/2005630-8,https://www.geonames.org/2952984
687,15,Berlin,https://d-nb.info/gnd/2004272-3,https://www.geonames.org/2950159
687,60,Braunschweig,https://d-nb.info/gnd/42808-5,https://www.geonames.org/2945024
687,1633,Erfurt,https://d-nb.info/gnd/4015240-6,https://www.geonames.org/2929670
687,4958,Freiberg,https://d-nb.info/gnd/4018266-6,https://www.geonames.org/2925192
687,2,Göttingen,https://d-nb.info/gnd/4021477-1,https://www.geonames.org/2918632
687,12,Jena,https://d-nb.info/gnd/4028557-1,https://www.geonames.org/2895044
687,1524,Pillnitz,https://d-nb.info/gnd/4306696-3,https://www.geonames.org/2853707
687,4324,Tharandt,https://d-nb.info/gnd/4106217-6,
687,58,Weimar,https://d-nb.info/gnd/4065105-8,https://www.geonames.org/2812482
688,15,Berlin,https://d-nb.info/gnd/2004272-3,https://www.geonames.org/2950159
688,60,Braunschweig,https://d-nb.info/gnd/42808-5,https://www.geonames.org/2945024
688,8343,Dornburg/Saale,https://d-nb.info/gnd/4091159-7,https://www.geonames.org/2935741
688,327,Frankfurt am Main,https://d-nb.info/gnd/4018118-2,https://www.geonames.org/2925533
688,2,Göttingen,https://d-nb.info/gnd/4021477-1,https://www.geonames.org/2918632
688,12,Jena,https://d-nb.info/gnd/4028557-1,https://www.geonames.org/2895044
688,416,Landshut,https://d-nb.info/gnd/4034367-4,https://www.geonames.org/2881485
688,22,Leipzig,https://d-nb.info/gnd/4035206-7,https://www.geonames.org/2879139
688,354,München,https://d-nb.info/gnd/4127793-4,
688,58,Weimar,https://d-nb.info/gnd/4065105-8,https://www.geonames.org/2812482
689,259,Bad Bocklet,https://d-nb.info/gnd/4087853-3,https://www.geonames.org/2953540
689,1873,Bad Pyrmont,https://d-nb.info/gnd/4047920-1,
689,15,Berlin,https://d-nb.info/gnd/2004272-3,https://www.geonames.org/2950159
689,60,Braunschweig,https://d-nb.info/gnd/42808-5,https://www.geonames.org/2945024
689,14,Gotha,https://d-nb.info/gnd/4021652-4,https://www.geonames.org/2918752
689,12,Jena,https://d-nb.info/gnd/4028557-1,https://www.geonames.org/2895044
689,4356,"Langenhagen (Hannover, Region)",https://d-nb.info/gnd/4099030-8,
689,22,Leipzig,https://d-nb.info/gnd/4035206-7,https://www.geonames.org/2879139
689,752,"Oberweimar (Weimar, Lahn)",https://d-nb.info/gnd/7620972-6,
689,58,Weimar,https://d-nb.info/gnd/4065105-8,https://www.geonames.org/2812482
690,236,Bamberg,https://d-nb.info/gnd/2005630-8,https://www.geonames.org/2952984
690,15,Berlin,https://d-nb.info/gnd/2004272-3,https://www.geonames.org/2950159
690,327,Frankfurt am Main,https://d-nb.info/gnd/4018118-2,https://www.geonames.org/2925533
690,12,Jena,https://d-nb.info/gnd/4028557-1,https://www.geonames.org/2895044
690,416,Landshut,https://d-nb.info/gnd/4034367-4,https://www.geonames.org/2881485
690,354,München,https://d-nb.info/gnd/4127793-4,
690,2528,Riga,https://d-nb.info/gnd/4050042-1,https://www.geonames.org/456172
691,236,Bamberg,https://d-nb.info/gnd/2005630-8,https://www.geonames.org/2952984
691,15,Berlin,https://d-nb.info/gnd/2004272-3,https://www.geonames.org/2950159
691,4379,Burgau (Jena),https://d-nb.info/gnd/4473029-9,
691,13,Dresden,https://d-nb.info/gnd/37172-5,https://www.geonames.org/2935022
691,1633,Erfurt,https://d-nb.info/gnd/4015240-6,https://www.geonames.org/2929670
691,566,Erlangen,https://d-nb.info/gnd/4015299-6,https://www.geonames.org/2929567
691,12,Jena,https://d-nb.info/gnd/4028557-1,https://www.geonames.org/2895044
691,359,Mailand,https://d-nb.info/gnd/4037100-1,
691,58,Weimar,https://d-nb.info/gnd/4065105-8,https://www.geonames.org/2812482
691,4329,Wenigenjena,https://d-nb.info/gnd/126317-1,
692,259,Bad Bocklet,https://d-nb.info/gnd/4087853-3,https://www.geonames.org/2953540
692,15,Berlin,https://d-nb.info/gnd/2004272-3,https://www.geonames.org/2950159
692,12,Jena,https://d-nb.info/gnd/4028557-1,https://www.geonames.org/2895044
692,22,Leipzig,https://d-nb.info/gnd/4035206-7,https://www.geonames.org/2879139
692,540,Sankt Petersburg,https://d-nb.info/gnd/4267026-3,
692,58,Weimar,https://d-nb.info/gnd/4065105-8,https://www.geonames.org/2812482
693,12,Jena,https://d-nb.info/gnd/4028557-1,https://www.geonames.org/2895044
694,229,Halle (Saale),https://d-nb.info/gnd/4023025-9,https://www.geonames.org/2911522
694,12,Jena,https://d-nb.info/gnd/4028557-1,https://www.geonames.org/2895044
694,58,Weimar,https://d-nb.info/gnd/4065105-8,https://www.geonames.org/2812482
695,15,Berlin,https://d-nb.info/gnd/2004272-3,https://www.geonames.org/2950159
695,13,Dresden,https://d-nb.info/gnd/37172-5,https://www.geonames.org/2935022
695,566,Erlangen,https://d-nb.info/gnd/4015299-6,https://www.geonames.org/2929567
695,12,Jena,https://d-nb.info/gnd/4028557-1,https://www.geonames.org/2895044
695,22,Leipzig,https://d-nb.info/gnd/4035206-7,https://www.geonames.org/2879139
696,15,Berlin,https://d-nb.info/gnd/2004272-3,https://www.geonames.org/2950159
696,173,Hannover,https://d-nb.info/gnd/4023349-2,https://www.geonames.org/2910831
696,58,Weimar,https://d-nb.info/gnd/4065105-8,https://www.geonames.org/2812482
697,1018,Breslau,https://d-nb.info/gnd/2005949-8,https://www.geonames.org/3081368
697,22,Leipzig,https://d-nb.info/gnd/4035206-7,https://www.geonames.org/2879139
698,15,Berlin,https://d-nb.info/gnd/2004272-3,https://www.geonames.org/2950159
698,4958,Freiberg,https://d-nb.info/gnd/4018266-6,https://www.geonames.org/2925192
698,133,Kiel,https://d-nb.info/gnd/4030481-4,https://www.geonames.org/2891122
698,4431,Murrhardt,https://d-nb.info/gnd/4040777-9,
698,171,Paris,https://d-nb.info/gnd/4044660-8,https://www.geonames.org/2988507
698,58,Weimar,https://d-nb.info/gnd/4065105-8,https://www.geonames.org/2812482
699,15,Berlin,https://d-nb.info/gnd/2004272-3,https://www.geonames.org/2950159
699,60,Braunschweig,https://d-nb.info/gnd/42808-5,https://www.geonames.org/2945024
699,8343,Dornburg/Saale,https://d-nb.info/gnd/4091159-7,https://www.geonames.org/2935741
699,566,Erlangen,https://d-nb.info/gnd/4015299-6,https://www.geonames.org/2929567
699,4448,Kunitz,https://d-nb.info/gnd/4725677-1,
699,1783,Salzburg,https://d-nb.info/gnd/4076982-3,https://www.geonames.org/2766824
699,58,Weimar,https://d-nb.info/gnd/4065105-8,https://www.geonames.org/2812482
700,1868,Altona,https://d-nb.info/gnd/2048384-3,https://www.geonames.org/2911296
700,15,Berlin,https://d-nb.info/gnd/2004272-3,https://www.geonames.org/2950159
700,60,Braunschweig,https://d-nb.info/gnd/42808-5,https://www.geonames.org/2945024
700,133,Kiel,https://d-nb.info/gnd/4030481-4,https://www.geonames.org/2891122
700,22,Leipzig,https://d-nb.info/gnd/4035206-7,https://www.geonames.org/2879139
700,58,Weimar,https://d-nb.info/gnd/4065105-8,https://www.geonames.org/2812482
701,12,Jena,https://d-nb.info/gnd/4028557-1,https://www.geonames.org/2895044
701,58,Weimar,https://d-nb.info/gnd/4065105-8,https://www.geonames.org/2812482
702,15,Berlin,https://d-nb.info/gnd/2004272-3,https://www.geonames.org/2950159
702,4459,Drackendorf,https://d-nb.info/gnd/4803589-0,
702,58,Weimar,https://d-nb.info/gnd/4065105-8,https://www.geonames.org/2812482
703,236,Bamberg,https://d-nb.info/gnd/2005630-8,https://www.geonames.org/2952984
703,15,Berlin,https://d-nb.info/gnd/2004272-3,https://www.geonames.org/2950159
703,60,Braunschweig,https://d-nb.info/gnd/42808-5,https://www.geonames.org/2945024
703,4459,Drackendorf,https://d-nb.info/gnd/4803589-0,
703,14,Gotha,https://d-nb.info/gnd/4021652-4,https://www.geonames.org/2918752
703,2,Göttingen,https://d-nb.info/gnd/4021477-1,https://www.geonames.org/2918632
703,173,Hannover,https://d-nb.info/gnd/4023349-2,https://www.geonames.org/2910831
703,133,Kiel,https://d-nb.info/gnd/4030481-4,https://www.geonames.org/2891122
703,22,Leipzig,https://d-nb.info/gnd/4035206-7,https://www.geonames.org/2879139
703,58,Weimar,https://d-nb.info/gnd/4065105-8,https://www.geonames.org/2812482
704,173,Hannover,https://d-nb.info/gnd/4023349-2,https://www.geonames.org/2910831
704,22,Leipzig,https://d-nb.info/gnd/4035206-7,https://www.geonames.org/2879139
704,2275,Potsdam,https://d-nb.info/gnd/4046948-7,https://www.geonames.org/2852458
705,236,Bamberg,https://d-nb.info/gnd/2005630-8,https://www.geonames.org/2952984
705,15,Berlin,https://d-nb.info/gnd/2004272-3,https://www.geonames.org/2950159
705,60,Braunschweig,https://d-nb.info/gnd/42808-5,https://www.geonames.org/2945024
705,1633,Erfurt,https://d-nb.info/gnd/4015240-6,https://www.geonames.org/2929670
705,173,Hannover,https://d-nb.info/gnd/4023349-2,https://www.geonames.org/2910831
705,4467,Helmstedt,https://d-nb.info/gnd/4024344-8,
705,133,Kiel,https://d-nb.info/gnd/4030481-4,https://www.geonames.org/2891122
705,5125,Lüneburg,https://d-nb.info/gnd/4036512-8,
706,236,Bamberg,https://d-nb.info/gnd/2005630-8,https://www.geonames.org/2952984
706,15,Berlin,https://d-nb.info/gnd/2004272-3,https://www.geonames.org/2950159
706,60,Braunschweig,https://d-nb.info/gnd/42808-5,https://www.geonames.org/2945024
706,12,Jena,https://d-nb.info/gnd/4028557-1,https://www.geonames.org/2895044
706,356,Rom,https://d-nb.info/gnd/4050471-2,https://www.geonames.org/3169070
707,15,Berlin,https://d-nb.info/gnd/2004272-3,https://www.geonames.org/2950159
707,12,Jena,https://d-nb.info/gnd/4028557-1,https://www.geonames.org/2895044
707,58,Weimar,https://d-nb.info/gnd/4065105-8,https://www.geonames.org/2812482
708,60,Braunschweig,https://d-nb.info/gnd/42808-5,https://www.geonames.org/2945024
708,14,Gotha,https://d-nb.info/gnd/4021652-4,https://www.geonames.org/2918752
708,12,Jena,https://d-nb.info/gnd/4028557-1,https://www.geonames.org/2895044
708,1783,Salzburg,https://d-nb.info/gnd/4076982-3,https://www.geonames.org/2766824
708,58,Weimar,https://d-nb.info/gnd/4065105-8,https://www.geonames.org/2812482
709,15,Berlin,https://d-nb.info/gnd/2004272-3,https://www.geonames.org/2950159
709,12,Jena,https://d-nb.info/gnd/4028557-1,https://www.geonames.org/2895044
709,58,Weimar,https://d-nb.info/gnd/4065105-8,https://www.geonames.org/2812482
710,15,Berlin,https://d-nb.info/gnd/2004272-3,https://www.geonames.org/2950159
710,327,Frankfurt am Main,https://d-nb.info/gnd/4018118-2,https://www.geonames.org/2925533
710,173,Hannover,https://d-nb.info/gnd/4023349-2,https://www.geonames.org/2910831
710,12,Jena,https://d-nb.info/gnd/4028557-1,https://www.geonames.org/2895044
710,2275,Potsdam,https://d-nb.info/gnd/4046948-7,https://www.geonames.org/2852458
711,15,Berlin,https://d-nb.info/gnd/2004272-3,https://www.geonames.org/2950159
711,327,Frankfurt am Main,https://d-nb.info/gnd/4018118-2,https://www.geonames.org/2925533
711,12,Jena,https://d-nb.info/gnd/4028557-1,https://www.geonames.org/2895044
712,15,Berlin,https://d-nb.info/gnd/2004272-3,https://www.geonames.org/2950159
712,12,Jena,https://d-nb.info/gnd/4028557-1,https://www.geonames.org/2895044
712,22,Leipzig,https://d-nb.info/gnd/4035206-7,https://www.geonames.org/2879139
712,2275,Potsdam,https://d-nb.info/gnd/4046948-7,https://www.geonames.org/2852458
713,15,Berlin,https://d-nb.info/gnd/2004272-3,https://www.geonames.org/2950159
713,229,Halle (Saale),https://d-nb.info/gnd/4023025-9,https://www.geonames.org/2911522
713,12,Jena,https://d-nb.info/gnd/4028557-1,https://www.geonames.org/2895044
714,15,Berlin,https://d-nb.info/gnd/2004272-3,https://www.geonames.org/2950159
714,229,Halle (Saale),https://d-nb.info/gnd/4023025-9,https://www.geonames.org/2911522
714,262,Naumburg (Saale),https://d-nb.info/gnd/4041445-0,
714,2275,Potsdam,https://d-nb.info/gnd/4046948-7,https://www.geonames.org/2852458
714,58,Weimar,https://d-nb.info/gnd/4065105-8,https://www.geonames.org/2812482
715,13,Dresden,https://d-nb.info/gnd/37172-5,https://www.geonames.org/2935022
715,1633,Erfurt,https://d-nb.info/gnd/4015240-6,https://www.geonames.org/2929670
715,327,Frankfurt am Main,https://d-nb.info/gnd/4018118-2,https://www.geonames.org/2925533
715,14,Gotha,https://d-nb.info/gnd/4021652-4,https://www.geonames.org/2918752
715,58,Weimar,https://d-nb.info/gnd/4065105-8,https://www.geonames.org/2812482
716,15,Berlin,https://d-nb.info/gnd/2004272-3,https://www.geonames.org/2950159
716,4498,Ettersburg,https://d-nb.info/gnd/4350289-1,
716,12,Jena,https://d-nb.info/gnd/4028557-1,https://www.geonames.org/2895044
716,171,Paris,https://d-nb.info/gnd/4044660-8,https://www.geonames.org/2988507
716,58,Weimar,https://d-nb.info/gnd/4065105-8,https://www.geonames.org/2812482
717,15,Berlin,https://d-nb.info/gnd/2004272-3,https://www.geonames.org/2950159
717,12,Jena,https://d-nb.info/gnd/4028557-1,https://www.geonames.org/2895044
717,58,Weimar,https://d-nb.info/gnd/4065105-8,https://www.geonames.org/2812482
718,22,Leipzig,https://d-nb.info/gnd/4035206-7,https://www.geonames.org/2879139
719,15,Berlin,https://d-nb.info/gnd/2004272-3,https://www.geonames.org/2950159
719,60,Braunschweig,https://d-nb.info/gnd/42808-5,https://www.geonames.org/2945024
719,229,Halle (Saale),https://d-nb.info/gnd/4023025-9,https://www.geonames.org/2911522
719,12,Jena,https://d-nb.info/gnd/4028557-1,https://www.geonames.org/2895044
719,22,Leipzig,https://d-nb.info/gnd/4035206-7,https://www.geonames.org/2879139
719,58,Weimar,https://d-nb.info/gnd/4065105-8,https://www.geonames.org/2812482
720,15,Berlin,https://d-nb.info/gnd/2004272-3,https://www.geonames.org/2950159
722,15,Berlin,https://d-nb.info/gnd/2004272-3,https://www.geonames.org/2950159
722,13,Dresden,https://d-nb.info/gnd/37172-5,https://www.geonames.org/2935022
722,327,Frankfurt am Main,https://d-nb.info/gnd/4018118-2,https://www.geonames.org/2925533
722,12,Jena,https://d-nb.info/gnd/4028557-1,https://www.geonames.org/2895044
723,236,Bamberg,https://d-nb.info/gnd/2005630-8,https://www.geonames.org/2952984
723,15,Berlin,https://d-nb.info/gnd/2004272-3,https://www.geonames.org/2950159
723,60,Braunschweig,https://d-nb.info/gnd/42808-5,https://www.geonames.org/2945024
723,13,Dresden,https://d-nb.info/gnd/37172-5,https://www.geonames.org/2935022
723,2,Göttingen,https://d-nb.info/gnd/4021477-1,https://www.geonames.org/2918632
723,173,Hannover,https://d-nb.info/gnd/4023349-2,https://www.geonames.org/2910831
723,2755,"Harburg, Elbe",https://d-nb.info/gnd/4094727-0,https://www.geonames.org/2910685
724,4331,Bad Lauchstädt,https://d-nb.info/gnd/4034704-7,https://www.geonames.org/2953412
724,12,Jena,https://d-nb.info/gnd/4028557-1,https://www.geonames.org/2895044
724,416,Landshut,https://d-nb.info/gnd/4034367-4,https://www.geonames.org/2881485
725,12,Jena,https://d-nb.info/gnd/4028557-1,https://www.geonames.org/2895044
726,14,Gotha,https://d-nb.info/gnd/4021652-4,https://www.geonames.org/2918752
726,12,Jena,https://d-nb.info/gnd/4028557-1,https://www.geonames.org/2895044
727,15,Berlin,https://d-nb.info/gnd/2004272-3,https://www.geonames.org/2950159
727,12,Jena,https://d-nb.info/gnd/4028557-1,https://www.geonames.org/2895044
858,173,Hannover,https://d-nb.info/gnd/4023349-2,https://www.geonames.org/2910831
858,2695,Madras,https://d-nb.info/gnd/4211415-9,
859,989,Aachen,https://d-nb.info/gnd/2027976-0,
859,2704,Andreasberg (Bestwig),https://d-nb.info/gnd/7675696-8,
859,887,Bonn,https://d-nb.info/gnd/1001909-1,
859,60,Braunschweig,https://d-nb.info/gnd/42808-5,https://www.geonames.org/2945024
859,2699,Clausthal,https://d-nb.info/gnd/4070033-1,
859,2703,Elbingerode (Harz),https://d-nb.info/gnd/2088764-4,
859,2700,Goslar,https://d-nb.info/gnd/4021643-3,
859,2,Göttingen,https://d-nb.info/gnd/4021477-1,https://www.geonames.org/2918632
859,2702,Ilsenburg (Harz),https://d-nb.info/gnd/4095929-6,
859,292,London,https://d-nb.info/gnd/4074335-4,
859,2698,Marburg,https://d-nb.info/gnd/4037446-4,https://www.geonames.org/2873759
859,354,München,https://d-nb.info/gnd/4127793-4,
859,2701,Wolfenbüttel,https://d-nb.info/gnd/2026423-9,
860,60,Braunschweig,https://d-nb.info/gnd/42808-5,https://www.geonames.org/2945024
860,2,Göttingen,https://d-nb.info/gnd/4021477-1,https://www.geonames.org/2918632
860,173,Hannover,https://d-nb.info/gnd/4023349-2,https://www.geonames.org/2910831
860,22,Leipzig,https://d-nb.info/gnd/4035206-7,https://www.geonames.org/2879139
861,1378,Amsterdam,https://d-nb.info/gnd/4001783-7,https://www.geonames.org/2759794
861,2711,Den Haag,https://d-nb.info/gnd/4011446-6,
861,2,Göttingen,https://d-nb.info/gnd/4021477-1,https://www.geonames.org/2918632
861,173,Hannover,https://d-nb.info/gnd/4023349-2,https://www.geonames.org/2910831
861,1738,Leiden,https://d-nb.info/gnd/4074118-7,
862,1378,Amsterdam,https://d-nb.info/gnd/4001783-7,https://www.geonames.org/2759794
862,2,Göttingen,https://d-nb.info/gnd/4021477-1,https://www.geonames.org/2918632
862,173,Hannover,https://d-nb.info/gnd/4023349-2,https://www.geonames.org/2910831
863,1378,Amsterdam,https://d-nb.info/gnd/4001783-7,https://www.geonames.org/2759794
863,1873,Bad Pyrmont,https://d-nb.info/gnd/4047920-1,
863,15,Berlin,https://d-nb.info/gnd/2004272-3,https://www.geonames.org/2950159
863,2,Göttingen,https://d-nb.info/gnd/4021477-1,https://www.geonames.org/2918632
863,98,Hamburg,https://d-nb.info/gnd/4023118-5,https://www.geonames.org/2911298
863,173,Hannover,https://d-nb.info/gnd/4023349-2,https://www.geonames.org/2910831
863,22,Leipzig,https://d-nb.info/gnd/4035206-7,https://www.geonames.org/2879139
863,2718,Osnabrück,https://d-nb.info/gnd/4043974-4,
863,356,Rom,https://d-nb.info/gnd/4050471-2,https://www.geonames.org/3169070
864,1378,Amsterdam,https://d-nb.info/gnd/4001783-7,https://www.geonames.org/2759794
864,5257,Hamstede/Haamstede,https://d-nb.info/gnd/7571874-1,
865,1378,Amsterdam,https://d-nb.info/gnd/4001783-7,https://www.geonames.org/2759794
865,2729,Breda,https://d-nb.info/gnd/4234258-2,
865,22,Leipzig,https://d-nb.info/gnd/4035206-7,https://www.geonames.org/2879139
866,1378,Amsterdam,https://d-nb.info/gnd/4001783-7,https://www.geonames.org/2759794
866,22,Leipzig,https://d-nb.info/gnd/4035206-7,https://www.geonames.org/2879139
867,15,Berlin,https://d-nb.info/gnd/2004272-3,https://www.geonames.org/2950159
867,14,Gotha,https://d-nb.info/gnd/4021652-4,https://www.geonames.org/2918752
867,173,Hannover,https://d-nb.info/gnd/4023349-2,https://www.geonames.org/2910831
867,2755,"Harburg, Elbe",https://d-nb.info/gnd/4094727-0,https://www.geonames.org/2910685
867,133,Kiel,https://d-nb.info/gnd/4030481-4,https://www.geonames.org/2891122
867,2746,Syke,https://d-nb.info/gnd/4106461-6,
868,15,Berlin,https://d-nb.info/gnd/2004272-3,https://www.geonames.org/2950159
868,2,Göttingen,https://d-nb.info/gnd/4021477-1,https://www.geonames.org/2918632
869,60,Braunschweig,https://d-nb.info/gnd/42808-5,https://www.geonames.org/2945024
869,13,Dresden,https://d-nb.info/gnd/37172-5,https://www.geonames.org/2935022
869,22,Leipzig,https://d-nb.info/gnd/4035206-7,https://www.geonames.org/2879139
870,12,Jena,https://d-nb.info/gnd/4028557-1,https://www.geonames.org/2895044
871,60,Braunschweig,https://d-nb.info/gnd/42808-5,https://www.geonames.org/2945024
871,13,Dresden,https://d-nb.info/gnd/37172-5,https://www.geonames.org/2935022
871,12,Jena,https://d-nb.info/gnd/4028557-1,https://www.geonames.org/2895044
871,22,Leipzig,https://d-nb.info/gnd/4035206-7,https://www.geonames.org/2879139
872,12,Jena,https://d-nb.info/gnd/4028557-1,https://www.geonames.org/2895044
872,22,Leipzig,https://d-nb.info/gnd/4035206-7,https://www.geonames.org/2879139
873,2776,Giebichenstein,https://d-nb.info/gnd/5026901-X,https://www.geonames.org/2920649
873,2777,Halberstadt,https://d-nb.info/gnd/4022987-7,https://www.geonames.org/2911665
873,12,Jena,https://d-nb.info/gnd/4028557-1,https://www.geonames.org/2895044
874,60,Braunschweig,https://d-nb.info/gnd/42808-5,https://www.geonames.org/2945024
874,12,Jena,https://d-nb.info/gnd/4028557-1,https://www.geonames.org/2895044
874,665,Kopenhagen,https://d-nb.info/gnd/4032399-7,
874,22,Leipzig,https://d-nb.info/gnd/4035206-7,https://www.geonames.org/2879139
874,58,Weimar,https://d-nb.info/gnd/4065105-8,https://www.geonames.org/2812482
876,58,Weimar,https://d-nb.info/gnd/4065105-8,https://www.geonames.org/2812482
877,13,Dresden,https://d-nb.info/gnd/37172-5,https://www.geonames.org/2935022
877,12,Jena,https://d-nb.info/gnd/4028557-1,https://www.geonames.org/2895044
877,22,Leipzig,https://d-nb.info/gnd/4035206-7,https://www.geonames.org/2879139
877,58,Weimar,https://d-nb.info/gnd/4065105-8,https://www.geonames.org/2812482
877,241,Weißenfels,https://d-nb.info/gnd/4065247-6,https://www.geonames.org/2811899
878,229,Halle (Saale),https://d-nb.info/gnd/4023025-9,https://www.geonames.org/2911522
878,12,Jena,https://d-nb.info/gnd/4028557-1,https://www.geonames.org/2895044
878,58,Weimar,https://d-nb.info/gnd/4065105-8,https://www.geonames.org/2812482
879,15,Berlin,https://d-nb.info/gnd/2004272-3,https://www.geonames.org/2950159
879,2776,Giebichenstein,https://d-nb.info/gnd/5026901-X,https://www.geonames.org/2920649
880,13,Dresden,https://d-nb.info/gnd/37172-5,https://www.geonames.org/2935022
880,22,Leipzig,https://d-nb.info/gnd/4035206-7,https://www.geonames.org/2879139
881,12,Jena,https://d-nb.info/gnd/4028557-1,https://www.geonames.org/2895044
881,22,Leipzig,https://d-nb.info/gnd/4035206-7,https://www.geonames.org/2879139
881,5412,Strelitz,https://d-nb.info/gnd/10007060-7,https://www.geonames.org/2825922
881,58,Weimar,https://d-nb.info/gnd/4065105-8,https://www.geonames.org/2812482
882,13,Dresden,https://d-nb.info/gnd/37172-5,https://www.geonames.org/2935022
882,2,Göttingen,https://d-nb.info/gnd/4021477-1,https://www.geonames.org/2918632
882,173,Hannover,https://d-nb.info/gnd/4023349-2,https://www.geonames.org/2910831
882,12,Jena,https://d-nb.info/gnd/4028557-1,https://www.geonames.org/2895044
882,2807,Moringen,https://d-nb.info/gnd/4040265-4,
883,12,Jena,https://d-nb.info/gnd/4028557-1,https://www.geonames.org/2895044
883,58,Weimar,https://d-nb.info/gnd/4065105-8,https://www.geonames.org/2812482
884,15,Berlin,https://d-nb.info/gnd/2004272-3,https://www.geonames.org/2950159
884,12,Jena,https://d-nb.info/gnd/4028557-1,https://www.geonames.org/2895044
884,22,Leipzig,https://d-nb.info/gnd/4035206-7,https://www.geonames.org/2879139
885,15,Berlin,https://d-nb.info/gnd/2004272-3,https://www.geonames.org/2950159
885,12,Jena,https://d-nb.info/gnd/4028557-1,https://www.geonames.org/2895044
885,58,Weimar,https://d-nb.info/gnd/4065105-8,https://www.geonames.org/2812482
886,2,Göttingen,https://d-nb.info/gnd/4021477-1,https://www.geonames.org/2918632
886,12,Jena,https://d-nb.info/gnd/4028557-1,https://www.geonames.org/2895044
886,22,Leipzig,https://d-nb.info/gnd/4035206-7,https://www.geonames.org/2879139
887,15,Berlin,https://d-nb.info/gnd/2004272-3,https://www.geonames.org/2950159
887,12,Jena,https://d-nb.info/gnd/4028557-1,https://www.geonames.org/2895044
887,58,Weimar,https://d-nb.info/gnd/4065105-8,https://www.geonames.org/2812482
887,2825,Züllichau,https://d-nb.info/gnd/4119257-6,
888,58,Weimar,https://d-nb.info/gnd/4065105-8,https://www.geonames.org/2812482
889,15,Berlin,https://d-nb.info/gnd/2004272-3,https://www.geonames.org/2950159
889,14,Gotha,https://d-nb.info/gnd/4021652-4,https://www.geonames.org/2918752
889,897,Mainz,https://d-nb.info/gnd/2018680-0,https://www.geonames.org/2874225
889,58,Weimar,https://d-nb.info/gnd/4065105-8,https://www.geonames.org/2812482
890,171,Paris,https://d-nb.info/gnd/4044660-8,https://www.geonames.org/2988507
890,58,Weimar,https://d-nb.info/gnd/4065105-8,https://www.geonames.org/2812482
891,12,Jena,https://d-nb.info/gnd/4028557-1,https://www.geonames.org/2895044
892,15,Berlin,https://d-nb.info/gnd/2004272-3,https://www.geonames.org/2950159
892,13,Dresden,https://d-nb.info/gnd/37172-5,https://www.geonames.org/2935022
892,2,Göttingen,https://d-nb.info/gnd/4021477-1,https://www.geonames.org/2918632
892,12,Jena,https://d-nb.info/gnd/4028557-1,https://www.geonames.org/2895044
892,1197,Neustrelitz,https://d-nb.info/gnd/4101150-8,https://www.geonames.org/2864005
894,1018,Breslau,https://d-nb.info/gnd/2005949-8,https://www.geonames.org/3081368
894,327,Frankfurt am Main,https://d-nb.info/gnd/4018118-2,https://www.geonames.org/2925533
894,172,Köln,https://d-nb.info/gnd/4031483-2,
894,58,Weimar,https://d-nb.info/gnd/4065105-8,https://www.geonames.org/2812482
895,229,Halle (Saale),https://d-nb.info/gnd/4023025-9,https://www.geonames.org/2911522
895,12,Jena,https://d-nb.info/gnd/4028557-1,https://www.geonames.org/2895044
895,58,Weimar,https://d-nb.info/gnd/4065105-8,https://www.geonames.org/2812482
896,12,Jena,https://d-nb.info/gnd/4028557-1,https://www.geonames.org/2895044
896,58,Weimar,https://d-nb.info/gnd/4065105-8,https://www.geonames.org/2812482
897,13,Dresden,https://d-nb.info/gnd/37172-5,https://www.geonames.org/2935022
897,14,Gotha,https://d-nb.info/gnd/4021652-4,https://www.geonames.org/2918752
897,12,Jena,https://d-nb.info/gnd/4028557-1,https://www.geonames.org/2895044
897,58,Weimar,https://d-nb.info/gnd/4065105-8,https://www.geonames.org/2812482
898,13,Dresden,https://d-nb.info/gnd/37172-5,https://www.geonames.org/2935022
898,1524,Pillnitz,https://d-nb.info/gnd/4306696-3,https://www.geonames.org/2853707
899,12,Jena,https://d-nb.info/gnd/4028557-1,https://www.geonames.org/2895044
900,12,Jena,https://d-nb.info/gnd/4028557-1,https://www.geonames.org/2895044
901,58,Weimar,https://d-nb.info/gnd/4065105-8,https://www.geonames.org/2812482
902,2,Göttingen,https://d-nb.info/gnd/4021477-1,https://www.geonames.org/2918632
903,15,Berlin,https://d-nb.info/gnd/2004272-3,https://www.geonames.org/2950159
903,12,Jena,https://d-nb.info/gnd/4028557-1,https://www.geonames.org/2895044
903,171,Paris,https://d-nb.info/gnd/4044660-8,https://www.geonames.org/2988507
903,58,Weimar,https://d-nb.info/gnd/4065105-8,https://www.geonames.org/2812482
904,58,Weimar,https://d-nb.info/gnd/4065105-8,https://www.geonames.org/2812482
905,173,Hannover,https://d-nb.info/gnd/4023349-2,https://www.geonames.org/2910831
905,12,Jena,https://d-nb.info/gnd/4028557-1,https://www.geonames.org/2895044
906,12,Jena,https://d-nb.info/gnd/4028557-1,https://www.geonames.org/2895044
907,58,Weimar,https://d-nb.info/gnd/4065105-8,https://www.geonames.org/2812482
908,2912,Ansbach,https://d-nb.info/gnd/4002170-1,
909,12,Jena,https://d-nb.info/gnd/4028557-1,https://www.geonames.org/2895044
910,173,Hannover,https://d-nb.info/gnd/4023349-2,https://www.geonames.org/2910831
910,12,Jena,https://d-nb.info/gnd/4028557-1,https://www.geonames.org/2895044
911,15,Berlin,https://d-nb.info/gnd/2004272-3,https://www.geonames.org/2950159
911,2,Göttingen,https://d-nb.info/gnd/4021477-1,https://www.geonames.org/2918632
911,12,Jena,https://d-nb.info/gnd/4028557-1,https://www.geonames.org/2895044
912,15,Berlin,https://d-nb.info/gnd/2004272-3,https://www.geonames.org/2950159
912,2917,Oßmannstedt,https://d-nb.info/gnd/4640284-6,https://www.geonames.org/2856837
912,58,Weimar,https://d-nb.info/gnd/4065105-8,https://www.geonames.org/2812482
913,15,Berlin,https://d-nb.info/gnd/2004272-3,https://www.geonames.org/2950159
913,2281,Dessau,https://d-nb.info/gnd/4011536-7,https://www.geonames.org/2937959
913,12,Jena,https://d-nb.info/gnd/4028557-1,https://www.geonames.org/2895044
913,22,Leipzig,https://d-nb.info/gnd/4035206-7,https://www.geonames.org/2879139
913,58,Weimar,https://d-nb.info/gnd/4065105-8,https://www.geonames.org/2812482
914,2,Göttingen,https://d-nb.info/gnd/4021477-1,https://www.geonames.org/2918632
915,15,Berlin,https://d-nb.info/gnd/2004272-3,https://www.geonames.org/2950159
915,2930,Coburg,https://d-nb.info/gnd/4010325-0,
915,13,Dresden,https://d-nb.info/gnd/37172-5,https://www.geonames.org/2935022
915,14,Gotha,https://d-nb.info/gnd/4021652-4,https://www.geonames.org/2918752
915,12,Jena,https://d-nb.info/gnd/4028557-1,https://www.geonames.org/2895044
915,22,Leipzig,https://d-nb.info/gnd/4035206-7,https://www.geonames.org/2879139
916,15,Berlin,https://d-nb.info/gnd/2004272-3,https://www.geonames.org/2950159
916,2930,Coburg,https://d-nb.info/gnd/4010325-0,
916,14,Gotha,https://d-nb.info/gnd/4021652-4,https://www.geonames.org/2918752
916,12,Jena,https://d-nb.info/gnd/4028557-1,https://www.geonames.org/2895044
916,252,Meiningen,https://d-nb.info/gnd/4038453-6,
916,58,Weimar,https://d-nb.info/gnd/4065105-8,https://www.geonames.org/2812482
917,15,Berlin,https://d-nb.info/gnd/2004272-3,https://www.geonames.org/2950159
917,2930,Coburg,https://d-nb.info/gnd/4010325-0,
917,13,Dresden,https://d-nb.info/gnd/37172-5,https://www.geonames.org/2935022
917,14,Gotha,https://d-nb.info/gnd/4021652-4,https://www.geonames.org/2918752
917,12,Jena,https://d-nb.info/gnd/4028557-1,https://www.geonames.org/2895044
917,58,Weimar,https://d-nb.info/gnd/4065105-8,https://www.geonames.org/2812482
918,13,Dresden,https://d-nb.info/gnd/37172-5,https://www.geonames.org/2935022
918,12,Jena,https://d-nb.info/gnd/4028557-1,https://www.geonames.org/2895044
918,252,Meiningen,https://d-nb.info/gnd/4038453-6,
919,2930,Coburg,https://d-nb.info/gnd/4010325-0,
919,14,Gotha,https://d-nb.info/gnd/4021652-4,https://www.geonames.org/2918752
919,12,Jena,https://d-nb.info/gnd/4028557-1,https://www.geonames.org/2895044
919,252,Meiningen,https://d-nb.info/gnd/4038453-6,
919,58,Weimar,https://d-nb.info/gnd/4065105-8,https://www.geonames.org/2812482
920,15,Berlin,https://d-nb.info/gnd/2004272-3,https://www.geonames.org/2950159
920,2776,Giebichenstein,https://d-nb.info/gnd/5026901-X,https://www.geonames.org/2920649
920,12,Jena,https://d-nb.info/gnd/4028557-1,https://www.geonames.org/2895044
921,15,Berlin,https://d-nb.info/gnd/2004272-3,https://www.geonames.org/2950159
921,2776,Giebichenstein,https://d-nb.info/gnd/5026901-X,https://www.geonames.org/2920649
921,12,Jena,https://d-nb.info/gnd/4028557-1,https://www.geonames.org/2895044
922,2955,"Komarno (Hirschberg, Riesengebirge)",https://d-nb.info/gnd/4645972-8,
923,12,Jena,https://d-nb.info/gnd/4028557-1,https://www.geonames.org/2895044
924,15,Berlin,https://d-nb.info/gnd/2004272-3,https://www.geonames.org/2950159
924,2281,Dessau,https://d-nb.info/gnd/4011536-7,https://www.geonames.org/2937959
924,12,Jena,https://d-nb.info/gnd/4028557-1,https://www.geonames.org/2895044
925,12,Jena,https://d-nb.info/gnd/4028557-1,https://www.geonames.org/2895044
925,22,Leipzig,https://d-nb.info/gnd/4035206-7,https://www.geonames.org/2879139
926,2,Göttingen,https://d-nb.info/gnd/4021477-1,https://www.geonames.org/2918632
926,98,Hamburg,https://d-nb.info/gnd/4023118-5,https://www.geonames.org/2911298
926,12,Jena,https://d-nb.info/gnd/4028557-1,https://www.geonames.org/2895044
927,12,Jena,https://d-nb.info/gnd/4028557-1,https://www.geonames.org/2895044
928,58,Weimar,https://d-nb.info/gnd/4065105-8,https://www.geonames.org/2812482
929,12,Jena,https://d-nb.info/gnd/4028557-1,https://www.geonames.org/2895044
930,15,Berlin,https://d-nb.info/gnd/2004272-3,https://www.geonames.org/2950159
930,2,Göttingen,https://d-nb.info/gnd/4021477-1,https://www.geonames.org/2918632
930,12,Jena,https://d-nb.info/gnd/4028557-1,https://www.geonames.org/2895044
930,16,Wien,https://d-nb.info/gnd/4066009-6,
931,12,Jena,https://d-nb.info/gnd/4028557-1,https://www.geonames.org/2895044
931,2955,"Komarno (Hirschberg, Riesengebirge)",https://d-nb.info/gnd/4645972-8,
931,2986,Schmiedeberg (Sächsische Schweiz- Osterzgebirge),https://d-nb.info/gnd/4440968-0,
932,12,Jena,https://d-nb.info/gnd/4028557-1,https://www.geonames.org/2895044
933,15,Berlin,https://d-nb.info/gnd/2004272-3,https://www.geonames.org/2950159
933,13,Dresden,https://d-nb.info/gnd/37172-5,https://www.geonames.org/2935022
933,4958,Freiberg,https://d-nb.info/gnd/4018266-6,https://www.geonames.org/2925192
933,12,Jena,https://d-nb.info/gnd/4028557-1,https://www.geonames.org/2895044
934,15,Berlin,https://d-nb.info/gnd/2004272-3,https://www.geonames.org/2950159
934,66,Danzig (Gdańsk),https://d-nb.info/gnd/15739-9,https://www.geonames.org/3099434
934,12,Jena,https://d-nb.info/gnd/4028557-1,https://www.geonames.org/2895044
934,58,Weimar,https://d-nb.info/gnd/4065105-8,https://www.geonames.org/2812482
935,12,Jena,https://d-nb.info/gnd/4028557-1,https://www.geonames.org/2895044
937,13,Dresden,https://d-nb.info/gnd/37172-5,https://www.geonames.org/2935022
937,241,Weißenfels,https://d-nb.info/gnd/4065247-6,https://www.geonames.org/2811899
938,15,Berlin,https://d-nb.info/gnd/2004272-3,https://www.geonames.org/2950159
938,2,Göttingen,https://d-nb.info/gnd/4021477-1,https://www.geonames.org/2918632
938,12,Jena,https://d-nb.info/gnd/4028557-1,https://www.geonames.org/2895044
938,292,London,https://d-nb.info/gnd/4074335-4,
939,241,Weißenfels,https://d-nb.info/gnd/4065247-6,https://www.geonames.org/2811899
940,15,Berlin,https://d-nb.info/gnd/2004272-3,https://www.geonames.org/2950159
940,12,Jena,https://d-nb.info/gnd/4028557-1,https://www.geonames.org/2895044
941,12,Jena,https://d-nb.info/gnd/4028557-1,https://www.geonames.org/2895044
942,13,Dresden,https://d-nb.info/gnd/37172-5,https://www.geonames.org/2935022
942,12,Jena,https://d-nb.info/gnd/4028557-1,https://www.geonames.org/2895044
942,241,Weißenfels,https://d-nb.info/gnd/4065247-6,https://www.geonames.org/2811899
943,259,Bad Bocklet,https://d-nb.info/gnd/4087853-3,https://www.geonames.org/2953540
943,2,Göttingen,https://d-nb.info/gnd/4021477-1,https://www.geonames.org/2918632
943,12,Jena,https://d-nb.info/gnd/4028557-1,https://www.geonames.org/2895044
944,2,Göttingen,https://d-nb.info/gnd/4021477-1,https://www.geonames.org/2918632
944,12,Jena,https://d-nb.info/gnd/4028557-1,https://www.geonames.org/2895044
945,12,Jena,https://d-nb.info/gnd/4028557-1,https://www.geonames.org/2895044
946,2,Göttingen,https://d-nb.info/gnd/4021477-1,https://www.geonames.org/2918632
947,259,Bad Bocklet,https://d-nb.info/gnd/4087853-3,https://www.geonames.org/2953540
947,6313,Bad Brückenau,https://d-nb.info/gnd/4008413-9,
947,236,Bamberg,https://d-nb.info/gnd/2005630-8,https://www.geonames.org/2952984
947,15,Berlin,https://d-nb.info/gnd/2004272-3,https://www.geonames.org/2950159
947,6314,Fehrbellin,https://d-nb.info/gnd/4086472-8,
947,6315,Fehrbellin-Lentzke,https://d-nb.info/gnd/10121950-7,
947,2776,Giebichenstein,https://d-nb.info/gnd/5026901-X,https://www.geonames.org/2920649
947,2,Göttingen,https://d-nb.info/gnd/4021477-1,https://www.geonames.org/2918632
947,12,Jena,https://d-nb.info/gnd/4028557-1,https://www.geonames.org/2895044
947,231,Schweinfurt,https://d-nb.info/gnd/4053863-1,
948,566,Erlangen,https://d-nb.info/gnd/4015299-6,https://www.geonames.org/2929567
949,614,Tübingen,https://d-nb.info/gnd/4061147-4,https://www.geonames.org/2820860
950,614,Tübingen,https://d-nb.info/gnd/4061147-4,https://www.geonames.org/2820860
951,4958,Freiberg,https://d-nb.info/gnd/4018266-6,https://www.geonames.org/2925192
951,12,Jena,https://d-nb.info/gnd/4028557-1,https://www.geonames.org/2895044
952,566,Erlangen,https://d-nb.info/gnd/4015299-6,https://www.geonames.org/2929567
953,60,Braunschweig,https://d-nb.info/gnd/42808-5,https://www.geonames.org/2945024
954,15,Berlin,https://d-nb.info/gnd/2004272-3,https://www.geonames.org/2950159
954,13,Dresden,https://d-nb.info/gnd/37172-5,https://www.geonames.org/2935022
955,12,Jena,https://d-nb.info/gnd/4028557-1,https://www.geonames.org/2895044
956,15,Berlin,https://d-nb.info/gnd/2004272-3,https://www.geonames.org/2950159
956,12,Jena,https://d-nb.info/gnd/4028557-1,https://www.geonames.org/2895044
957,259,Bad Bocklet,https://d-nb.info/gnd/4087853-3,https://www.geonames.org/2953540
957,15,Berlin,https://d-nb.info/gnd/2004272-3,https://www.geonames.org/2950159
957,13,Dresden,https://d-nb.info/gnd/37172-5,https://www.geonames.org/2935022
957,229,Halle (Saale),https://d-nb.info/gnd/4023025-9,https://www.geonames.org/2911522
957,12,Jena,https://d-nb.info/gnd/4028557-1,https://www.geonames.org/2895044
957,922,Merseburg,https://d-nb.info/gnd/4038749-5,https://www.geonames.org/2871736
957,171,Paris,https://d-nb.info/gnd/4044660-8,https://www.geonames.org/2988507
957,58,Weimar,https://d-nb.info/gnd/4065105-8,https://www.geonames.org/2812482
958,15,Berlin,https://d-nb.info/gnd/2004272-3,https://www.geonames.org/2950159
958,1018,Breslau,https://d-nb.info/gnd/2005949-8,https://www.geonames.org/3081368
958,66,Danzig (Gdańsk),https://d-nb.info/gnd/15739-9,https://www.geonames.org/3099434
958,12,Jena,https://d-nb.info/gnd/4028557-1,https://www.geonames.org/2895044
958,171,Paris,https://d-nb.info/gnd/4044660-8,https://www.geonames.org/2988507
958,58,Weimar,https://d-nb.info/gnd/4065105-8,https://www.geonames.org/2812482
959,15,Berlin,https://d-nb.info/gnd/2004272-3,https://www.geonames.org/2950159
959,1018,Breslau,https://d-nb.info/gnd/2005949-8,https://www.geonames.org/3081368
959,12,Jena,https://d-nb.info/gnd/4028557-1,https://www.geonames.org/2895044
959,58,Weimar,https://d-nb.info/gnd/4065105-8,https://www.geonames.org/2812482
960,15,Berlin,https://d-nb.info/gnd/2004272-3,https://www.geonames.org/2950159
960,60,Braunschweig,https://d-nb.info/gnd/42808-5,https://www.geonames.org/2945024
960,58,Weimar,https://d-nb.info/gnd/4065105-8,https://www.geonames.org/2812482
961,15,Berlin,https://d-nb.info/gnd/2004272-3,https://www.geonames.org/2950159
961,13,Dresden,https://d-nb.info/gnd/37172-5,https://www.geonames.org/2935022
961,2,Göttingen,https://d-nb.info/gnd/4021477-1,https://www.geonames.org/2918632
961,173,Hannover,https://d-nb.info/gnd/4023349-2,https://www.geonames.org/2910831
961,12,Jena,https://d-nb.info/gnd/4028557-1,https://www.geonames.org/2895044
961,3141,Magdeburg,https://d-nb.info/gnd/4036934-1,
961,412,Schwarzburg,https://d-nb.info/gnd/4314502-4,https://www.geonames.org/2835105
961,58,Weimar,https://d-nb.info/gnd/4065105-8,https://www.geonames.org/2812482
962,15,Berlin,https://d-nb.info/gnd/2004272-3,https://www.geonames.org/2950159
962,13,Dresden,https://d-nb.info/gnd/37172-5,https://www.geonames.org/2935022
962,12,Jena,https://d-nb.info/gnd/4028557-1,https://www.geonames.org/2895044
962,58,Weimar,https://d-nb.info/gnd/4065105-8,https://www.geonames.org/2812482
963,15,Berlin,https://d-nb.info/gnd/2004272-3,https://www.geonames.org/2950159
964,15,Berlin,https://d-nb.info/gnd/2004272-3,https://www.geonames.org/2950159
964,22,Leipzig,https://d-nb.info/gnd/4035206-7,https://www.geonames.org/2879139
965,15,Berlin,https://d-nb.info/gnd/2004272-3,https://www.geonames.org/2950159
965,22,Leipzig,https://d-nb.info/gnd/4035206-7,https://www.geonames.org/2879139
966,15,Berlin,https://d-nb.info/gnd/2004272-3,https://www.geonames.org/2950159
967,15,Berlin,https://d-nb.info/gnd/2004272-3,https://www.geonames.org/2950159
1281,13,Dresden,https://d-nb.info/gnd/37172-5,https://www.geonames.org/2935022
1282,12,Jena,https://d-nb.info/gnd/4028557-1,https://www.geonames.org/2895044
1283,13,Dresden,https://d-nb.info/gnd/37172-5,https://www.geonames.org/2935022
1283,12,Jena,https://d-nb.info/gnd/4028557-1,https://www.geonames.org/2895044
1283,58,Weimar,https://d-nb.info/gnd/4065105-8,https://www.geonames.org/2812482
1307,15,Berlin,https://d-nb.info/gnd/2004272-3,https://www.geonames.org/2950159
1307,12,Jena,https://d-nb.info/gnd/4028557-1,https://www.geonames.org/2895044
1330,15,Berlin,https://d-nb.info/gnd/2004272-3,https://www.geonames.org/2950159
1331,12,Jena,https://d-nb.info/gnd/4028557-1,https://www.geonames.org/2895044
1332,15,Berlin,https://d-nb.info/gnd/2004272-3,https://www.geonames.org/2950159
1333,2,Göttingen,https://d-nb.info/gnd/4021477-1,https://www.geonames.org/2918632
1334,15,Berlin,https://d-nb.info/gnd/2004272-3,https://www.geonames.org/2950159
1334,2,Göttingen,https://d-nb.info/gnd/4021477-1,https://www.geonames.org/2918632
1334,98,Hamburg,https://d-nb.info/gnd/4023118-5,https://www.geonames.org/2911298
1334,12,Jena,https://d-nb.info/gnd/4028557-1,https://www.geonames.org/2895044
1335,15,Berlin,https://d-nb.info/gnd/2004272-3,https://www.geonames.org/2950159
1335,1633,Erfurt,https://d-nb.info/gnd/4015240-6,https://www.geonames.org/2929670
1336,15,Berlin,https://d-nb.info/gnd/2004272-3,https://www.geonames.org/2950159
1336,12,Jena,https://d-nb.info/gnd/4028557-1,https://www.geonames.org/2895044
1337,15,Berlin,https://d-nb.info/gnd/2004272-3,https://www.geonames.org/2950159
1337,12,Jena,https://d-nb.info/gnd/4028557-1,https://www.geonames.org/2895044
1338,15,Berlin,https://d-nb.info/gnd/2004272-3,https://www.geonames.org/2950159
1339,15,Berlin,https://d-nb.info/gnd/2004272-3,https://www.geonames.org/2950159
1339,2776,Giebichenstein,https://d-nb.info/gnd/5026901-X,https://www.geonames.org/2920649
1339,12,Jena,https://d-nb.info/gnd/4028557-1,https://www.geonames.org/2895044
1340,2776,Giebichenstein,https://d-nb.info/gnd/5026901-X,https://www.geonames.org/2920649
1341,15,Berlin,https://d-nb.info/gnd/2004272-3,https://www.geonames.org/2950159
1341,2776,Giebichenstein,https://d-nb.info/gnd/5026901-X,https://www.geonames.org/2920649
1341,12,Jena,https://d-nb.info/gnd/4028557-1,https://www.geonames.org/2895044
1341,58,Weimar,https://d-nb.info/gnd/4065105-8,https://www.geonames.org/2812482
1342,15,Berlin,https://d-nb.info/gnd/2004272-3,https://www.geonames.org/2950159
1342,98,Hamburg,https://d-nb.info/gnd/4023118-5,https://www.geonames.org/2911298
1342,171,Paris,https://d-nb.info/gnd/4044660-8,https://www.geonames.org/2988507
1344,259,Bad Bocklet,https://d-nb.info/gnd/4087853-3,https://www.geonames.org/2953540
1344,236,Bamberg,https://d-nb.info/gnd/2005630-8,https://www.geonames.org/2952984
1344,15,Berlin,https://d-nb.info/gnd/2004272-3,https://www.geonames.org/2950159
1344,60,Braunschweig,https://d-nb.info/gnd/42808-5,https://www.geonames.org/2945024
1344,98,Hamburg,https://d-nb.info/gnd/4023118-5,https://www.geonames.org/2911298
1344,173,Hannover,https://d-nb.info/gnd/4023349-2,https://www.geonames.org/2910831
1344,12,Jena,https://d-nb.info/gnd/4028557-1,https://www.geonames.org/2895044
1344,7098,Schlüsselburg,https://d-nb.info/gnd/4287460-9,
1344,1370,Stuttgart,https://d-nb.info/gnd/4058282-6,https://www.geonames.org/2825297
1345,15,Berlin,https://d-nb.info/gnd/2004272-3,https://www.geonames.org/2950159
1345,60,Braunschweig,https://d-nb.info/gnd/42808-5,https://www.geonames.org/2945024
1345,173,Hannover,https://d-nb.info/gnd/4023349-2,https://www.geonames.org/2910831
1346,15,Berlin,https://d-nb.info/gnd/2004272-3,https://www.geonames.org/2950159
1346,60,Braunschweig,https://d-nb.info/gnd/42808-5,https://www.geonames.org/2945024
1346,173,Hannover,https://d-nb.info/gnd/4023349-2,https://www.geonames.org/2910831
1347,15,Berlin,https://d-nb.info/gnd/2004272-3,https://www.geonames.org/2950159
1347,60,Braunschweig,https://d-nb.info/gnd/42808-5,https://www.geonames.org/2945024
1347,12,Jena,https://d-nb.info/gnd/4028557-1,https://www.geonames.org/2895044
1348,15,Berlin,https://d-nb.info/gnd/2004272-3,https://www.geonames.org/2950159
1348,12,Jena,https://d-nb.info/gnd/4028557-1,https://www.geonames.org/2895044
1349,236,Bamberg,https://d-nb.info/gnd/2005630-8,https://www.geonames.org/2952984
1349,15,Berlin,https://d-nb.info/gnd/2004272-3,https://www.geonames.org/2950159
1349,12,Jena,https://d-nb.info/gnd/4028557-1,https://www.geonames.org/2895044
1350,236,Bamberg,https://d-nb.info/gnd/2005630-8,https://www.geonames.org/2952984
1350,13,Dresden,https://d-nb.info/gnd/37172-5,https://www.geonames.org/2935022
1350,12,Jena,https://d-nb.info/gnd/4028557-1,https://www.geonames.org/2895044
1350,22,Leipzig,https://d-nb.info/gnd/4035206-7,https://www.geonames.org/2879139
1351,236,Bamberg,https://d-nb.info/gnd/2005630-8,https://www.geonames.org/2952984
1351,15,Berlin,https://d-nb.info/gnd/2004272-3,https://www.geonames.org/2950159
1351,13,Dresden,https://d-nb.info/gnd/37172-5,https://www.geonames.org/2935022
1351,12,Jena,https://d-nb.info/gnd/4028557-1,https://www.geonames.org/2895044
1351,22,Leipzig,https://d-nb.info/gnd/4035206-7,https://www.geonames.org/2879139
1352,15,Berlin,https://d-nb.info/gnd/2004272-3,https://www.geonames.org/2950159
1352,13,Dresden,https://d-nb.info/gnd/37172-5,https://www.geonames.org/2935022
1352,12,Jena,https://d-nb.info/gnd/4028557-1,https://www.geonames.org/2895044
1352,1379,Lübeck,https://d-nb.info/gnd/4036483-5,https://www.geonames.org/2875601
1353,15,Berlin,https://d-nb.info/gnd/2004272-3,https://www.geonames.org/2950159
1353,13,Dresden,https://d-nb.info/gnd/37172-5,https://www.geonames.org/2935022
1353,22,Leipzig,https://d-nb.info/gnd/4035206-7,https://www.geonames.org/2879139
1354,15,Berlin,https://d-nb.info/gnd/2004272-3,https://www.geonames.org/2950159
1354,13,Dresden,https://d-nb.info/gnd/37172-5,https://www.geonames.org/2935022
1354,12,Jena,https://d-nb.info/gnd/4028557-1,https://www.geonames.org/2895044
1354,22,Leipzig,https://d-nb.info/gnd/4035206-7,https://www.geonames.org/2879139
1355,15,Berlin,https://d-nb.info/gnd/2004272-3,https://www.geonames.org/2950159
1355,13,Dresden,https://d-nb.info/gnd/37172-5,https://www.geonames.org/2935022
1355,12,Jena,https://d-nb.info/gnd/4028557-1,https://www.geonames.org/2895044
1356,15,Berlin,https://d-nb.info/gnd/2004272-3,https://www.geonames.org/2950159
1356,12,Jena,https://d-nb.info/gnd/4028557-1,https://www.geonames.org/2895044
1357,15,Berlin,https://d-nb.info/gnd/2004272-3,https://www.geonames.org/2950159
1357,13,Dresden,https://d-nb.info/gnd/37172-5,https://www.geonames.org/2935022
1358,15,Berlin,https://d-nb.info/gnd/2004272-3,https://www.geonames.org/2950159
1358,22,Leipzig,https://d-nb.info/gnd/4035206-7,https://www.geonames.org/2879139
1358,5903,Wartburg,https://d-nb.info/gnd/4122665-3,
1359,15,Berlin,https://d-nb.info/gnd/2004272-3,https://www.geonames.org/2950159
1359,12,Jena,https://d-nb.info/gnd/4028557-1,https://www.geonames.org/2895044
1360,13,Dresden,https://d-nb.info/gnd/37172-5,https://www.geonames.org/2935022
1361,13,Dresden,https://d-nb.info/gnd/37172-5,https://www.geonames.org/2935022
1361,12,Jena,https://d-nb.info/gnd/4028557-1,https://www.geonames.org/2895044
1361,58,Weimar,https://d-nb.info/gnd/4065105-8,https://www.geonames.org/2812482
1362,15,Berlin,https://d-nb.info/gnd/2004272-3,https://www.geonames.org/2950159
1362,12,Jena,https://d-nb.info/gnd/4028557-1,https://www.geonames.org/2895044
1362,412,Schwarzburg,https://d-nb.info/gnd/4314502-4,https://www.geonames.org/2835105
1362,58,Weimar,https://d-nb.info/gnd/4065105-8,https://www.geonames.org/2812482
1363,13,Dresden,https://d-nb.info/gnd/37172-5,https://www.geonames.org/2935022
1364,12,Jena,https://d-nb.info/gnd/4028557-1,https://www.geonames.org/2895044
1364,22,Leipzig,https://d-nb.info/gnd/4035206-7,https://www.geonames.org/2879139
1365,15,Berlin,https://d-nb.info/gnd/2004272-3,https://www.geonames.org/2950159
1365,2930,Coburg,https://d-nb.info/gnd/4010325-0,
1365,12,Jena,https://d-nb.info/gnd/4028557-1,https://www.geonames.org/2895044
1365,22,Leipzig,https://d-nb.info/gnd/4035206-7,https://www.geonames.org/2879139
1365,351,Nürnberg,https://d-nb.info/gnd/4042742-0,https://www.geonames.org/2861650
1365,58,Weimar,https://d-nb.info/gnd/4065105-8,https://www.geonames.org/2812482
1366,13,Dresden,https://d-nb.info/gnd/37172-5,https://www.geonames.org/2935022
1367,15,Berlin,https://d-nb.info/gnd/2004272-3,https://www.geonames.org/2950159
1367,13,Dresden,https://d-nb.info/gnd/37172-5,https://www.geonames.org/2935022
1368,15,Berlin,https://d-nb.info/gnd/2004272-3,https://www.geonames.org/2950159
1369,15,Berlin,https://d-nb.info/gnd/2004272-3,https://www.geonames.org/2950159
1372,15,Berlin,https://d-nb.info/gnd/2004272-3,https://www.geonames.org/2950159
1372,58,Weimar,https://d-nb.info/gnd/4065105-8,https://www.geonames.org/2812482
1372,452,Ziebingen,https://d-nb.info/gnd/5082991-9,
1373,15,Berlin,https://d-nb.info/gnd/2004272-3,https://www.geonames.org/2950159
1373,13,Dresden,https://d-nb.info/gnd/37172-5,https://www.geonames.org/2935022
1373,22,Leipzig,https://d-nb.info/gnd/4035206-7,https://www.geonames.org/2879139
1376,3190,Aschersleben,https://d-nb.info/gnd/2005201-7,
1376,15,Berlin,https://d-nb.info/gnd/2004272-3,https://www.geonames.org/2950159
1376,13,Dresden,https://d-nb.info/gnd/37172-5,https://www.geonames.org/2935022
1376,219,Nennhausen,https://d-nb.info/gnd/4393249-6,https://www.geonames.org/2866523
1376,452,Ziebingen,https://d-nb.info/gnd/5082991-9,
1378,15,Berlin,https://d-nb.info/gnd/2004272-3,https://www.geonames.org/2950159
1378,452,Ziebingen,https://d-nb.info/gnd/5082991-9,
1380,15,Berlin,https://d-nb.info/gnd/2004272-3,https://www.geonames.org/2950159
1380,13,Dresden,https://d-nb.info/gnd/37172-5,https://www.geonames.org/2935022
1380,3308,Frankfurt (Oder),https://d-nb.info/gnd/4018122-4,https://www.geonames.org/2925535
1380,58,Weimar,https://d-nb.info/gnd/4065105-8,https://www.geonames.org/2812482
1380,452,Ziebingen,https://d-nb.info/gnd/5082991-9,
1434,15,Berlin,https://d-nb.info/gnd/2004272-3,https://www.geonames.org/2950159
1434,13,Dresden,https://d-nb.info/gnd/37172-5,https://www.geonames.org/2935022
1434,58,Weimar,https://d-nb.info/gnd/4065105-8,https://www.geonames.org/2812482
1585,13,Dresden,https://d-nb.info/gnd/37172-5,https://www.geonames.org/2935022
1585,12,Jena,https://d-nb.info/gnd/4028557-1,https://www.geonames.org/2895044
1586,15,Berlin,https://d-nb.info/gnd/2004272-3,https://www.geonames.org/2950159
1586,13,Dresden,https://d-nb.info/gnd/37172-5,https://www.geonames.org/2935022
1586,12,Jena,https://d-nb.info/gnd/4028557-1,https://www.geonames.org/2895044
1587,12,Jena,https://d-nb.info/gnd/4028557-1,https://www.geonames.org/2895044
1587,22,Leipzig,https://d-nb.info/gnd/4035206-7,https://www.geonames.org/2879139
1588,12,Jena,https://d-nb.info/gnd/4028557-1,https://www.geonames.org/2895044
1588,22,Leipzig,https://d-nb.info/gnd/4035206-7,https://www.geonames.org/2879139
1609,15,Berlin,https://d-nb.info/gnd/2004272-3,https://www.geonames.org/2950159
1609,2,Göttingen,https://d-nb.info/gnd/4021477-1,https://www.geonames.org/2918632
2056,1378,Amsterdam,https://d-nb.info/gnd/4001783-7,https://www.geonames.org/2759794
2056,13,Dresden,https://d-nb.info/gnd/37172-5,https://www.geonames.org/2935022
2056,2,Göttingen,https://d-nb.info/gnd/4021477-1,https://www.geonames.org/2918632
2057,60,Braunschweig,https://d-nb.info/gnd/42808-5,https://www.geonames.org/2945024
2057,173,Hannover,https://d-nb.info/gnd/4023349-2,https://www.geonames.org/2910831
2058,15,Berlin,https://d-nb.info/gnd/2004272-3,https://www.geonames.org/2950159
2058,60,Braunschweig,https://d-nb.info/gnd/42808-5,https://www.geonames.org/2945024
2058,2,Göttingen,https://d-nb.info/gnd/4021477-1,https://www.geonames.org/2918632
2058,2701,Wolfenbüttel,https://d-nb.info/gnd/2026423-9,
2059,60,Braunschweig,https://d-nb.info/gnd/42808-5,https://www.geonames.org/2945024
2060,60,Braunschweig,https://d-nb.info/gnd/42808-5,https://www.geonames.org/2945024
2060,12,Jena,https://d-nb.info/gnd/4028557-1,https://www.geonames.org/2895044
2061,60,Braunschweig,https://d-nb.info/gnd/42808-5,https://www.geonames.org/2945024
2061,13,Dresden,https://d-nb.info/gnd/37172-5,https://www.geonames.org/2935022
2061,2,Göttingen,https://d-nb.info/gnd/4021477-1,https://www.geonames.org/2918632
2061,12,Jena,https://d-nb.info/gnd/4028557-1,https://www.geonames.org/2895044
2062,60,Braunschweig,https://d-nb.info/gnd/42808-5,https://www.geonames.org/2945024
2063,60,Braunschweig,https://d-nb.info/gnd/42808-5,https://www.geonames.org/2945024
2063,13,Dresden,https://d-nb.info/gnd/37172-5,https://www.geonames.org/2935022
2063,12,Jena,https://d-nb.info/gnd/4028557-1,https://www.geonames.org/2895044
2064,60,Braunschweig,https://d-nb.info/gnd/42808-5,https://www.geonames.org/2945024
2064,13,Dresden,https://d-nb.info/gnd/37172-5,https://www.geonames.org/2935022
2064,12,Jena,https://d-nb.info/gnd/4028557-1,https://www.geonames.org/2895044
2065,60,Braunschweig,https://d-nb.info/gnd/42808-5,https://www.geonames.org/2945024
2065,13,Dresden,https://d-nb.info/gnd/37172-5,https://www.geonames.org/2935022
2065,12,Jena,https://d-nb.info/gnd/4028557-1,https://www.geonames.org/2895044
2065,22,Leipzig,https://d-nb.info/gnd/4035206-7,https://www.geonames.org/2879139
2065,58,Weimar,https://d-nb.info/gnd/4065105-8,https://www.geonames.org/2812482
2066,12,Jena,https://d-nb.info/gnd/4028557-1,https://www.geonames.org/2895044
2066,897,Mainz,https://d-nb.info/gnd/2018680-0,https://www.geonames.org/2874225
2066,922,Merseburg,https://d-nb.info/gnd/4038749-5,https://www.geonames.org/2871736
2066,58,Weimar,https://d-nb.info/gnd/4065105-8,https://www.geonames.org/2812482
2067,12,Jena,https://d-nb.info/gnd/4028557-1,https://www.geonames.org/2895044
2068,12,Jena,https://d-nb.info/gnd/4028557-1,https://www.geonames.org/2895044
2069,12,Jena,https://d-nb.info/gnd/4028557-1,https://www.geonames.org/2895044
2070,15,Berlin,https://d-nb.info/gnd/2004272-3,https://www.geonames.org/2950159
2070,12,Jena,https://d-nb.info/gnd/4028557-1,https://www.geonames.org/2895044
2071,15,Berlin,https://d-nb.info/gnd/2004272-3,https://www.geonames.org/2950159
2071,12,Jena,https://d-nb.info/gnd/4028557-1,https://www.geonames.org/2895044
2072,12,Jena,https://d-nb.info/gnd/4028557-1,https://www.geonames.org/2895044
2072,252,Meiningen,https://d-nb.info/gnd/4038453-6,
2073,12,Jena,https://d-nb.info/gnd/4028557-1,https://www.geonames.org/2895044
2074,12,Jena,https://d-nb.info/gnd/4028557-1,https://www.geonames.org/2895044
2075,12,Jena,https://d-nb.info/gnd/4028557-1,https://www.geonames.org/2895044
2076,15,Berlin,https://d-nb.info/gnd/2004272-3,https://www.geonames.org/2950159
2076,58,Weimar,https://d-nb.info/gnd/4065105-8,https://www.geonames.org/2812482
2077,13,Dresden,https://d-nb.info/gnd/37172-5,https://www.geonames.org/2935022
2077,12,Jena,https://d-nb.info/gnd/4028557-1,https://www.geonames.org/2895044
2078,13,Dresden,https://d-nb.info/gnd/37172-5,https://www.geonames.org/2935022
2078,12,Jena,https://d-nb.info/gnd/4028557-1,https://www.geonames.org/2895044
2079,12,Jena,https://d-nb.info/gnd/4028557-1,https://www.geonames.org/2895044
2080,12,Jena,https://d-nb.info/gnd/4028557-1,https://www.geonames.org/2895044
2081,12,Jena,https://d-nb.info/gnd/4028557-1,https://www.geonames.org/2895044
2081,58,Weimar,https://d-nb.info/gnd/4065105-8,https://www.geonames.org/2812482
2082,12,Jena,https://d-nb.info/gnd/4028557-1,https://www.geonames.org/2895044
2083,12,Jena,https://d-nb.info/gnd/4028557-1,https://www.geonames.org/2895044
2084,13,Dresden,https://d-nb.info/gnd/37172-5,https://www.geonames.org/2935022
2084,12,Jena,https://d-nb.info/gnd/4028557-1,https://www.geonames.org/2895044
2085,12,Jena,https://d-nb.info/gnd/4028557-1,https://www.geonames.org/2895044
2085,58,Weimar,https://d-nb.info/gnd/4065105-8,https://www.geonames.org/2812482
2086,12,Jena,https://d-nb.info/gnd/4028557-1,https://www.geonames.org/2895044
2087,12,Jena,https://d-nb.info/gnd/4028557-1,https://www.geonames.org/2895044
2088,12,Jena,https://d-nb.info/gnd/4028557-1,https://www.geonames.org/2895044
2089,12,Jena,https://d-nb.info/gnd/4028557-1,https://www.geonames.org/2895044
2090,12,Jena,https://d-nb.info/gnd/4028557-1,https://www.geonames.org/2895044
2091,12,Jena,https://d-nb.info/gnd/4028557-1,https://www.geonames.org/2895044
2092,12,Jena,https://d-nb.info/gnd/4028557-1,https://www.geonames.org/2895044
2093,12,Jena,https://d-nb.info/gnd/4028557-1,https://www.geonames.org/2895044
2093,412,Schwarzburg,https://d-nb.info/gnd/4314502-4,https://www.geonames.org/2835105
2094,12,Jena,https://d-nb.info/gnd/4028557-1,https://www.geonames.org/2895044
2095,12,Jena,https://d-nb.info/gnd/4028557-1,https://www.geonames.org/2895044
2096,12,Jena,https://d-nb.info/gnd/4028557-1,https://www.geonames.org/2895044
2097,15,Berlin,https://d-nb.info/gnd/2004272-3,https://www.geonames.org/2950159
2097,12,Jena,https://d-nb.info/gnd/4028557-1,https://www.geonames.org/2895044
2097,58,Weimar,https://d-nb.info/gnd/4065105-8,https://www.geonames.org/2812482
2098,9966,Altenkirchen (Landkreis Vorpommern-Rügen),https://d-nb.info/gnd/4249382-1,
2098,12,Jena,https://d-nb.info/gnd/4028557-1,https://www.geonames.org/2895044
2099,9966,Altenkirchen (Landkreis Vorpommern-Rügen),https://d-nb.info/gnd/4249382-1,
2099,4240,Athen,https://d-nb.info/gnd/4003366-1,
2099,12,Jena,https://d-nb.info/gnd/4028557-1,https://www.geonames.org/2895044
2100,633,Karlsbad,https://d-nb.info/gnd/4029705-6,https://www.geonames.org/3073803
2100,58,Weimar,https://d-nb.info/gnd/4065105-8,https://www.geonames.org/2812482
2100,16,Wien,https://d-nb.info/gnd/4066009-6,
2157,2,Göttingen,https://d-nb.info/gnd/4021477-1,https://www.geonames.org/2918632
2157,173,Hannover,https://d-nb.info/gnd/4023349-2,https://www.geonames.org/2910831
2157,22,Leipzig,https://d-nb.info/gnd/4035206-7,https://www.geonames.org/2879139
2158,2,Göttingen,https://d-nb.info/gnd/4021477-1,https://www.geonames.org/2918632
2158,173,Hannover,https://d-nb.info/gnd/4023349-2,https://www.geonames.org/2910831
2158,22,Leipzig,https://d-nb.info/gnd/4035206-7,https://www.geonames.org/2879139
2159,1378,Amsterdam,https://d-nb.info/gnd/4001783-7,https://www.geonames.org/2759794
2159,2,Göttingen,https://d-nb.info/gnd/4021477-1,https://www.geonames.org/2918632
2159,173,Hannover,https://d-nb.info/gnd/4023349-2,https://www.geonames.org/2910831
2159,22,Leipzig,https://d-nb.info/gnd/4035206-7,https://www.geonames.org/2879139
2159,2698,Marburg,https://d-nb.info/gnd/4037446-4,https://www.geonames.org/2873759
2159,356,Rom,https://d-nb.info/gnd/4050471-2,https://www.geonames.org/3169070
2160,1378,Amsterdam,https://d-nb.info/gnd/4001783-7,https://www.geonames.org/2759794
2160,13,Dresden,https://d-nb.info/gnd/37172-5,https://www.geonames.org/2935022
2160,2,Göttingen,https://d-nb.info/gnd/4021477-1,https://www.geonames.org/2918632
2160,173,Hannover,https://d-nb.info/gnd/4023349-2,https://www.geonames.org/2910831
2160,633,Karlsbad,https://d-nb.info/gnd/4029705-6,https://www.geonames.org/3073803
2160,22,Leipzig,https://d-nb.info/gnd/4035206-7,https://www.geonames.org/2879139
2160,356,Rom,https://d-nb.info/gnd/4050471-2,https://www.geonames.org/3169070
2160,10148,Uerdingen,https://d-nb.info/gnd/4306321-4,https://www.geonames.org/2884509
2161,22,Leipzig,https://d-nb.info/gnd/4035206-7,https://www.geonames.org/2879139
2162,1378,Amsterdam,https://d-nb.info/gnd/4001783-7,https://www.geonames.org/2759794
2162,2,Göttingen,https://d-nb.info/gnd/4021477-1,https://www.geonames.org/2918632
2162,22,Leipzig,https://d-nb.info/gnd/4035206-7,https://www.geonames.org/2879139
2163,2274,Zerbst/Anhalt,https://d-nb.info/gnd/4067663-8,
2164,13,Dresden,https://d-nb.info/gnd/37172-5,https://www.geonames.org/2935022
2164,2,Göttingen,https://d-nb.info/gnd/4021477-1,https://www.geonames.org/2918632
2164,58,Weimar,https://d-nb.info/gnd/4065105-8,https://www.geonames.org/2812482
2164,2274,Zerbst/Anhalt,https://d-nb.info/gnd/4067663-8,
2165,1378,Amsterdam,https://d-nb.info/gnd/4001783-7,https://www.geonames.org/2759794
2165,897,Mainz,https://d-nb.info/gnd/2018680-0,https://www.geonames.org/2874225
2166,173,Hannover,https://d-nb.info/gnd/4023349-2,https://www.geonames.org/2910831
2166,12,Jena,https://d-nb.info/gnd/4028557-1,https://www.geonames.org/2895044
2167,1378,Amsterdam,https://d-nb.info/gnd/4001783-7,https://www.geonames.org/2759794
2167,289,Florenz,https://d-nb.info/gnd/4017581-9,
2167,2,Göttingen,https://d-nb.info/gnd/4021477-1,https://www.geonames.org/2918632
2167,22,Leipzig,https://d-nb.info/gnd/4035206-7,https://www.geonames.org/2879139
2167,58,Weimar,https://d-nb.info/gnd/4065105-8,https://www.geonames.org/2812482
2168,13,Dresden,https://d-nb.info/gnd/37172-5,https://www.geonames.org/2935022
2168,22,Leipzig,https://d-nb.info/gnd/4035206-7,https://www.geonames.org/2879139
2168,1524,Pillnitz,https://d-nb.info/gnd/4306696-3,https://www.geonames.org/2853707
2169,13,Dresden,https://d-nb.info/gnd/37172-5,https://www.geonames.org/2935022
2169,173,Hannover,https://d-nb.info/gnd/4023349-2,https://www.geonames.org/2910831
2169,22,Leipzig,https://d-nb.info/gnd/4035206-7,https://www.geonames.org/2879139
2170,2,Göttingen,https://d-nb.info/gnd/4021477-1,https://www.geonames.org/2918632
2174,1378,Amsterdam,https://d-nb.info/gnd/4001783-7,https://www.geonames.org/2759794
2174,2,Göttingen,https://d-nb.info/gnd/4021477-1,https://www.geonames.org/2918632
2174,229,Halle (Saale),https://d-nb.info/gnd/4023025-9,https://www.geonames.org/2911522
2174,22,Leipzig,https://d-nb.info/gnd/4035206-7,https://www.geonames.org/2879139
2175,13,Dresden,https://d-nb.info/gnd/37172-5,https://www.geonames.org/2935022
2175,2,Göttingen,https://d-nb.info/gnd/4021477-1,https://www.geonames.org/2918632
2175,173,Hannover,https://d-nb.info/gnd/4023349-2,https://www.geonames.org/2910831
2175,22,Leipzig,https://d-nb.info/gnd/4035206-7,https://www.geonames.org/2879139
2175,897,Mainz,https://d-nb.info/gnd/2018680-0,https://www.geonames.org/2874225
2176,22,Leipzig,https://d-nb.info/gnd/4035206-7,https://www.geonames.org/2879139
2176,897,Mainz,https://d-nb.info/gnd/2018680-0,https://www.geonames.org/2874225
2179,229,Halle (Saale),https://d-nb.info/gnd/4023025-9,https://www.geonames.org/2911522
2179,22,Leipzig,https://d-nb.info/gnd/4035206-7,https://www.geonames.org/2879139
2180,13,Dresden,https://d-nb.info/gnd/37172-5,https://www.geonames.org/2935022
2180,22,Leipzig,https://d-nb.info/gnd/4035206-7,https://www.geonames.org/2879139
2181,13,Dresden,https://d-nb.info/gnd/37172-5,https://www.geonames.org/2935022
2181,22,Leipzig,https://d-nb.info/gnd/4035206-7,https://www.geonames.org/2879139
2182,13,Dresden,https://d-nb.info/gnd/37172-5,https://www.geonames.org/2935022
2183,13,Dresden,https://d-nb.info/gnd/37172-5,https://www.geonames.org/2935022
2183,14,Gotha,https://d-nb.info/gnd/4021652-4,https://www.geonames.org/2918752
2183,173,Hannover,https://d-nb.info/gnd/4023349-2,https://www.geonames.org/2910831
2183,22,Leipzig,https://d-nb.info/gnd/4035206-7,https://www.geonames.org/2879139
2185,13,Dresden,https://d-nb.info/gnd/37172-5,https://www.geonames.org/2935022
2185,173,Hannover,https://d-nb.info/gnd/4023349-2,https://www.geonames.org/2910831
2186,327,Frankfurt am Main,https://d-nb.info/gnd/4018118-2,https://www.geonames.org/2925533
2186,173,Hannover,https://d-nb.info/gnd/4023349-2,https://www.geonames.org/2910831
2186,22,Leipzig,https://d-nb.info/gnd/4035206-7,https://www.geonames.org/2879139
2186,897,Mainz,https://d-nb.info/gnd/2018680-0,https://www.geonames.org/2874225
2187,356,Rom,https://d-nb.info/gnd/4050471-2,https://www.geonames.org/3169070
2188,173,Hannover,https://d-nb.info/gnd/4023349-2,https://www.geonames.org/2910831
2189,1378,Amsterdam,https://d-nb.info/gnd/4001783-7,https://www.geonames.org/2759794
2189,15,Berlin,https://d-nb.info/gnd/2004272-3,https://www.geonames.org/2950159
2189,13,Dresden,https://d-nb.info/gnd/37172-5,https://www.geonames.org/2935022
2189,173,Hannover,https://d-nb.info/gnd/4023349-2,https://www.geonames.org/2910831
2189,22,Leipzig,https://d-nb.info/gnd/4035206-7,https://www.geonames.org/2879139
2190,4892,Burg Königstein (Königstein im Taunus),https://d-nb.info/gnd/1051036402,
2190,327,Frankfurt am Main,https://d-nb.info/gnd/4018118-2,https://www.geonames.org/2925533
2190,4893,Kronberg im Taunus,https://d-nb.info/gnd/4033265-2,https://www.geonames.org/6557732
2190,22,Leipzig,https://d-nb.info/gnd/4035206-7,https://www.geonames.org/2879139
2190,4890,Lucka,https://d-nb.info/gnd/4263805-7,https://www.geonames.org/2875512
2190,897,Mainz,https://d-nb.info/gnd/2018680-0,https://www.geonames.org/2874225
2191,1999,Bremen,https://d-nb.info/gnd/35746-7,https://www.geonames.org/2944388
2191,13,Dresden,https://d-nb.info/gnd/37172-5,https://www.geonames.org/2935022
2191,173,Hannover,https://d-nb.info/gnd/4023349-2,https://www.geonames.org/2910831
2191,4890,Lucka,https://d-nb.info/gnd/4263805-7,https://www.geonames.org/2875512
2191,897,Mainz,https://d-nb.info/gnd/2018680-0,https://www.geonames.org/2874225
2192,22,Leipzig,https://d-nb.info/gnd/4035206-7,https://www.geonames.org/2879139
2194,8356,Berndorf (Groitzsch),https://d-nb.info/gnd/1057946052,
2194,13,Dresden,https://d-nb.info/gnd/37172-5,https://www.geonames.org/2935022
2195,327,Frankfurt am Main,https://d-nb.info/gnd/4018118-2,https://www.geonames.org/2925533
2195,98,Hamburg,https://d-nb.info/gnd/4023118-5,https://www.geonames.org/2911298
2195,897,Mainz,https://d-nb.info/gnd/2018680-0,https://www.geonames.org/2874225
2196,2,Göttingen,https://d-nb.info/gnd/4021477-1,https://www.geonames.org/2918632
2196,173,Hannover,https://d-nb.info/gnd/4023349-2,https://www.geonames.org/2910831
2196,4890,Lucka,https://d-nb.info/gnd/4263805-7,https://www.geonames.org/2875512
2196,897,Mainz,https://d-nb.info/gnd/2018680-0,https://www.geonames.org/2874225
2197,4890,Lucka,https://d-nb.info/gnd/4263805-7,https://www.geonames.org/2875512
2198,8360,Altenburg (Thüringen),https://d-nb.info/gnd/4001409-5,https://www.geonames.org/2957773
2198,1378,Amsterdam,https://d-nb.info/gnd/4001783-7,https://www.geonames.org/2759794
2198,13,Dresden,https://d-nb.info/gnd/37172-5,https://www.geonames.org/2935022
2198,22,Leipzig,https://d-nb.info/gnd/4035206-7,https://www.geonames.org/2879139
2198,4890,Lucka,https://d-nb.info/gnd/4263805-7,https://www.geonames.org/2875512
2199,4890,Lucka,https://d-nb.info/gnd/4263805-7,https://www.geonames.org/2875512
2200,173,Hannover,https://d-nb.info/gnd/4023349-2,https://www.geonames.org/2910831
2201,8360,Altenburg (Thüringen),https://d-nb.info/gnd/4001409-5,https://www.geonames.org/2957773
2201,14,Gotha,https://d-nb.info/gnd/4021652-4,https://www.geonames.org/2918752
2201,22,Leipzig,https://d-nb.info/gnd/4035206-7,https://www.geonames.org/2879139
2201,4890,Lucka,https://d-nb.info/gnd/4263805-7,https://www.geonames.org/2875512
2202,13,Dresden,https://d-nb.info/gnd/37172-5,https://www.geonames.org/2935022
2202,897,Mainz,https://d-nb.info/gnd/2018680-0,https://www.geonames.org/2874225
2203,1378,Amsterdam,https://d-nb.info/gnd/4001783-7,https://www.geonames.org/2759794
2203,4240,Athen,https://d-nb.info/gnd/4003366-1,
2203,13,Dresden,https://d-nb.info/gnd/37172-5,https://www.geonames.org/2935022
2203,173,Hannover,https://d-nb.info/gnd/4023349-2,https://www.geonames.org/2910831
2203,22,Leipzig,https://d-nb.info/gnd/4035206-7,https://www.geonames.org/2879139
2204,356,Rom,https://d-nb.info/gnd/4050471-2,https://www.geonames.org/3169070
2205,13,Dresden,https://d-nb.info/gnd/37172-5,https://www.geonames.org/2935022
2205,22,Leipzig,https://d-nb.info/gnd/4035206-7,https://www.geonames.org/2879139
2206,13,Dresden,https://d-nb.info/gnd/37172-5,https://www.geonames.org/2935022
2206,14,Gotha,https://d-nb.info/gnd/4021652-4,https://www.geonames.org/2918752
2206,2,Göttingen,https://d-nb.info/gnd/4021477-1,https://www.geonames.org/2918632
2206,173,Hannover,https://d-nb.info/gnd/4023349-2,https://www.geonames.org/2910831
2206,22,Leipzig,https://d-nb.info/gnd/4035206-7,https://www.geonames.org/2879139
2206,4890,Lucka,https://d-nb.info/gnd/4263805-7,https://www.geonames.org/2875512
2207,13,Dresden,https://d-nb.info/gnd/37172-5,https://www.geonames.org/2935022
2207,22,Leipzig,https://d-nb.info/gnd/4035206-7,https://www.geonames.org/2879139
2208,13,Dresden,https://d-nb.info/gnd/37172-5,https://www.geonames.org/2935022
2208,14,Gotha,https://d-nb.info/gnd/4021652-4,https://www.geonames.org/2918752
2208,2,Göttingen,https://d-nb.info/gnd/4021477-1,https://www.geonames.org/2918632
2208,173,Hannover,https://d-nb.info/gnd/4023349-2,https://www.geonames.org/2910831
2208,22,Leipzig,https://d-nb.info/gnd/4035206-7,https://www.geonames.org/2879139
2209,13,Dresden,https://d-nb.info/gnd/37172-5,https://www.geonames.org/2935022
2209,14,Gotha,https://d-nb.info/gnd/4021652-4,https://www.geonames.org/2918752
2209,22,Leipzig,https://d-nb.info/gnd/4035206-7,https://www.geonames.org/2879139
2209,351,Nürnberg,https://d-nb.info/gnd/4042742-0,https://www.geonames.org/2861650
2209,1524,Pillnitz,https://d-nb.info/gnd/4306696-3,https://www.geonames.org/2853707
2210,13,Dresden,https://d-nb.info/gnd/37172-5,https://www.geonames.org/2935022
2210,12,Jena,https://d-nb.info/gnd/4028557-1,https://www.geonames.org/2895044
2210,1524,Pillnitz,https://d-nb.info/gnd/4306696-3,https://www.geonames.org/2853707
2211,13,Dresden,https://d-nb.info/gnd/37172-5,https://www.geonames.org/2935022
2211,22,Leipzig,https://d-nb.info/gnd/4035206-7,https://www.geonames.org/2879139
2212,15,Berlin,https://d-nb.info/gnd/2004272-3,https://www.geonames.org/2950159
2212,1524,Pillnitz,https://d-nb.info/gnd/4306696-3,https://www.geonames.org/2853707
2213,13,Dresden,https://d-nb.info/gnd/37172-5,https://www.geonames.org/2935022
2213,8414,Dresden-Neustadt,https://d-nb.info/gnd/4426393-4,
2213,2,Göttingen,https://d-nb.info/gnd/4021477-1,https://www.geonames.org/2918632
2213,173,Hannover,https://d-nb.info/gnd/4023349-2,https://www.geonames.org/2910831
2213,12,Jena,https://d-nb.info/gnd/4028557-1,https://www.geonames.org/2895044
2213,133,Kiel,https://d-nb.info/gnd/4030481-4,https://www.geonames.org/2891122
2213,22,Leipzig,https://d-nb.info/gnd/4035206-7,https://www.geonames.org/2879139
2213,1524,Pillnitz,https://d-nb.info/gnd/4306696-3,https://www.geonames.org/2853707
2214,15,Berlin,https://d-nb.info/gnd/2004272-3,https://www.geonames.org/2950159
2214,8414,Dresden-Neustadt,https://d-nb.info/gnd/4426393-4,
2214,1524,Pillnitz,https://d-nb.info/gnd/4306696-3,https://www.geonames.org/2853707
2215,173,Hannover,https://d-nb.info/gnd/4023349-2,https://www.geonames.org/2910831
2215,22,Leipzig,https://d-nb.info/gnd/4035206-7,https://www.geonames.org/2879139
2216,14,Gotha,https://d-nb.info/gnd/4021652-4,https://www.geonames.org/2918752
2216,173,Hannover,https://d-nb.info/gnd/4023349-2,https://www.geonames.org/2910831
2216,12,Jena,https://d-nb.info/gnd/4028557-1,https://www.geonames.org/2895044
2217,1378,Amsterdam,https://d-nb.info/gnd/4001783-7,https://www.geonames.org/2759794
2217,8441,Argos,https://d-nb.info/gnd/4079822-7,
2217,4240,Athen,https://d-nb.info/gnd/4003366-1,
2217,8450,Attika,https://d-nb.info/gnd/4003455-0,
2217,60,Braunschweig,https://d-nb.info/gnd/42808-5,https://www.geonames.org/2945024
2217,13,Dresden,https://d-nb.info/gnd/37172-5,https://www.geonames.org/2935022
2217,8414,Dresden-Neustadt,https://d-nb.info/gnd/4426393-4,
2217,14,Gotha,https://d-nb.info/gnd/4021652-4,https://www.geonames.org/2918752
2217,2,Göttingen,https://d-nb.info/gnd/4021477-1,https://www.geonames.org/2918632
2217,12,Jena,https://d-nb.info/gnd/4028557-1,https://www.geonames.org/2895044
2217,6750,Troja,https://d-nb.info/gnd/4060974-1,
2217,58,Weimar,https://d-nb.info/gnd/4065105-8,https://www.geonames.org/2812482
2219,13,Dresden,https://d-nb.info/gnd/37172-5,https://www.geonames.org/2935022
2220,2,Göttingen,https://d-nb.info/gnd/4021477-1,https://www.geonames.org/2918632
2220,356,Rom,https://d-nb.info/gnd/4050471-2,https://www.geonames.org/3169070
2221,60,Braunschweig,https://d-nb.info/gnd/42808-5,https://www.geonames.org/2945024
2221,13,Dresden,https://d-nb.info/gnd/37172-5,https://www.geonames.org/2935022
2222,60,Braunschweig,https://d-nb.info/gnd/42808-5,https://www.geonames.org/2945024
2222,2,Göttingen,https://d-nb.info/gnd/4021477-1,https://www.geonames.org/2918632
2223,1378,Amsterdam,https://d-nb.info/gnd/4001783-7,https://www.geonames.org/2759794
2223,60,Braunschweig,https://d-nb.info/gnd/42808-5,https://www.geonames.org/2945024
2223,173,Hannover,https://d-nb.info/gnd/4023349-2,https://www.geonames.org/2910831
2223,22,Leipzig,https://d-nb.info/gnd/4035206-7,https://www.geonames.org/2879139
2223,1524,Pillnitz,https://d-nb.info/gnd/4306696-3,https://www.geonames.org/2853707
2223,356,Rom,https://d-nb.info/gnd/4050471-2,https://www.geonames.org/3169070
2224,60,Braunschweig,https://d-nb.info/gnd/42808-5,https://www.geonames.org/2945024
2224,173,Hannover,https://d-nb.info/gnd/4023349-2,https://www.geonames.org/2910831
2224,12,Jena,https://d-nb.info/gnd/4028557-1,https://www.geonames.org/2895044
2224,1197,Neustrelitz,https://d-nb.info/gnd/4101150-8,https://www.geonames.org/2864005
2224,1524,Pillnitz,https://d-nb.info/gnd/4306696-3,https://www.geonames.org/2853707
2224,614,Tübingen,https://d-nb.info/gnd/4061147-4,https://www.geonames.org/2820860
2224,2701,Wolfenbüttel,https://d-nb.info/gnd/2026423-9,
2225,60,Braunschweig,https://d-nb.info/gnd/42808-5,https://www.geonames.org/2945024
2226,60,Braunschweig,https://d-nb.info/gnd/42808-5,https://www.geonames.org/2945024
2226,13,Dresden,https://d-nb.info/gnd/37172-5,https://www.geonames.org/2935022
2226,12,Jena,https://d-nb.info/gnd/4028557-1,https://www.geonames.org/2895044
2227,13,Dresden,https://d-nb.info/gnd/37172-5,https://www.geonames.org/2935022
2227,12,Jena,https://d-nb.info/gnd/4028557-1,https://www.geonames.org/2895044
2228,1378,Amsterdam,https://d-nb.info/gnd/4001783-7,https://www.geonames.org/2759794
2228,13,Dresden,https://d-nb.info/gnd/37172-5,https://www.geonames.org/2935022
2228,289,Florenz,https://d-nb.info/gnd/4017581-9,
2228,173,Hannover,https://d-nb.info/gnd/4023349-2,https://www.geonames.org/2910831
2228,58,Weimar,https://d-nb.info/gnd/4065105-8,https://www.geonames.org/2812482
2230,4240,Athen,https://d-nb.info/gnd/4003366-1,
2230,13,Dresden,https://d-nb.info/gnd/37172-5,https://www.geonames.org/2935022
2230,356,Rom,https://d-nb.info/gnd/4050471-2,https://www.geonames.org/3169070
2230,8522,Sparta,https://d-nb.info/gnd/4056054-5,
2230,8519,Tarent,https://d-nb.info/gnd/4078155-0,
2231,22,Leipzig,https://d-nb.info/gnd/4035206-7,https://www.geonames.org/2879139
2232,13,Dresden,https://d-nb.info/gnd/37172-5,https://www.geonames.org/2935022
2234,13,Dresden,https://d-nb.info/gnd/37172-5,https://www.geonames.org/2935022
2234,173,Hannover,https://d-nb.info/gnd/4023349-2,https://www.geonames.org/2910831
2234,4890,Lucka,https://d-nb.info/gnd/4263805-7,https://www.geonames.org/2875512
2235,60,Braunschweig,https://d-nb.info/gnd/42808-5,https://www.geonames.org/2945024
2235,13,Dresden,https://d-nb.info/gnd/37172-5,https://www.geonames.org/2935022
2235,327,Frankfurt am Main,https://d-nb.info/gnd/4018118-2,https://www.geonames.org/2925533
2235,22,Leipzig,https://d-nb.info/gnd/4035206-7,https://www.geonames.org/2879139
2235,8567,Wittenberg,https://d-nb.info/gnd/4066640-2,https://www.geonames.org/7303020
2236,4240,Athen,https://d-nb.info/gnd/4003366-1,
2236,12,Jena,https://d-nb.info/gnd/4028557-1,https://www.geonames.org/2895044
2236,4890,Lucka,https://d-nb.info/gnd/4263805-7,https://www.geonames.org/2875512
2236,356,Rom,https://d-nb.info/gnd/4050471-2,https://www.geonames.org/3169070
2237,13,Dresden,https://d-nb.info/gnd/37172-5,https://www.geonames.org/2935022
2237,22,Leipzig,https://d-nb.info/gnd/4035206-7,https://www.geonames.org/2879139
2237,4890,Lucka,https://d-nb.info/gnd/4263805-7,https://www.geonames.org/2875512
2237,1524,Pillnitz,https://d-nb.info/gnd/4306696-3,https://www.geonames.org/2853707
2239,22,Leipzig,https://d-nb.info/gnd/4035206-7,https://www.geonames.org/2879139
2240,60,Braunschweig,https://d-nb.info/gnd/42808-5,https://www.geonames.org/2945024
2240,13,Dresden,https://d-nb.info/gnd/37172-5,https://www.geonames.org/2935022
2240,12,Jena,https://d-nb.info/gnd/4028557-1,https://www.geonames.org/2895044
2240,1524,Pillnitz,https://d-nb.info/gnd/4306696-3,https://www.geonames.org/2853707
2241,13,Dresden,https://d-nb.info/gnd/37172-5,https://www.geonames.org/2935022
2241,173,Hannover,https://d-nb.info/gnd/4023349-2,https://www.geonames.org/2910831
2242,15,Berlin,https://d-nb.info/gnd/2004272-3,https://www.geonames.org/2950159
2242,13,Dresden,https://d-nb.info/gnd/37172-5,https://www.geonames.org/2935022
2242,2776,Giebichenstein,https://d-nb.info/gnd/5026901-X,https://www.geonames.org/2920649
2242,229,Halle (Saale),https://d-nb.info/gnd/4023025-9,https://www.geonames.org/2911522
2242,12,Jena,https://d-nb.info/gnd/4028557-1,https://www.geonames.org/2895044
2242,22,Leipzig,https://d-nb.info/gnd/4035206-7,https://www.geonames.org/2879139
2242,1524,Pillnitz,https://d-nb.info/gnd/4306696-3,https://www.geonames.org/2853707
2242,58,Weimar,https://d-nb.info/gnd/4065105-8,https://www.geonames.org/2812482
2242,8608,Wermsdorf,https://d-nb.info/gnd/4240879-9,https://www.geonames.org/2810848
2243,60,Braunschweig,https://d-nb.info/gnd/42808-5,https://www.geonames.org/2945024
2243,22,Leipzig,https://d-nb.info/gnd/4035206-7,https://www.geonames.org/2879139
2243,1524,Pillnitz,https://d-nb.info/gnd/4306696-3,https://www.geonames.org/2853707
2244,60,Braunschweig,https://d-nb.info/gnd/42808-5,https://www.geonames.org/2945024
2244,13,Dresden,https://d-nb.info/gnd/37172-5,https://www.geonames.org/2935022
2244,2776,Giebichenstein,https://d-nb.info/gnd/5026901-X,https://www.geonames.org/2920649
2244,229,Halle (Saale),https://d-nb.info/gnd/4023025-9,https://www.geonames.org/2911522
2244,12,Jena,https://d-nb.info/gnd/4028557-1,https://www.geonames.org/2895044
2244,1524,Pillnitz,https://d-nb.info/gnd/4306696-3,https://www.geonames.org/2853707
2244,58,Weimar,https://d-nb.info/gnd/4065105-8,https://www.geonames.org/2812482
2245,283,Bayreuth,https://d-nb.info/gnd/2005439-7,
2245,12,Jena,https://d-nb.info/gnd/4028557-1,https://www.geonames.org/2895044
2245,22,Leipzig,https://d-nb.info/gnd/4035206-7,https://www.geonames.org/2879139
2245,241,Weißenfels,https://d-nb.info/gnd/4065247-6,https://www.geonames.org/2811899
2562,1378,Amsterdam,https://d-nb.info/gnd/4001783-7,https://www.geonames.org/2759794
2562,6630,Antwerpen,https://d-nb.info/gnd/4002364-3,
2562,2,Göttingen,https://d-nb.info/gnd/4021477-1,https://www.geonames.org/2918632
2562,5257,Hamstede/Haamstede,https://d-nb.info/gnd/7571874-1,
2562,173,Hannover,https://d-nb.info/gnd/4023349-2,https://www.geonames.org/2910831
2562,1738,Leiden,https://d-nb.info/gnd/4074118-7,
2563,1378,Amsterdam,https://d-nb.info/gnd/4001783-7,https://www.geonames.org/2759794
2563,2,Göttingen,https://d-nb.info/gnd/4021477-1,https://www.geonames.org/2918632
2563,1738,Leiden,https://d-nb.info/gnd/4074118-7,
2564,13,Dresden,https://d-nb.info/gnd/37172-5,https://www.geonames.org/2935022
2564,173,Hannover,https://d-nb.info/gnd/4023349-2,https://www.geonames.org/2910831
2564,2755,"Harburg, Elbe",https://d-nb.info/gnd/4094727-0,https://www.geonames.org/2910685
2564,2807,Moringen,https://d-nb.info/gnd/4040265-4,
2565,13,Dresden,https://d-nb.info/gnd/37172-5,https://www.geonames.org/2935022
2565,173,Hannover,https://d-nb.info/gnd/4023349-2,https://www.geonames.org/2910831
2565,2807,Moringen,https://d-nb.info/gnd/4040265-4,
2566,173,Hannover,https://d-nb.info/gnd/4023349-2,https://www.geonames.org/2910831
2567,60,Braunschweig,https://d-nb.info/gnd/42808-5,https://www.geonames.org/2945024
2567,13,Dresden,https://d-nb.info/gnd/37172-5,https://www.geonames.org/2935022
2567,2,Göttingen,https://d-nb.info/gnd/4021477-1,https://www.geonames.org/2918632
2567,12,Jena,https://d-nb.info/gnd/4028557-1,https://www.geonames.org/2895044
2568,15,Berlin,https://d-nb.info/gnd/2004272-3,https://www.geonames.org/2950159
2568,60,Braunschweig,https://d-nb.info/gnd/42808-5,https://www.geonames.org/2945024
2568,98,Hamburg,https://d-nb.info/gnd/4023118-5,https://www.geonames.org/2911298
2569,13,Dresden,https://d-nb.info/gnd/37172-5,https://www.geonames.org/2935022
2569,173,Hannover,https://d-nb.info/gnd/4023349-2,https://www.geonames.org/2910831
2569,2755,"Harburg, Elbe",https://d-nb.info/gnd/4094727-0,https://www.geonames.org/2910685
2569,2807,Moringen,https://d-nb.info/gnd/4040265-4,
2571,60,Braunschweig,https://d-nb.info/gnd/42808-5,https://www.geonames.org/2945024
2571,13,Dresden,https://d-nb.info/gnd/37172-5,https://www.geonames.org/2935022
2571,2,Göttingen,https://d-nb.info/gnd/4021477-1,https://www.geonames.org/2918632
2572,60,Braunschweig,https://d-nb.info/gnd/42808-5,https://www.geonames.org/2945024
2572,18995,Brüggen (Kr. Hildesheim),https://d-nb.info/gnd/4364958-0,
2572,2688,Einbeck,https://d-nb.info/gnd/4013821-5,
2572,2,Göttingen,https://d-nb.info/gnd/4021477-1,https://www.geonames.org/2918632
2572,173,Hannover,https://d-nb.info/gnd/4023349-2,https://www.geonames.org/2910831
2572,12,Jena,https://d-nb.info/gnd/4028557-1,https://www.geonames.org/2895044
2572,2807,Moringen,https://d-nb.info/gnd/4040265-4,
2572,5342,Northeim,https://d-nb.info/gnd/4042636-1,
2573,5284,Elze,https://d-nb.info/gnd/4014539-6,
2573,6530,Emmerthal (Ohsen),https://d-nb.info/gnd/4014596-7,
2573,173,Hannover,https://d-nb.info/gnd/4023349-2,https://www.geonames.org/2910831
2573,12,Jena,https://d-nb.info/gnd/4028557-1,https://www.geonames.org/2895044
2573,5342,Northeim,https://d-nb.info/gnd/4042636-1,
2573,5285,Pattensen,https://d-nb.info/gnd/4044928-2,
2577,229,Halle (Saale),https://d-nb.info/gnd/4023025-9,https://www.geonames.org/2911522
2577,12,Jena,https://d-nb.info/gnd/4028557-1,https://www.geonames.org/2895044
2577,22,Leipzig,https://d-nb.info/gnd/4035206-7,https://www.geonames.org/2879139
2582,13,Dresden,https://d-nb.info/gnd/37172-5,https://www.geonames.org/2935022
2582,2,Göttingen,https://d-nb.info/gnd/4021477-1,https://www.geonames.org/2918632
2582,12,Jena,https://d-nb.info/gnd/4028557-1,https://www.geonames.org/2895044
2582,6474,Liebstedt,https://d-nb.info/gnd/2146097-8,
2582,2807,Moringen,https://d-nb.info/gnd/4040265-4,
2593,2,Göttingen,https://d-nb.info/gnd/4021477-1,https://www.geonames.org/2918632
2593,173,Hannover,https://d-nb.info/gnd/4023349-2,https://www.geonames.org/2910831
2594,12,Jena,https://d-nb.info/gnd/4028557-1,https://www.geonames.org/2895044
2594,366,Lyon,https://d-nb.info/gnd/4036770-8,
2594,1370,Stuttgart,https://d-nb.info/gnd/4058282-6,https://www.geonames.org/2825297
2596,13,Dresden,https://d-nb.info/gnd/37172-5,https://www.geonames.org/2935022
2596,2,Göttingen,https://d-nb.info/gnd/4021477-1,https://www.geonames.org/2918632
2596,4356,"Langenhagen (Hannover, Region)",https://d-nb.info/gnd/4099030-8,
2597,2,Göttingen,https://d-nb.info/gnd/4021477-1,https://www.geonames.org/2918632
2597,173,Hannover,https://d-nb.info/gnd/4023349-2,https://www.geonames.org/2910831
2597,12,Jena,https://d-nb.info/gnd/4028557-1,https://www.geonames.org/2895044
2597,2807,Moringen,https://d-nb.info/gnd/4040265-4,
2598,13,Dresden,https://d-nb.info/gnd/37172-5,https://www.geonames.org/2935022
2598,4356,"Langenhagen (Hannover, Region)",https://d-nb.info/gnd/4099030-8,
2599,4250,Celle,https://d-nb.info/gnd/4009657-9,
2599,2,Göttingen,https://d-nb.info/gnd/4021477-1,https://www.geonames.org/2918632
2599,4356,"Langenhagen (Hannover, Region)",https://d-nb.info/gnd/4099030-8,
2599,2807,Moringen,https://d-nb.info/gnd/4040265-4,
2605,60,Braunschweig,https://d-nb.info/gnd/42808-5,https://www.geonames.org/2945024
2605,12,Jena,https://d-nb.info/gnd/4028557-1,https://www.geonames.org/2895044
2606,60,Braunschweig,https://d-nb.info/gnd/42808-5,https://www.geonames.org/2945024
2607,15,Berlin,https://d-nb.info/gnd/2004272-3,https://www.geonames.org/2950159
2607,60,Braunschweig,https://d-nb.info/gnd/42808-5,https://www.geonames.org/2945024
2607,5360,Ronnenberg,https://d-nb.info/gnd/4299958-3,
2615,15,Berlin,https://d-nb.info/gnd/2004272-3,https://www.geonames.org/2950159
2615,12,Jena,https://d-nb.info/gnd/4028557-1,https://www.geonames.org/2895044
2615,171,Paris,https://d-nb.info/gnd/4044660-8,https://www.geonames.org/2988507
2664,15,Berlin,https://d-nb.info/gnd/2004272-3,https://www.geonames.org/2950159
2664,58,Weimar,https://d-nb.info/gnd/4065105-8,https://www.geonames.org/2812482
2665,15,Berlin,https://d-nb.info/gnd/2004272-3,https://www.geonames.org/2950159
2665,58,Weimar,https://d-nb.info/gnd/4065105-8,https://www.geonames.org/2812482
2666,15,Berlin,https://d-nb.info/gnd/2004272-3,https://www.geonames.org/2950159
2666,8773,Delphi,https://d-nb.info/gnd/4011390-5,
2666,58,Weimar,https://d-nb.info/gnd/4065105-8,https://www.geonames.org/2812482
2667,15,Berlin,https://d-nb.info/gnd/2004272-3,https://www.geonames.org/2950159
2668,15,Berlin,https://d-nb.info/gnd/2004272-3,https://www.geonames.org/2950159
2668,58,Weimar,https://d-nb.info/gnd/4065105-8,https://www.geonames.org/2812482
2679,60,Braunschweig,https://d-nb.info/gnd/42808-5,https://www.geonames.org/2945024
2679,2,Göttingen,https://d-nb.info/gnd/4021477-1,https://www.geonames.org/2918632
2687,15,Berlin,https://d-nb.info/gnd/2004272-3,https://www.geonames.org/2950159
2694,259,Bad Bocklet,https://d-nb.info/gnd/4087853-3,https://www.geonames.org/2953540
2694,236,Bamberg,https://d-nb.info/gnd/2005630-8,https://www.geonames.org/2952984
2694,60,Braunschweig,https://d-nb.info/gnd/42808-5,https://www.geonames.org/2945024
2694,12,Jena,https://d-nb.info/gnd/4028557-1,https://www.geonames.org/2895044
2695,4892,Burg Königstein (Königstein im Taunus),https://d-nb.info/gnd/1051036402,
2695,13,Dresden,https://d-nb.info/gnd/37172-5,https://www.geonames.org/2935022
2695,327,Frankfurt am Main,https://d-nb.info/gnd/4018118-2,https://www.geonames.org/2925533
2695,2,Göttingen,https://d-nb.info/gnd/4021477-1,https://www.geonames.org/2918632
2695,12130,Guntersblum,https://d-nb.info/gnd/4305120-0,
2695,897,Mainz,https://d-nb.info/gnd/2018680-0,https://www.geonames.org/2874225
2695,356,Rom,https://d-nb.info/gnd/4050471-2,https://www.geonames.org/3169070
2697,1378,Amsterdam,https://d-nb.info/gnd/4001783-7,https://www.geonames.org/2759794
2697,4892,Burg Königstein (Königstein im Taunus),https://d-nb.info/gnd/1051036402,
2697,327,Frankfurt am Main,https://d-nb.info/gnd/4018118-2,https://www.geonames.org/2925533
2697,173,Hannover,https://d-nb.info/gnd/4023349-2,https://www.geonames.org/2910831
2697,897,Mainz,https://d-nb.info/gnd/2018680-0,https://www.geonames.org/2874225
2697,2349,Speyer,https://d-nb.info/gnd/4056179-3,
2698,13,Dresden,https://d-nb.info/gnd/37172-5,https://www.geonames.org/2935022
2707,1378,Amsterdam,https://d-nb.info/gnd/4001783-7,https://www.geonames.org/2759794
2707,2,Göttingen,https://d-nb.info/gnd/4021477-1,https://www.geonames.org/2918632
2747,15,Berlin,https://d-nb.info/gnd/2004272-3,https://www.geonames.org/2950159
2748,4240,Athen,https://d-nb.info/gnd/4003366-1,
2748,15,Berlin,https://d-nb.info/gnd/2004272-3,https://www.geonames.org/2950159
2748,98,Hamburg,https://d-nb.info/gnd/4023118-5,https://www.geonames.org/2911298
2748,16,Wien,https://d-nb.info/gnd/4066009-6,
2749,15,Berlin,https://d-nb.info/gnd/2004272-3,https://www.geonames.org/2950159
2749,60,Braunschweig,https://d-nb.info/gnd/42808-5,https://www.geonames.org/2945024
2749,22,Leipzig,https://d-nb.info/gnd/4035206-7,https://www.geonames.org/2879139
2750,15,Berlin,https://d-nb.info/gnd/2004272-3,https://www.geonames.org/2950159
2751,12,Jena,https://d-nb.info/gnd/4028557-1,https://www.geonames.org/2895044
2751,241,Weißenfels,https://d-nb.info/gnd/4065247-6,https://www.geonames.org/2811899
2752,22,Leipzig,https://d-nb.info/gnd/4035206-7,https://www.geonames.org/2879139
2753,15,Berlin,https://d-nb.info/gnd/2004272-3,https://www.geonames.org/2950159
2754,15,Berlin,https://d-nb.info/gnd/2004272-3,https://www.geonames.org/2950159
2754,2,Göttingen,https://d-nb.info/gnd/4021477-1,https://www.geonames.org/2918632
2757,15,Berlin,https://d-nb.info/gnd/2004272-3,https://www.geonames.org/2950159
2757,60,Braunschweig,https://d-nb.info/gnd/42808-5,https://www.geonames.org/2945024
2757,98,Hamburg,https://d-nb.info/gnd/4023118-5,https://www.geonames.org/2911298
2757,12,Jena,https://d-nb.info/gnd/4028557-1,https://www.geonames.org/2895044
2757,22,Leipzig,https://d-nb.info/gnd/4035206-7,https://www.geonames.org/2879139
2757,171,Paris,https://d-nb.info/gnd/4044660-8,https://www.geonames.org/2988507
2757,1524,Pillnitz,https://d-nb.info/gnd/4306696-3,https://www.geonames.org/2853707
2758,15,Berlin,https://d-nb.info/gnd/2004272-3,https://www.geonames.org/2950159
2758,2083,Charlottenburg (Berlin),https://d-nb.info/gnd/4065382-1,https://www.geonames.org/2940187
2758,13,Dresden,https://d-nb.info/gnd/37172-5,https://www.geonames.org/2935022
2758,327,Frankfurt am Main,https://d-nb.info/gnd/4018118-2,https://www.geonames.org/2925533
2758,22,Leipzig,https://d-nb.info/gnd/4035206-7,https://www.geonames.org/2879139
2758,2275,Potsdam,https://d-nb.info/gnd/4046948-7,https://www.geonames.org/2852458
2758,4013,Schloss Sanssouci (Potsdam),https://d-nb.info/gnd/4132604-0,
2759,15,Berlin,https://d-nb.info/gnd/2004272-3,https://www.geonames.org/2950159
2759,13,Dresden,https://d-nb.info/gnd/37172-5,https://www.geonames.org/2935022
2759,12,Jena,https://d-nb.info/gnd/4028557-1,https://www.geonames.org/2895044
2761,15,Berlin,https://d-nb.info/gnd/2004272-3,https://www.geonames.org/2950159
2762,15,Berlin,https://d-nb.info/gnd/2004272-3,https://www.geonames.org/2950159
2762,2,Göttingen,https://d-nb.info/gnd/4021477-1,https://www.geonames.org/2918632
2765,229,Halle (Saale),https://d-nb.info/gnd/4023025-9,https://www.geonames.org/2911522
2765,22,Leipzig,https://d-nb.info/gnd/4035206-7,https://www.geonames.org/2879139
2765,1524,Pillnitz,https://d-nb.info/gnd/4306696-3,https://www.geonames.org/2853707
2767,13,Dresden,https://d-nb.info/gnd/37172-5,https://www.geonames.org/2935022
2767,98,Hamburg,https://d-nb.info/gnd/4023118-5,https://www.geonames.org/2911298
2767,12,Jena,https://d-nb.info/gnd/4028557-1,https://www.geonames.org/2895044
2768,58,Weimar,https://d-nb.info/gnd/4065105-8,https://www.geonames.org/2812482
2769,13,Dresden,https://d-nb.info/gnd/37172-5,https://www.geonames.org/2935022
2769,22,Leipzig,https://d-nb.info/gnd/4035206-7,https://www.geonames.org/2879139
2770,4324,Tharandt,https://d-nb.info/gnd/4106217-6,
2771,13,Dresden,https://d-nb.info/gnd/37172-5,https://www.geonames.org/2935022
2771,12,Jena,https://d-nb.info/gnd/4028557-1,https://www.geonames.org/2895044
2771,22,Leipzig,https://d-nb.info/gnd/4035206-7,https://www.geonames.org/2879139
2772,2281,Dessau,https://d-nb.info/gnd/4011536-7,https://www.geonames.org/2937959
2772,12,Jena,https://d-nb.info/gnd/4028557-1,https://www.geonames.org/2895044
2772,22,Leipzig,https://d-nb.info/gnd/4035206-7,https://www.geonames.org/2879139
2773,12,Jena,https://d-nb.info/gnd/4028557-1,https://www.geonames.org/2895044
2773,22,Leipzig,https://d-nb.info/gnd/4035206-7,https://www.geonames.org/2879139
2775,15,Berlin,https://d-nb.info/gnd/2004272-3,https://www.geonames.org/2950159
2776,15,Berlin,https://d-nb.info/gnd/2004272-3,https://www.geonames.org/2950159
2776,13,Dresden,https://d-nb.info/gnd/37172-5,https://www.geonames.org/2935022
2776,12,Jena,https://d-nb.info/gnd/4028557-1,https://www.geonames.org/2895044
2776,22,Leipzig,https://d-nb.info/gnd/4035206-7,https://www.geonames.org/2879139
2776,16,Wien,https://d-nb.info/gnd/4066009-6,
2777,15,Berlin,https://d-nb.info/gnd/2004272-3,https://www.geonames.org/2950159
2778,15,Berlin,https://d-nb.info/gnd/2004272-3,https://www.geonames.org/2950159
2778,12,Jena,https://d-nb.info/gnd/4028557-1,https://www.geonames.org/2895044
2779,15,Berlin,https://d-nb.info/gnd/2004272-3,https://www.geonames.org/2950159
2779,12,Jena,https://d-nb.info/gnd/4028557-1,https://www.geonames.org/2895044
2779,22,Leipzig,https://d-nb.info/gnd/4035206-7,https://www.geonames.org/2879139
2781,15,Berlin,https://d-nb.info/gnd/2004272-3,https://www.geonames.org/2950159
2781,173,Hannover,https://d-nb.info/gnd/4023349-2,https://www.geonames.org/2910831
2781,12,Jena,https://d-nb.info/gnd/4028557-1,https://www.geonames.org/2895044
2784,15,Berlin,https://d-nb.info/gnd/2004272-3,https://www.geonames.org/2950159
2784,12,Jena,https://d-nb.info/gnd/4028557-1,https://www.geonames.org/2895044
2784,171,Paris,https://d-nb.info/gnd/4044660-8,https://www.geonames.org/2988507
2784,58,Weimar,https://d-nb.info/gnd/4065105-8,https://www.geonames.org/2812482
2787,2275,Potsdam,https://d-nb.info/gnd/4046948-7,https://www.geonames.org/2852458
2790,12,Jena,https://d-nb.info/gnd/4028557-1,https://www.geonames.org/2895044
2790,58,Weimar,https://d-nb.info/gnd/4065105-8,https://www.geonames.org/2812482
2791,12,Jena,https://d-nb.info/gnd/4028557-1,https://www.geonames.org/2895044
2791,22,Leipzig,https://d-nb.info/gnd/4035206-7,https://www.geonames.org/2879139
2792,13,Dresden,https://d-nb.info/gnd/37172-5,https://www.geonames.org/2935022
2794,241,Weißenfels,https://d-nb.info/gnd/4065247-6,https://www.geonames.org/2811899
2796,12,Jena,https://d-nb.info/gnd/4028557-1,https://www.geonames.org/2895044
2804,15,Berlin,https://d-nb.info/gnd/2004272-3,https://www.geonames.org/2950159
2804,8343,Dornburg/Saale,https://d-nb.info/gnd/4091159-7,https://www.geonames.org/2935741
2804,12,Jena,https://d-nb.info/gnd/4028557-1,https://www.geonames.org/2895044
2805,15,Berlin,https://d-nb.info/gnd/2004272-3,https://www.geonames.org/2950159
2805,60,Braunschweig,https://d-nb.info/gnd/42808-5,https://www.geonames.org/2945024
2805,171,Paris,https://d-nb.info/gnd/4044660-8,https://www.geonames.org/2988507
2805,6838,Wesel,https://d-nb.info/gnd/4065697-4,
2806,409,Bad Kösen,https://d-nb.info/gnd/4031606-3,https://www.geonames.org/2953418
2806,15,Berlin,https://d-nb.info/gnd/2004272-3,https://www.geonames.org/2950159
2806,60,Braunschweig,https://d-nb.info/gnd/42808-5,https://www.geonames.org/2945024
2806,8343,Dornburg/Saale,https://d-nb.info/gnd/4091159-7,https://www.geonames.org/2935741
2806,12,Jena,https://d-nb.info/gnd/4028557-1,https://www.geonames.org/2895044
2806,356,Rom,https://d-nb.info/gnd/4050471-2,https://www.geonames.org/3169070
2806,5902,Rudelsburg,https://d-nb.info/gnd/4050796-8,
2806,8344,Tautenburg,https://d-nb.info/gnd/4302686-2,
2807,12,Jena,https://d-nb.info/gnd/4028557-1,https://www.geonames.org/2895044
2809,15,Berlin,https://d-nb.info/gnd/2004272-3,https://www.geonames.org/2950159
2809,12,Jena,https://d-nb.info/gnd/4028557-1,https://www.geonames.org/2895044
2810,2917,Oßmannstedt,https://d-nb.info/gnd/4640284-6,https://www.geonames.org/2856837
2810,58,Weimar,https://d-nb.info/gnd/4065105-8,https://www.geonames.org/2812482
2812,236,Bamberg,https://d-nb.info/gnd/2005630-8,https://www.geonames.org/2952984
2812,13,Dresden,https://d-nb.info/gnd/37172-5,https://www.geonames.org/2935022
2812,2,Göttingen,https://d-nb.info/gnd/4021477-1,https://www.geonames.org/2918632
2812,173,Hannover,https://d-nb.info/gnd/4023349-2,https://www.geonames.org/2910831
2812,12,Jena,https://d-nb.info/gnd/4028557-1,https://www.geonames.org/2895044
2812,58,Weimar,https://d-nb.info/gnd/4065105-8,https://www.geonames.org/2812482
2813,60,Braunschweig,https://d-nb.info/gnd/42808-5,https://www.geonames.org/2945024
2813,2,Göttingen,https://d-nb.info/gnd/4021477-1,https://www.geonames.org/2918632
2813,12,Jena,https://d-nb.info/gnd/4028557-1,https://www.geonames.org/2895044
2815,12,Jena,https://d-nb.info/gnd/4028557-1,https://www.geonames.org/2895044
2815,22,Leipzig,https://d-nb.info/gnd/4035206-7,https://www.geonames.org/2879139
2816,12,Jena,https://d-nb.info/gnd/4028557-1,https://www.geonames.org/2895044
2817,15,Berlin,https://d-nb.info/gnd/2004272-3,https://www.geonames.org/2950159
2817,60,Braunschweig,https://d-nb.info/gnd/42808-5,https://www.geonames.org/2945024
2817,566,Erlangen,https://d-nb.info/gnd/4015299-6,https://www.geonames.org/2929567
2817,229,Halle (Saale),https://d-nb.info/gnd/4023025-9,https://www.geonames.org/2911522
2817,12,Jena,https://d-nb.info/gnd/4028557-1,https://www.geonames.org/2895044
2818,60,Braunschweig,https://d-nb.info/gnd/42808-5,https://www.geonames.org/2945024
2818,12,Jena,https://d-nb.info/gnd/4028557-1,https://www.geonames.org/2895044
2818,22,Leipzig,https://d-nb.info/gnd/4035206-7,https://www.geonames.org/2879139
2819,12,Jena,https://d-nb.info/gnd/4028557-1,https://www.geonames.org/2895044
2819,58,Weimar,https://d-nb.info/gnd/4065105-8,https://www.geonames.org/2812482
2820,12,Jena,https://d-nb.info/gnd/4028557-1,https://www.geonames.org/2895044
2821,60,Braunschweig,https://d-nb.info/gnd/42808-5,https://www.geonames.org/2945024
2821,13,Dresden,https://d-nb.info/gnd/37172-5,https://www.geonames.org/2935022
2821,2,Göttingen,https://d-nb.info/gnd/4021477-1,https://www.geonames.org/2918632
2821,2701,Wolfenbüttel,https://d-nb.info/gnd/2026423-9,
2822,13,Dresden,https://d-nb.info/gnd/37172-5,https://www.geonames.org/2935022
2822,12,Jena,https://d-nb.info/gnd/4028557-1,https://www.geonames.org/2895044
2823,12,Jena,https://d-nb.info/gnd/4028557-1,https://www.geonames.org/2895044
2824,12,Jena,https://d-nb.info/gnd/4028557-1,https://www.geonames.org/2895044
2824,241,Weißenfels,https://d-nb.info/gnd/4065247-6,https://www.geonames.org/2811899
2825,12,Jena,https://d-nb.info/gnd/4028557-1,https://www.geonames.org/2895044
2825,241,Weißenfels,https://d-nb.info/gnd/4065247-6,https://www.geonames.org/2811899
2826,14,Gotha,https://d-nb.info/gnd/4021652-4,https://www.geonames.org/2918752
2828,15,Berlin,https://d-nb.info/gnd/2004272-3,https://www.geonames.org/2950159
2828,13,Dresden,https://d-nb.info/gnd/37172-5,https://www.geonames.org/2935022
2828,12,Jena,https://d-nb.info/gnd/4028557-1,https://www.geonames.org/2895044
2828,241,Weißenfels,https://d-nb.info/gnd/4065247-6,https://www.geonames.org/2811899
2829,12,Jena,https://d-nb.info/gnd/4028557-1,https://www.geonames.org/2895044
2829,22,Leipzig,https://d-nb.info/gnd/4035206-7,https://www.geonames.org/2879139
2829,241,Weißenfels,https://d-nb.info/gnd/4065247-6,https://www.geonames.org/2811899
2830,12,Jena,https://d-nb.info/gnd/4028557-1,https://www.geonames.org/2895044
2830,22,Leipzig,https://d-nb.info/gnd/4035206-7,https://www.geonames.org/2879139
2830,241,Weißenfels,https://d-nb.info/gnd/4065247-6,https://www.geonames.org/2811899
2832,12,Jena,https://d-nb.info/gnd/4028557-1,https://www.geonames.org/2895044
2833,12,Jena,https://d-nb.info/gnd/4028557-1,https://www.geonames.org/2895044
2833,22,Leipzig,https://d-nb.info/gnd/4035206-7,https://www.geonames.org/2879139
2833,5903,Wartburg,https://d-nb.info/gnd/4122665-3,
2834,22,Leipzig,https://d-nb.info/gnd/4035206-7,https://www.geonames.org/2879139
2834,87,Spandau,https://d-nb.info/gnd/4105431-3,https://www.geonames.org/7290252
2835,12,Jena,https://d-nb.info/gnd/4028557-1,https://www.geonames.org/2895044
2837,12,Jena,https://d-nb.info/gnd/4028557-1,https://www.geonames.org/2895044
2837,22,Leipzig,https://d-nb.info/gnd/4035206-7,https://www.geonames.org/2879139
2838,15,Berlin,https://d-nb.info/gnd/2004272-3,https://www.geonames.org/2950159
2838,12,Jena,https://d-nb.info/gnd/4028557-1,https://www.geonames.org/2895044
2838,22,Leipzig,https://d-nb.info/gnd/4035206-7,https://www.geonames.org/2879139
2839,12,Jena,https://d-nb.info/gnd/4028557-1,https://www.geonames.org/2895044
2840,12,Jena,https://d-nb.info/gnd/4028557-1,https://www.geonames.org/2895044
2842,12,Jena,https://d-nb.info/gnd/4028557-1,https://www.geonames.org/2895044
2843,15,Berlin,https://d-nb.info/gnd/2004272-3,https://www.geonames.org/2950159
2844,13,Dresden,https://d-nb.info/gnd/37172-5,https://www.geonames.org/2935022
2845,13,Dresden,https://d-nb.info/gnd/37172-5,https://www.geonames.org/2935022
2845,12,Jena,https://d-nb.info/gnd/4028557-1,https://www.geonames.org/2895044
2846,15,Berlin,https://d-nb.info/gnd/2004272-3,https://www.geonames.org/2950159
2846,13,Dresden,https://d-nb.info/gnd/37172-5,https://www.geonames.org/2935022
2846,58,Weimar,https://d-nb.info/gnd/4065105-8,https://www.geonames.org/2812482
2847,12,Jena,https://d-nb.info/gnd/4028557-1,https://www.geonames.org/2895044
2847,22,Leipzig,https://d-nb.info/gnd/4035206-7,https://www.geonames.org/2879139
2847,171,Paris,https://d-nb.info/gnd/4044660-8,https://www.geonames.org/2988507
2848,22,Leipzig,https://d-nb.info/gnd/4035206-7,https://www.geonames.org/2879139
3173,60,Braunschweig,https://d-nb.info/gnd/42808-5,https://www.geonames.org/2945024
3173,2281,Dessau,https://d-nb.info/gnd/4011536-7,https://www.geonames.org/2937959
3173,12,Jena,https://d-nb.info/gnd/4028557-1,https://www.geonames.org/2895044
3173,22,Leipzig,https://d-nb.info/gnd/4035206-7,https://www.geonames.org/2879139
3173,58,Weimar,https://d-nb.info/gnd/4065105-8,https://www.geonames.org/2812482
3173,227,Zürich,https://d-nb.info/gnd/4068038-1,https://www.geonames.org/2657896
3174,12,Jena,https://d-nb.info/gnd/4028557-1,https://www.geonames.org/2895044
3176,15,Berlin,https://d-nb.info/gnd/2004272-3,https://www.geonames.org/2950159
3176,12,Jena,https://d-nb.info/gnd/4028557-1,https://www.geonames.org/2895044
3176,58,Weimar,https://d-nb.info/gnd/4065105-8,https://www.geonames.org/2812482
3177,12,Jena,https://d-nb.info/gnd/4028557-1,https://www.geonames.org/2895044
3178,15,Berlin,https://d-nb.info/gnd/2004272-3,https://www.geonames.org/2950159
3178,12,Jena,https://d-nb.info/gnd/4028557-1,https://www.geonames.org/2895044
3178,22,Leipzig,https://d-nb.info/gnd/4035206-7,https://www.geonames.org/2879139
3178,58,Weimar,https://d-nb.info/gnd/4065105-8,https://www.geonames.org/2812482
3179,15,Berlin,https://d-nb.info/gnd/2004272-3,https://www.geonames.org/2950159
3179,12,Jena,https://d-nb.info/gnd/4028557-1,https://www.geonames.org/2895044
3179,22,Leipzig,https://d-nb.info/gnd/4035206-7,https://www.geonames.org/2879139
3180,15,Berlin,https://d-nb.info/gnd/2004272-3,https://www.geonames.org/2950159
3180,12,Jena,https://d-nb.info/gnd/4028557-1,https://www.geonames.org/2895044
3180,22,Leipzig,https://d-nb.info/gnd/4035206-7,https://www.geonames.org/2879139
3230,12,Jena,https://d-nb.info/gnd/4028557-1,https://www.geonames.org/2895044
3232,15,Berlin,https://d-nb.info/gnd/2004272-3,https://www.geonames.org/2950159
3235,15,Berlin,https://d-nb.info/gnd/2004272-3,https://www.geonames.org/2950159
3236,15,Berlin,https://d-nb.info/gnd/2004272-3,https://www.geonames.org/2950159
3236,12,Jena,https://d-nb.info/gnd/4028557-1,https://www.geonames.org/2895044
3239,1378,Amsterdam,https://d-nb.info/gnd/4001783-7,https://www.geonames.org/2759794
3239,12149,Genemuiden,https://d-nb.info/gnd/4506799-5,
3239,9998,Maastricht,https://d-nb.info/gnd/4036784-8,
3239,8800,Nimwegen,https://d-nb.info/gnd/4075410-8,
3239,10136,Zwolle,https://d-nb.info/gnd/4119274-6,
3240,1378,Amsterdam,https://d-nb.info/gnd/4001783-7,https://www.geonames.org/2759794
3240,60,Braunschweig,https://d-nb.info/gnd/42808-5,https://www.geonames.org/2945024
3240,19409,Mengeringhausen,https://d-nb.info/gnd/2084577-7,
3240,58,Weimar,https://d-nb.info/gnd/4065105-8,https://www.geonames.org/2812482
3241,1378,Amsterdam,https://d-nb.info/gnd/4001783-7,https://www.geonames.org/2759794
3241,60,Braunschweig,https://d-nb.info/gnd/42808-5,https://www.geonames.org/2945024
3241,2281,Dessau,https://d-nb.info/gnd/4011536-7,https://www.geonames.org/2937959
3241,2,Göttingen,https://d-nb.info/gnd/4021477-1,https://www.geonames.org/2918632
3241,173,Hannover,https://d-nb.info/gnd/4023349-2,https://www.geonames.org/2910831
3241,12,Jena,https://d-nb.info/gnd/4028557-1,https://www.geonames.org/2895044
3241,22,Leipzig,https://d-nb.info/gnd/4035206-7,https://www.geonames.org/2879139
3241,19409,Mengeringhausen,https://d-nb.info/gnd/2084577-7,
3241,58,Weimar,https://d-nb.info/gnd/4065105-8,https://www.geonames.org/2812482
3246,2,Göttingen,https://d-nb.info/gnd/4021477-1,https://www.geonames.org/2918632
3246,173,Hannover,https://d-nb.info/gnd/4023349-2,https://www.geonames.org/2910831
3250,15,Berlin,https://d-nb.info/gnd/2004272-3,https://www.geonames.org/2950159
3250,219,Nennhausen,https://d-nb.info/gnd/4393249-6,https://www.geonames.org/2866523
3251,12,Jena,https://d-nb.info/gnd/4028557-1,https://www.geonames.org/2895044
3251,219,Nennhausen,https://d-nb.info/gnd/4393249-6,https://www.geonames.org/2866523
3252,15,Berlin,https://d-nb.info/gnd/2004272-3,https://www.geonames.org/2950159
3252,6314,Fehrbellin,https://d-nb.info/gnd/4086472-8,
3252,6315,Fehrbellin-Lentzke,https://d-nb.info/gnd/10121950-7,
3252,219,Nennhausen,https://d-nb.info/gnd/4393249-6,https://www.geonames.org/2866523
3253,6314,Fehrbellin,https://d-nb.info/gnd/4086472-8,
3253,6315,Fehrbellin-Lentzke,https://d-nb.info/gnd/10121950-7,
3253,12,Jena,https://d-nb.info/gnd/4028557-1,https://www.geonames.org/2895044
3254,6315,Fehrbellin-Lentzke,https://d-nb.info/gnd/10121950-7,
3265,15,Berlin,https://d-nb.info/gnd/2004272-3,https://www.geonames.org/2950159
3267,15,Berlin,https://d-nb.info/gnd/2004272-3,https://www.geonames.org/2950159
3269,15,Berlin,https://d-nb.info/gnd/2004272-3,https://www.geonames.org/2950159
3269,13,Dresden,https://d-nb.info/gnd/37172-5,https://www.geonames.org/2935022
3269,12,Jena,https://d-nb.info/gnd/4028557-1,https://www.geonames.org/2895044
3270,15,Berlin,https://d-nb.info/gnd/2004272-3,https://www.geonames.org/2950159
3272,15,Berlin,https://d-nb.info/gnd/2004272-3,https://www.geonames.org/2950159
3273,22,Leipzig,https://d-nb.info/gnd/4035206-7,https://www.geonames.org/2879139
3274,15,Berlin,https://d-nb.info/gnd/2004272-3,https://www.geonames.org/2950159
3274,22,Leipzig,https://d-nb.info/gnd/4035206-7,https://www.geonames.org/2879139
3275,15,Berlin,https://d-nb.info/gnd/2004272-3,https://www.geonames.org/2950159
3275,12,Jena,https://d-nb.info/gnd/4028557-1,https://www.geonames.org/2895044
3276,15,Berlin,https://d-nb.info/gnd/2004272-3,https://www.geonames.org/2950159
3276,12,Jena,https://d-nb.info/gnd/4028557-1,https://www.geonames.org/2895044
3278,12,Jena,https://d-nb.info/gnd/4028557-1,https://www.geonames.org/2895044
3279,12,Jena,https://d-nb.info/gnd/4028557-1,https://www.geonames.org/2895044
3280,12,Jena,https://d-nb.info/gnd/4028557-1,https://www.geonames.org/2895044
3280,22,Leipzig,https://d-nb.info/gnd/4035206-7,https://www.geonames.org/2879139
3282,15,Berlin,https://d-nb.info/gnd/2004272-3,https://www.geonames.org/2950159
3282,1633,Erfurt,https://d-nb.info/gnd/4015240-6,https://www.geonames.org/2929670
3282,12,Jena,https://d-nb.info/gnd/4028557-1,https://www.geonames.org/2895044
3282,22,Leipzig,https://d-nb.info/gnd/4035206-7,https://www.geonames.org/2879139
3283,12,Jena,https://d-nb.info/gnd/4028557-1,https://www.geonames.org/2895044
3284,12,Jena,https://d-nb.info/gnd/4028557-1,https://www.geonames.org/2895044
3286,15,Berlin,https://d-nb.info/gnd/2004272-3,https://www.geonames.org/2950159
3286,12,Jena,https://d-nb.info/gnd/4028557-1,https://www.geonames.org/2895044
3286,22,Leipzig,https://d-nb.info/gnd/4035206-7,https://www.geonames.org/2879139
3287,236,Bamberg,https://d-nb.info/gnd/2005630-8,https://www.geonames.org/2952984
3287,15,Berlin,https://d-nb.info/gnd/2004272-3,https://www.geonames.org/2950159
3287,12,Jena,https://d-nb.info/gnd/4028557-1,https://www.geonames.org/2895044
3288,259,Bad Bocklet,https://d-nb.info/gnd/4087853-3,https://www.geonames.org/2953540
3288,236,Bamberg,https://d-nb.info/gnd/2005630-8,https://www.geonames.org/2952984
3288,15,Berlin,https://d-nb.info/gnd/2004272-3,https://www.geonames.org/2950159
3288,12,Jena,https://d-nb.info/gnd/4028557-1,https://www.geonames.org/2895044
3288,614,Tübingen,https://d-nb.info/gnd/4061147-4,https://www.geonames.org/2820860
3289,236,Bamberg,https://d-nb.info/gnd/2005630-8,https://www.geonames.org/2952984
3289,15,Berlin,https://d-nb.info/gnd/2004272-3,https://www.geonames.org/2950159
3289,60,Braunschweig,https://d-nb.info/gnd/42808-5,https://www.geonames.org/2945024
3289,14,Gotha,https://d-nb.info/gnd/4021652-4,https://www.geonames.org/2918752
3289,2,Göttingen,https://d-nb.info/gnd/4021477-1,https://www.geonames.org/2918632
3289,173,Hannover,https://d-nb.info/gnd/4023349-2,https://www.geonames.org/2910831
3289,12,Jena,https://d-nb.info/gnd/4028557-1,https://www.geonames.org/2895044
3290,236,Bamberg,https://d-nb.info/gnd/2005630-8,https://www.geonames.org/2952984
3290,60,Braunschweig,https://d-nb.info/gnd/42808-5,https://www.geonames.org/2945024
3290,14,Gotha,https://d-nb.info/gnd/4021652-4,https://www.geonames.org/2918752
3290,2,Göttingen,https://d-nb.info/gnd/4021477-1,https://www.geonames.org/2918632
3290,12,Jena,https://d-nb.info/gnd/4028557-1,https://www.geonames.org/2895044
3291,60,Braunschweig,https://d-nb.info/gnd/42808-5,https://www.geonames.org/2945024
3291,2,Göttingen,https://d-nb.info/gnd/4021477-1,https://www.geonames.org/2918632
3292,15,Berlin,https://d-nb.info/gnd/2004272-3,https://www.geonames.org/2950159
3292,60,Braunschweig,https://d-nb.info/gnd/42808-5,https://www.geonames.org/2945024
3292,12,Jena,https://d-nb.info/gnd/4028557-1,https://www.geonames.org/2895044
3292,22,Leipzig,https://d-nb.info/gnd/4035206-7,https://www.geonames.org/2879139
3293,15,Berlin,https://d-nb.info/gnd/2004272-3,https://www.geonames.org/2950159
3293,60,Braunschweig,https://d-nb.info/gnd/42808-5,https://www.geonames.org/2945024
3293,12,Jena,https://d-nb.info/gnd/4028557-1,https://www.geonames.org/2895044
3293,1517,Kassel,https://d-nb.info/gnd/4029869-3,
3294,15,Berlin,https://d-nb.info/gnd/2004272-3,https://www.geonames.org/2950159
3294,60,Braunschweig,https://d-nb.info/gnd/42808-5,https://www.geonames.org/2945024
3294,12,Jena,https://d-nb.info/gnd/4028557-1,https://www.geonames.org/2895044
3294,1517,Kassel,https://d-nb.info/gnd/4029869-3,
3294,279,Neapel,https://d-nb.info/gnd/4041476-0,
3295,15,Berlin,https://d-nb.info/gnd/2004272-3,https://www.geonames.org/2950159
3295,60,Braunschweig,https://d-nb.info/gnd/42808-5,https://www.geonames.org/2945024
3296,15,Berlin,https://d-nb.info/gnd/2004272-3,https://www.geonames.org/2950159
3296,60,Braunschweig,https://d-nb.info/gnd/42808-5,https://www.geonames.org/2945024
3296,12,Jena,https://d-nb.info/gnd/4028557-1,https://www.geonames.org/2895044
3296,58,Weimar,https://d-nb.info/gnd/4065105-8,https://www.geonames.org/2812482
3297,15,Berlin,https://d-nb.info/gnd/2004272-3,https://www.geonames.org/2950159
3297,22,Leipzig,https://d-nb.info/gnd/4035206-7,https://www.geonames.org/2879139
3298,15,Berlin,https://d-nb.info/gnd/2004272-3,https://www.geonames.org/2950159
3298,13,Dresden,https://d-nb.info/gnd/37172-5,https://www.geonames.org/2935022
3298,22,Leipzig,https://d-nb.info/gnd/4035206-7,https://www.geonames.org/2879139
3299,15,Berlin,https://d-nb.info/gnd/2004272-3,https://www.geonames.org/2950159
3299,1633,Erfurt,https://d-nb.info/gnd/4015240-6,https://www.geonames.org/2929670
3300,15,Berlin,https://d-nb.info/gnd/2004272-3,https://www.geonames.org/2950159
3300,12,Jena,https://d-nb.info/gnd/4028557-1,https://www.geonames.org/2895044
3300,1362,Königsberg,https://d-nb.info/gnd/4031541-1,https://www.geonames.org/554234
3301,15,Berlin,https://d-nb.info/gnd/2004272-3,https://www.geonames.org/2950159
3302,15,Berlin,https://d-nb.info/gnd/2004272-3,https://www.geonames.org/2950159
3303,236,Bamberg,https://d-nb.info/gnd/2005630-8,https://www.geonames.org/2952984
3303,15,Berlin,https://d-nb.info/gnd/2004272-3,https://www.geonames.org/2950159
3303,12,Jena,https://d-nb.info/gnd/4028557-1,https://www.geonames.org/2895044
3304,15,Berlin,https://d-nb.info/gnd/2004272-3,https://www.geonames.org/2950159
3305,15,Berlin,https://d-nb.info/gnd/2004272-3,https://www.geonames.org/2950159
3305,60,Braunschweig,https://d-nb.info/gnd/42808-5,https://www.geonames.org/2945024
3305,12,Jena,https://d-nb.info/gnd/4028557-1,https://www.geonames.org/2895044
3306,15,Berlin,https://d-nb.info/gnd/2004272-3,https://www.geonames.org/2950159
3306,60,Braunschweig,https://d-nb.info/gnd/42808-5,https://www.geonames.org/2945024
3306,12,Jena,https://d-nb.info/gnd/4028557-1,https://www.geonames.org/2895044
3307,15,Berlin,https://d-nb.info/gnd/2004272-3,https://www.geonames.org/2950159
3307,2281,Dessau,https://d-nb.info/gnd/4011536-7,https://www.geonames.org/2937959
3307,12,Jena,https://d-nb.info/gnd/4028557-1,https://www.geonames.org/2895044
3308,15,Berlin,https://d-nb.info/gnd/2004272-3,https://www.geonames.org/2950159
3308,60,Braunschweig,https://d-nb.info/gnd/42808-5,https://www.geonames.org/2945024
3308,12,Jena,https://d-nb.info/gnd/4028557-1,https://www.geonames.org/2895044
3309,15,Berlin,https://d-nb.info/gnd/2004272-3,https://www.geonames.org/2950159
3309,12,Jena,https://d-nb.info/gnd/4028557-1,https://www.geonames.org/2895044
3310,15,Berlin,https://d-nb.info/gnd/2004272-3,https://www.geonames.org/2950159
3310,60,Braunschweig,https://d-nb.info/gnd/42808-5,https://www.geonames.org/2945024
3310,12,Jena,https://d-nb.info/gnd/4028557-1,https://www.geonames.org/2895044
3310,22,Leipzig,https://d-nb.info/gnd/4035206-7,https://www.geonames.org/2879139
3311,15,Berlin,https://d-nb.info/gnd/2004272-3,https://www.geonames.org/2950159
3311,566,Erlangen,https://d-nb.info/gnd/4015299-6,https://www.geonames.org/2929567
3311,12,Jena,https://d-nb.info/gnd/4028557-1,https://www.geonames.org/2895044
3312,15,Berlin,https://d-nb.info/gnd/2004272-3,https://www.geonames.org/2950159
3312,566,Erlangen,https://d-nb.info/gnd/4015299-6,https://www.geonames.org/2929567
3363,12,Jena,https://d-nb.info/gnd/4028557-1,https://www.geonames.org/2895044
3364,12,Jena,https://d-nb.info/gnd/4028557-1,https://www.geonames.org/2895044
3365,327,Frankfurt am Main,https://d-nb.info/gnd/4018118-2,https://www.geonames.org/2925533
3365,58,Weimar,https://d-nb.info/gnd/4065105-8,https://www.geonames.org/2812482
3366,327,Frankfurt am Main,https://d-nb.info/gnd/4018118-2,https://www.geonames.org/2925533
3366,12,Jena,https://d-nb.info/gnd/4028557-1,https://www.geonames.org/2895044
3366,58,Weimar,https://d-nb.info/gnd/4065105-8,https://www.geonames.org/2812482
3367,12,Jena,https://d-nb.info/gnd/4028557-1,https://www.geonames.org/2895044
3367,58,Weimar,https://d-nb.info/gnd/4065105-8,https://www.geonames.org/2812482
3369,15,Berlin,https://d-nb.info/gnd/2004272-3,https://www.geonames.org/2950159
3369,13,Dresden,https://d-nb.info/gnd/37172-5,https://www.geonames.org/2935022
3369,12,Jena,https://d-nb.info/gnd/4028557-1,https://www.geonames.org/2895044
3369,58,Weimar,https://d-nb.info/gnd/4065105-8,https://www.geonames.org/2812482
3370,12826,Jedburgh (Großbritannien),https://d-nb.info/gnd/4412548-3,
3370,58,Weimar,https://d-nb.info/gnd/4065105-8,https://www.geonames.org/2812482
3371,12,Jena,https://d-nb.info/gnd/4028557-1,https://www.geonames.org/2895044
3371,58,Weimar,https://d-nb.info/gnd/4065105-8,https://www.geonames.org/2812482
3372,58,Weimar,https://d-nb.info/gnd/4065105-8,https://www.geonames.org/2812482
3373,58,Weimar,https://d-nb.info/gnd/4065105-8,https://www.geonames.org/2812482
3374,12,Jena,https://d-nb.info/gnd/4028557-1,https://www.geonames.org/2895044
3374,58,Weimar,https://d-nb.info/gnd/4065105-8,https://www.geonames.org/2812482
3375,12,Jena,https://d-nb.info/gnd/4028557-1,https://www.geonames.org/2895044
3376,58,Weimar,https://d-nb.info/gnd/4065105-8,https://www.geonames.org/2812482
3377,12,Jena,https://d-nb.info/gnd/4028557-1,https://www.geonames.org/2895044
3377,58,Weimar,https://d-nb.info/gnd/4065105-8,https://www.geonames.org/2812482
3378,58,Weimar,https://d-nb.info/gnd/4065105-8,https://www.geonames.org/2812482
3379,12,Jena,https://d-nb.info/gnd/4028557-1,https://www.geonames.org/2895044
3379,58,Weimar,https://d-nb.info/gnd/4065105-8,https://www.geonames.org/2812482
3380,58,Weimar,https://d-nb.info/gnd/4065105-8,https://www.geonames.org/2812482
3381,4498,Ettersburg,https://d-nb.info/gnd/4350289-1,
3381,22,Leipzig,https://d-nb.info/gnd/4035206-7,https://www.geonames.org/2879139
3381,58,Weimar,https://d-nb.info/gnd/4065105-8,https://www.geonames.org/2812482
3382,58,Weimar,https://d-nb.info/gnd/4065105-8,https://www.geonames.org/2812482
3383,58,Weimar,https://d-nb.info/gnd/4065105-8,https://www.geonames.org/2812482
3384,4331,Bad Lauchstädt,https://d-nb.info/gnd/4034704-7,https://www.geonames.org/2953412
3384,12,Jena,https://d-nb.info/gnd/4028557-1,https://www.geonames.org/2895044
3384,58,Weimar,https://d-nb.info/gnd/4065105-8,https://www.geonames.org/2812482
3386,1517,Kassel,https://d-nb.info/gnd/4029869-3,
3386,58,Weimar,https://d-nb.info/gnd/4065105-8,https://www.geonames.org/2812482
3387,16,Wien,https://d-nb.info/gnd/4066009-6,
3388,15,Berlin,https://d-nb.info/gnd/2004272-3,https://www.geonames.org/2950159
3388,12,Jena,https://d-nb.info/gnd/4028557-1,https://www.geonames.org/2895044
3388,58,Weimar,https://d-nb.info/gnd/4065105-8,https://www.geonames.org/2812482
3389,12,Jena,https://d-nb.info/gnd/4028557-1,https://www.geonames.org/2895044
3401,12,Jena,https://d-nb.info/gnd/4028557-1,https://www.geonames.org/2895044
3401,58,Weimar,https://d-nb.info/gnd/4065105-8,https://www.geonames.org/2812482
3402,15,Berlin,https://d-nb.info/gnd/2004272-3,https://www.geonames.org/2950159
3402,13,Dresden,https://d-nb.info/gnd/37172-5,https://www.geonames.org/2935022
3402,4958,Freiberg,https://d-nb.info/gnd/4018266-6,https://www.geonames.org/2925192
3402,12,Jena,https://d-nb.info/gnd/4028557-1,https://www.geonames.org/2895044
3402,356,Rom,https://d-nb.info/gnd/4050471-2,https://www.geonames.org/3169070
3402,241,Weißenfels,https://d-nb.info/gnd/4065247-6,https://www.geonames.org/2811899
3403,15,Berlin,https://d-nb.info/gnd/2004272-3,https://www.geonames.org/2950159
3403,13,Dresden,https://d-nb.info/gnd/37172-5,https://www.geonames.org/2935022
3403,12,Jena,https://d-nb.info/gnd/4028557-1,https://www.geonames.org/2895044
3403,58,Weimar,https://d-nb.info/gnd/4065105-8,https://www.geonames.org/2812482
3404,13,Dresden,https://d-nb.info/gnd/37172-5,https://www.geonames.org/2935022
3404,14,Gotha,https://d-nb.info/gnd/4021652-4,https://www.geonames.org/2918752
3404,12,Jena,https://d-nb.info/gnd/4028557-1,https://www.geonames.org/2895044
3404,58,Weimar,https://d-nb.info/gnd/4065105-8,https://www.geonames.org/2812482
3405,15,Berlin,https://d-nb.info/gnd/2004272-3,https://www.geonames.org/2950159
3405,13,Dresden,https://d-nb.info/gnd/37172-5,https://www.geonames.org/2935022
3405,12,Jena,https://d-nb.info/gnd/4028557-1,https://www.geonames.org/2895044
3405,58,Weimar,https://d-nb.info/gnd/4065105-8,https://www.geonames.org/2812482
3406,15,Berlin,https://d-nb.info/gnd/2004272-3,https://www.geonames.org/2950159
3406,13,Dresden,https://d-nb.info/gnd/37172-5,https://www.geonames.org/2935022
3406,58,Weimar,https://d-nb.info/gnd/4065105-8,https://www.geonames.org/2812482
3407,15,Berlin,https://d-nb.info/gnd/2004272-3,https://www.geonames.org/2950159
3407,13,Dresden,https://d-nb.info/gnd/37172-5,https://www.geonames.org/2935022
3407,12,Jena,https://d-nb.info/gnd/4028557-1,https://www.geonames.org/2895044
3407,282,Teplitz,https://d-nb.info/gnd/4059481-6,https://www.geonames.org/3064288
3407,58,Weimar,https://d-nb.info/gnd/4065105-8,https://www.geonames.org/2812482
3408,13,Dresden,https://d-nb.info/gnd/37172-5,https://www.geonames.org/2935022
3409,15,Berlin,https://d-nb.info/gnd/2004272-3,https://www.geonames.org/2950159
3409,12,Jena,https://d-nb.info/gnd/4028557-1,https://www.geonames.org/2895044
3410,173,Hannover,https://d-nb.info/gnd/4023349-2,https://www.geonames.org/2910831
3410,12,Jena,https://d-nb.info/gnd/4028557-1,https://www.geonames.org/2895044
3411,12,Jena,https://d-nb.info/gnd/4028557-1,https://www.geonames.org/2895044
3411,356,Rom,https://d-nb.info/gnd/4050471-2,https://www.geonames.org/3169070
3412,12,Jena,https://d-nb.info/gnd/4028557-1,https://www.geonames.org/2895044
3413,12,Jena,https://d-nb.info/gnd/4028557-1,https://www.geonames.org/2895044
3414,15,Berlin,https://d-nb.info/gnd/2004272-3,https://www.geonames.org/2950159
3414,12,Jena,https://d-nb.info/gnd/4028557-1,https://www.geonames.org/2895044
3414,58,Weimar,https://d-nb.info/gnd/4065105-8,https://www.geonames.org/2812482
3415,12,Jena,https://d-nb.info/gnd/4028557-1,https://www.geonames.org/2895044
3416,15,Berlin,https://d-nb.info/gnd/2004272-3,https://www.geonames.org/2950159
3416,12,Jena,https://d-nb.info/gnd/4028557-1,https://www.geonames.org/2895044
3417,12,Jena,https://d-nb.info/gnd/4028557-1,https://www.geonames.org/2895044
3417,58,Weimar,https://d-nb.info/gnd/4065105-8,https://www.geonames.org/2812482
3418,12,Jena,https://d-nb.info/gnd/4028557-1,https://www.geonames.org/2895044
3419,12,Jena,https://d-nb.info/gnd/4028557-1,https://www.geonames.org/2895044
3419,58,Weimar,https://d-nb.info/gnd/4065105-8,https://www.geonames.org/2812482
3420,13,Dresden,https://d-nb.info/gnd/37172-5,https://www.geonames.org/2935022
3420,12,Jena,https://d-nb.info/gnd/4028557-1,https://www.geonames.org/2895044
3420,58,Weimar,https://d-nb.info/gnd/4065105-8,https://www.geonames.org/2812482
3421,12,Jena,https://d-nb.info/gnd/4028557-1,https://www.geonames.org/2895044
3421,22,Leipzig,https://d-nb.info/gnd/4035206-7,https://www.geonames.org/2879139
3422,15,Berlin,https://d-nb.info/gnd/2004272-3,https://www.geonames.org/2950159
3422,13,Dresden,https://d-nb.info/gnd/37172-5,https://www.geonames.org/2935022
3422,2,Göttingen,https://d-nb.info/gnd/4021477-1,https://www.geonames.org/2918632
3422,12,Jena,https://d-nb.info/gnd/4028557-1,https://www.geonames.org/2895044
3422,58,Weimar,https://d-nb.info/gnd/4065105-8,https://www.geonames.org/2812482
3423,15,Berlin,https://d-nb.info/gnd/2004272-3,https://www.geonames.org/2950159
3423,12,Jena,https://d-nb.info/gnd/4028557-1,https://www.geonames.org/2895044
3423,171,Paris,https://d-nb.info/gnd/4044660-8,https://www.geonames.org/2988507
3424,12,Jena,https://d-nb.info/gnd/4028557-1,https://www.geonames.org/2895044
3424,58,Weimar,https://d-nb.info/gnd/4065105-8,https://www.geonames.org/2812482
3425,12,Jena,https://d-nb.info/gnd/4028557-1,https://www.geonames.org/2895044
3426,12,Jena,https://d-nb.info/gnd/4028557-1,https://www.geonames.org/2895044
3426,58,Weimar,https://d-nb.info/gnd/4065105-8,https://www.geonames.org/2812482
3427,12,Jena,https://d-nb.info/gnd/4028557-1,https://www.geonames.org/2895044
3427,356,Rom,https://d-nb.info/gnd/4050471-2,https://www.geonames.org/3169070
3428,2,Göttingen,https://d-nb.info/gnd/4021477-1,https://www.geonames.org/2918632
3428,12,Jena,https://d-nb.info/gnd/4028557-1,https://www.geonames.org/2895044
3428,58,Weimar,https://d-nb.info/gnd/4065105-8,https://www.geonames.org/2812482
3429,12,Jena,https://d-nb.info/gnd/4028557-1,https://www.geonames.org/2895044
3429,58,Weimar,https://d-nb.info/gnd/4065105-8,https://www.geonames.org/2812482
3430,259,Bad Bocklet,https://d-nb.info/gnd/4087853-3,https://www.geonames.org/2953540
3430,236,Bamberg,https://d-nb.info/gnd/2005630-8,https://www.geonames.org/2952984
3430,2755,"Harburg, Elbe",https://d-nb.info/gnd/4094727-0,https://www.geonames.org/2910685
3430,12,Jena,https://d-nb.info/gnd/4028557-1,https://www.geonames.org/2895044
3430,22,Leipzig,https://d-nb.info/gnd/4035206-7,https://www.geonames.org/2879139
3430,411,Rudolstadt,https://d-nb.info/gnd/4105066-6,https://www.geonames.org/2843355
3430,8707,Saalfeld/Saale,https://d-nb.info/gnd/4051087-6,https://www.geonames.org/6551284
3430,58,Weimar,https://d-nb.info/gnd/4065105-8,https://www.geonames.org/2812482
3431,12,Jena,https://d-nb.info/gnd/4028557-1,https://www.geonames.org/2895044
3431,16,Wien,https://d-nb.info/gnd/4066009-6,
3432,236,Bamberg,https://d-nb.info/gnd/2005630-8,https://www.geonames.org/2952984
3432,378,Genua,https://d-nb.info/gnd/4020185-5,
3432,12,Jena,https://d-nb.info/gnd/4028557-1,https://www.geonames.org/2895044
3432,58,Weimar,https://d-nb.info/gnd/4065105-8,https://www.geonames.org/2812482
3433,12,Jena,https://d-nb.info/gnd/4028557-1,https://www.geonames.org/2895044
3433,58,Weimar,https://d-nb.info/gnd/4065105-8,https://www.geonames.org/2812482
3434,12,Jena,https://d-nb.info/gnd/4028557-1,https://www.geonames.org/2895044
3435,15,Berlin,https://d-nb.info/gnd/2004272-3,https://www.geonames.org/2950159
3435,2776,Giebichenstein,https://d-nb.info/gnd/5026901-X,https://www.geonames.org/2920649
3435,12,Jena,https://d-nb.info/gnd/4028557-1,https://www.geonames.org/2895044
3435,58,Weimar,https://d-nb.info/gnd/4065105-8,https://www.geonames.org/2812482
3436,12,Jena,https://d-nb.info/gnd/4028557-1,https://www.geonames.org/2895044
3437,259,Bad Bocklet,https://d-nb.info/gnd/4087853-3,https://www.geonames.org/2953540
3437,236,Bamberg,https://d-nb.info/gnd/2005630-8,https://www.geonames.org/2952984
3437,12,Jena,https://d-nb.info/gnd/4028557-1,https://www.geonames.org/2895044
3438,60,Braunschweig,https://d-nb.info/gnd/42808-5,https://www.geonames.org/2945024
3438,4330,Holle-Söder,https://d-nb.info/gnd/7536603-4,
3438,279,Neapel,https://d-nb.info/gnd/4041476-0,
3439,236,Bamberg,https://d-nb.info/gnd/2005630-8,https://www.geonames.org/2952984
3439,15,Berlin,https://d-nb.info/gnd/2004272-3,https://www.geonames.org/2950159
3439,60,Braunschweig,https://d-nb.info/gnd/42808-5,https://www.geonames.org/2945024
3439,12,Jena,https://d-nb.info/gnd/4028557-1,https://www.geonames.org/2895044
3439,3141,Magdeburg,https://d-nb.info/gnd/4036934-1,
3440,259,Bad Bocklet,https://d-nb.info/gnd/4087853-3,https://www.geonames.org/2953540
3440,15,Berlin,https://d-nb.info/gnd/2004272-3,https://www.geonames.org/2950159
3440,13,Dresden,https://d-nb.info/gnd/37172-5,https://www.geonames.org/2935022
3440,12,Jena,https://d-nb.info/gnd/4028557-1,https://www.geonames.org/2895044
3440,22,Leipzig,https://d-nb.info/gnd/4035206-7,https://www.geonames.org/2879139
3440,58,Weimar,https://d-nb.info/gnd/4065105-8,https://www.geonames.org/2812482
3441,15,Berlin,https://d-nb.info/gnd/2004272-3,https://www.geonames.org/2950159
3441,1018,Breslau,https://d-nb.info/gnd/2005949-8,https://www.geonames.org/3081368
3441,2,Göttingen,https://d-nb.info/gnd/4021477-1,https://www.geonames.org/2918632
3441,12,Jena,https://d-nb.info/gnd/4028557-1,https://www.geonames.org/2895044
3441,1517,Kassel,https://d-nb.info/gnd/4029869-3,
3441,58,Weimar,https://d-nb.info/gnd/4065105-8,https://www.geonames.org/2812482
3442,12,Jena,https://d-nb.info/gnd/4028557-1,https://www.geonames.org/2895044
3442,58,Weimar,https://d-nb.info/gnd/4065105-8,https://www.geonames.org/2812482
3443,8343,Dornburg/Saale,https://d-nb.info/gnd/4091159-7,https://www.geonames.org/2935741
3443,12,Jena,https://d-nb.info/gnd/4028557-1,https://www.geonames.org/2895044
3443,22,Leipzig,https://d-nb.info/gnd/4035206-7,https://www.geonames.org/2879139
3443,58,Weimar,https://d-nb.info/gnd/4065105-8,https://www.geonames.org/2812482
3444,15,Berlin,https://d-nb.info/gnd/2004272-3,https://www.geonames.org/2950159
3444,12,Jena,https://d-nb.info/gnd/4028557-1,https://www.geonames.org/2895044
3445,15,Berlin,https://d-nb.info/gnd/2004272-3,https://www.geonames.org/2950159
3445,58,Weimar,https://d-nb.info/gnd/4065105-8,https://www.geonames.org/2812482
3446,15,Berlin,https://d-nb.info/gnd/2004272-3,https://www.geonames.org/2950159
3446,2281,Dessau,https://d-nb.info/gnd/4011536-7,https://www.geonames.org/2937959
3446,13,Dresden,https://d-nb.info/gnd/37172-5,https://www.geonames.org/2935022
3446,12,Jena,https://d-nb.info/gnd/4028557-1,https://www.geonames.org/2895044
3446,540,Sankt Petersburg,https://d-nb.info/gnd/4267026-3,
3446,58,Weimar,https://d-nb.info/gnd/4065105-8,https://www.geonames.org/2812482
3446,16,Wien,https://d-nb.info/gnd/4066009-6,
3447,15,Berlin,https://d-nb.info/gnd/2004272-3,https://www.geonames.org/2950159
3448,15,Berlin,https://d-nb.info/gnd/2004272-3,https://www.geonames.org/2950159
3448,58,Weimar,https://d-nb.info/gnd/4065105-8,https://www.geonames.org/2812482
3449,15,Berlin,https://d-nb.info/gnd/2004272-3,https://www.geonames.org/2950159
3449,1018,Breslau,https://d-nb.info/gnd/2005949-8,https://www.geonames.org/3081368
3449,8773,Delphi,https://d-nb.info/gnd/4011390-5,
3449,13,Dresden,https://d-nb.info/gnd/37172-5,https://www.geonames.org/2935022
3449,327,Frankfurt am Main,https://d-nb.info/gnd/4018118-2,https://www.geonames.org/2925533
3449,58,Weimar,https://d-nb.info/gnd/4065105-8,https://www.geonames.org/2812482
3449,16,Wien,https://d-nb.info/gnd/4066009-6,
3450,15,Berlin,https://d-nb.info/gnd/2004272-3,https://www.geonames.org/2950159
3450,12,Jena,https://d-nb.info/gnd/4028557-1,https://www.geonames.org/2895044
3450,22,Leipzig,https://d-nb.info/gnd/4035206-7,https://www.geonames.org/2879139
3450,58,Weimar,https://d-nb.info/gnd/4065105-8,https://www.geonames.org/2812482
3451,15,Berlin,https://d-nb.info/gnd/2004272-3,https://www.geonames.org/2950159
3451,58,Weimar,https://d-nb.info/gnd/4065105-8,https://www.geonames.org/2812482
3452,15,Berlin,https://d-nb.info/gnd/2004272-3,https://www.geonames.org/2950159
3452,12,Jena,https://d-nb.info/gnd/4028557-1,https://www.geonames.org/2895044
3452,22,Leipzig,https://d-nb.info/gnd/4035206-7,https://www.geonames.org/2879139
3452,58,Weimar,https://d-nb.info/gnd/4065105-8,https://www.geonames.org/2812482
3453,15,Berlin,https://d-nb.info/gnd/2004272-3,https://www.geonames.org/2950159
3453,13,Dresden,https://d-nb.info/gnd/37172-5,https://www.geonames.org/2935022
3508,13,Dresden,https://d-nb.info/gnd/37172-5,https://www.geonames.org/2935022
3508,12,Jena,https://d-nb.info/gnd/4028557-1,https://www.geonames.org/2895044
3509,12,Jena,https://d-nb.info/gnd/4028557-1,https://www.geonames.org/2895044
3509,22,Leipzig,https://d-nb.info/gnd/4035206-7,https://www.geonames.org/2879139
3511,12,Jena,https://d-nb.info/gnd/4028557-1,https://www.geonames.org/2895044
3542,13,Dresden,https://d-nb.info/gnd/37172-5,https://www.geonames.org/2935022
3542,22,Leipzig,https://d-nb.info/gnd/4035206-7,https://www.geonames.org/2879139
3549,1378,Amsterdam,https://d-nb.info/gnd/4001783-7,https://www.geonames.org/2759794
3549,2,Göttingen,https://d-nb.info/gnd/4021477-1,https://www.geonames.org/2918632
3550,2,Göttingen,https://d-nb.info/gnd/4021477-1,https://www.geonames.org/2918632
3600,1378,Amsterdam,https://d-nb.info/gnd/4001783-7,https://www.geonames.org/2759794
3600,2,Göttingen,https://d-nb.info/gnd/4021477-1,https://www.geonames.org/2918632
3600,5705,Hofgeismar,https://d-nb.info/gnd/4025495-1,
3600,12,Jena,https://d-nb.info/gnd/4028557-1,https://www.geonames.org/2895044
3600,1738,Leiden,https://d-nb.info/gnd/4074118-7,
3600,22,Leipzig,https://d-nb.info/gnd/4035206-7,https://www.geonames.org/2879139
3618,15,Berlin,https://d-nb.info/gnd/2004272-3,https://www.geonames.org/2950159
3663,15,Berlin,https://d-nb.info/gnd/2004272-3,https://www.geonames.org/2950159
3692,6873,Kleve (Kreis Kleve),https://d-nb.info/gnd/4031156-9,
3692,1591,Koblenz,https://d-nb.info/gnd/4031410-8,
3692,172,Köln,https://d-nb.info/gnd/4031483-2,
3692,10148,Uerdingen,https://d-nb.info/gnd/4306321-4,https://www.geonames.org/2884509
3693,13,Dresden,https://d-nb.info/gnd/37172-5,https://www.geonames.org/2935022
3693,289,Florenz,https://d-nb.info/gnd/4017581-9,
3693,12,Jena,https://d-nb.info/gnd/4028557-1,https://www.geonames.org/2895044
3693,12296,Palazzo Barberini (Rom),https://d-nb.info/gnd/4287794-5,
3694,1378,Amsterdam,https://d-nb.info/gnd/4001783-7,https://www.geonames.org/2759794
3694,6873,Kleve (Kreis Kleve),https://d-nb.info/gnd/4031156-9,
3694,11926,Krefeld,https://d-nb.info/gnd/4032952-5,
3694,22,Leipzig,https://d-nb.info/gnd/4035206-7,https://www.geonames.org/2879139
3694,6510,Seeland (Niederlande),https://d-nb.info/gnd/4077307-3,
3694,10148,Uerdingen,https://d-nb.info/gnd/4306321-4,https://www.geonames.org/2884509
3694,12291,Zaandam,https://d-nb.info/gnd/4258495-4,
3695,1378,Amsterdam,https://d-nb.info/gnd/4001783-7,https://www.geonames.org/2759794
3695,15,Berlin,https://d-nb.info/gnd/2004272-3,https://www.geonames.org/2950159
3695,327,Frankfurt am Main,https://d-nb.info/gnd/4018118-2,https://www.geonames.org/2925533
3695,173,Hannover,https://d-nb.info/gnd/4023349-2,https://www.geonames.org/2910831
3695,22,Leipzig,https://d-nb.info/gnd/4035206-7,https://www.geonames.org/2879139
3695,356,Rom,https://d-nb.info/gnd/4050471-2,https://www.geonames.org/3169070
3695,10148,Uerdingen,https://d-nb.info/gnd/4306321-4,https://www.geonames.org/2884509
3724,1378,Amsterdam,https://d-nb.info/gnd/4001783-7,https://www.geonames.org/2759794
3724,60,Braunschweig,https://d-nb.info/gnd/42808-5,https://www.geonames.org/2945024
3724,2,Göttingen,https://d-nb.info/gnd/4021477-1,https://www.geonames.org/2918632
3724,229,Halle (Saale),https://d-nb.info/gnd/4023025-9,https://www.geonames.org/2911522
3724,12,Jena,https://d-nb.info/gnd/4028557-1,https://www.geonames.org/2895044
3724,22,Leipzig,https://d-nb.info/gnd/4035206-7,https://www.geonames.org/2879139
3728,8343,Dornburg/Saale,https://d-nb.info/gnd/4091159-7,https://www.geonames.org/2935741
3746,1378,Amsterdam,https://d-nb.info/gnd/4001783-7,https://www.geonames.org/2759794
3746,1738,Leiden,https://d-nb.info/gnd/4074118-7,
3747,1378,Amsterdam,https://d-nb.info/gnd/4001783-7,https://www.geonames.org/2759794
3747,5696,Goch,https://d-nb.info/gnd/4021402-3,
3747,6873,Kleve (Kreis Kleve),https://d-nb.info/gnd/4031156-9,
3747,1738,Leiden,https://d-nb.info/gnd/4074118-7,
3751,15,Berlin,https://d-nb.info/gnd/2004272-3,https://www.geonames.org/2950159
3751,4892,Burg Königstein (Königstein im Taunus),https://d-nb.info/gnd/1051036402,
3751,2,Göttingen,https://d-nb.info/gnd/4021477-1,https://www.geonames.org/2918632
3751,173,Hannover,https://d-nb.info/gnd/4023349-2,https://www.geonames.org/2910831
3751,897,Mainz,https://d-nb.info/gnd/2018680-0,https://www.geonames.org/2874225
3763,1378,Amsterdam,https://d-nb.info/gnd/4001783-7,https://www.geonames.org/2759794
3763,1873,Bad Pyrmont,https://d-nb.info/gnd/4047920-1,
3763,60,Braunschweig,https://d-nb.info/gnd/42808-5,https://www.geonames.org/2945024
3763,173,Hannover,https://d-nb.info/gnd/4023349-2,https://www.geonames.org/2910831
3764,1378,Amsterdam,https://d-nb.info/gnd/4001783-7,https://www.geonames.org/2759794
3764,60,Braunschweig,https://d-nb.info/gnd/42808-5,https://www.geonames.org/2945024
3764,173,Hannover,https://d-nb.info/gnd/4023349-2,https://www.geonames.org/2910831
3764,12,Jena,https://d-nb.info/gnd/4028557-1,https://www.geonames.org/2895044
3764,22,Leipzig,https://d-nb.info/gnd/4035206-7,https://www.geonames.org/2879139
3765,1378,Amsterdam,https://d-nb.info/gnd/4001783-7,https://www.geonames.org/2759794
3765,12,Jena,https://d-nb.info/gnd/4028557-1,https://www.geonames.org/2895044
3765,11778,"Vreeland (Loenen, Stichtse Vecht)",https://d-nb.info/gnd/4613436-0,
3766,1378,Amsterdam,https://d-nb.info/gnd/4001783-7,https://www.geonames.org/2759794
3766,13,Dresden,https://d-nb.info/gnd/37172-5,https://www.geonames.org/2935022
3766,12,Jena,https://d-nb.info/gnd/4028557-1,https://www.geonames.org/2895044
3767,1378,Amsterdam,https://d-nb.info/gnd/4001783-7,https://www.geonames.org/2759794
3767,5257,Hamstede/Haamstede,https://d-nb.info/gnd/7571874-1,
3767,173,Hannover,https://d-nb.info/gnd/4023349-2,https://www.geonames.org/2910831
3767,11939,Oosterduin (Haarlem),https://d-nb.info/gnd/4022687-6,
3768,1378,Amsterdam,https://d-nb.info/gnd/4001783-7,https://www.geonames.org/2759794
3768,60,Braunschweig,https://d-nb.info/gnd/42808-5,https://www.geonames.org/2945024
3768,11949,Nigtevecht,https://d-nb.info/gnd/4842581-3,
3768,8286,Wetzlar,https://d-nb.info/gnd/4065878-8,
3769,1378,Amsterdam,https://d-nb.info/gnd/4001783-7,https://www.geonames.org/2759794
3769,11966,Bloemendaal,https://d-nb.info/gnd/4253437-9,
3769,60,Braunschweig,https://d-nb.info/gnd/42808-5,https://www.geonames.org/2945024
3769,5144,Haarlem,https://d-nb.info/gnd/4022687-6,
3769,1738,Leiden,https://d-nb.info/gnd/4074118-7,
3769,11972,’s-Graveland,https://d-nb.info/gnd/16100627-9,
3770,1378,Amsterdam,https://d-nb.info/gnd/4001783-7,https://www.geonames.org/2759794
3770,60,Braunschweig,https://d-nb.info/gnd/42808-5,https://www.geonames.org/2945024
3770,1370,Stuttgart,https://d-nb.info/gnd/4058282-6,https://www.geonames.org/2825297
3771,1378,Amsterdam,https://d-nb.info/gnd/4001783-7,https://www.geonames.org/2759794
3771,173,Hannover,https://d-nb.info/gnd/4023349-2,https://www.geonames.org/2910831
3771,1738,Leiden,https://d-nb.info/gnd/4074118-7,
3771,171,Paris,https://d-nb.info/gnd/4044660-8,https://www.geonames.org/2988507
3772,1378,Amsterdam,https://d-nb.info/gnd/4001783-7,https://www.geonames.org/2759794
3772,2711,Den Haag,https://d-nb.info/gnd/4011446-6,
3772,12125,Den Helder,https://d-nb.info/gnd/4090681-4,
3772,12135,Drenthe,https://d-nb.info/gnd/4012993-7,
3772,13,Dresden,https://d-nb.info/gnd/37172-5,https://www.geonames.org/2935022
3772,12,Jena,https://d-nb.info/gnd/4028557-1,https://www.geonames.org/2895044
3772,1738,Leiden,https://d-nb.info/gnd/4074118-7,
3772,12136,"Oldenhave (Ruinen, Drenthe)",,
3772,12126,Texel,https://d-nb.info/gnd/4106202-4,
3773,12,Jena,https://d-nb.info/gnd/4028557-1,https://www.geonames.org/2895044
3773,1738,Leiden,https://d-nb.info/gnd/4074118-7,
3774,1378,Amsterdam,https://d-nb.info/gnd/4001783-7,https://www.geonames.org/2759794
3774,15,Berlin,https://d-nb.info/gnd/2004272-3,https://www.geonames.org/2950159
3774,60,Braunschweig,https://d-nb.info/gnd/42808-5,https://www.geonames.org/2945024
3774,2,Göttingen,https://d-nb.info/gnd/4021477-1,https://www.geonames.org/2918632
3774,12146,Groningen,https://d-nb.info/gnd/4094052-4,
3774,98,Hamburg,https://d-nb.info/gnd/4023118-5,https://www.geonames.org/2911298
3774,173,Hannover,https://d-nb.info/gnd/4023349-2,https://www.geonames.org/2910831
3774,12,Jena,https://d-nb.info/gnd/4028557-1,https://www.geonames.org/2895044
3774,22,Leipzig,https://d-nb.info/gnd/4035206-7,https://www.geonames.org/2879139
3774,5377,Utrecht,https://d-nb.info/gnd/4062222-8,
3775,15,Berlin,https://d-nb.info/gnd/2004272-3,https://www.geonames.org/2950159
3775,2281,Dessau,https://d-nb.info/gnd/4011536-7,https://www.geonames.org/2937959
3775,12,Jena,https://d-nb.info/gnd/4028557-1,https://www.geonames.org/2895044
3775,22,Leipzig,https://d-nb.info/gnd/4035206-7,https://www.geonames.org/2879139
3775,3141,Magdeburg,https://d-nb.info/gnd/4036934-1,
3775,2274,Zerbst/Anhalt,https://d-nb.info/gnd/4067663-8,
3776,15,Berlin,https://d-nb.info/gnd/2004272-3,https://www.geonames.org/2950159
3776,66,Danzig (Gdańsk),https://d-nb.info/gnd/15739-9,https://www.geonames.org/3099434
3776,13,Dresden,https://d-nb.info/gnd/37172-5,https://www.geonames.org/2935022
3776,12,Jena,https://d-nb.info/gnd/4028557-1,https://www.geonames.org/2895044
3776,1362,Königsberg,https://d-nb.info/gnd/4031541-1,https://www.geonames.org/554234
3776,22,Leipzig,https://d-nb.info/gnd/4035206-7,https://www.geonames.org/2879139
3776,2528,Riga,https://d-nb.info/gnd/4050042-1,https://www.geonames.org/456172
3776,540,Sankt Petersburg,https://d-nb.info/gnd/4267026-3,
3819,173,Hannover,https://d-nb.info/gnd/4023349-2,https://www.geonames.org/2910831
3820,60,Braunschweig,https://d-nb.info/gnd/42808-5,https://www.geonames.org/2945024
3820,13,Dresden,https://d-nb.info/gnd/37172-5,https://www.geonames.org/2935022
3820,6588,"Fürstenberg, Weser",https://d-nb.info/gnd/2062466-9,
3820,173,Hannover,https://d-nb.info/gnd/4023349-2,https://www.geonames.org/2910831
3820,2807,Moringen,https://d-nb.info/gnd/4040265-4,
3825,2,Göttingen,https://d-nb.info/gnd/4021477-1,https://www.geonames.org/2918632
3825,665,Kopenhagen,https://d-nb.info/gnd/4032399-7,
3826,13,Dresden,https://d-nb.info/gnd/37172-5,https://www.geonames.org/2935022
3826,173,Hannover,https://d-nb.info/gnd/4023349-2,https://www.geonames.org/2910831
3826,2755,"Harburg, Elbe",https://d-nb.info/gnd/4094727-0,https://www.geonames.org/2910685
3826,633,Karlsbad,https://d-nb.info/gnd/4029705-6,https://www.geonames.org/3073803
3826,22,Leipzig,https://d-nb.info/gnd/4035206-7,https://www.geonames.org/2879139
3826,2274,Zerbst/Anhalt,https://d-nb.info/gnd/4067663-8,
3827,1378,Amsterdam,https://d-nb.info/gnd/4001783-7,https://www.geonames.org/2759794
3827,15,Berlin,https://d-nb.info/gnd/2004272-3,https://www.geonames.org/2950159
3827,13,Dresden,https://d-nb.info/gnd/37172-5,https://www.geonames.org/2935022
3827,2,Göttingen,https://d-nb.info/gnd/4021477-1,https://www.geonames.org/2918632
3827,173,Hannover,https://d-nb.info/gnd/4023349-2,https://www.geonames.org/2910831
3827,2755,"Harburg, Elbe",https://d-nb.info/gnd/4094727-0,https://www.geonames.org/2910685
3827,633,Karlsbad,https://d-nb.info/gnd/4029705-6,https://www.geonames.org/3073803
3827,6510,Seeland (Niederlande),https://d-nb.info/gnd/4077307-3,
3827,2274,Zerbst/Anhalt,https://d-nb.info/gnd/4067663-8,
3828,1868,Altona,https://d-nb.info/gnd/2048384-3,https://www.geonames.org/2911296
3828,360,Bologna,https://d-nb.info/gnd/1001766-5,
3828,2755,"Harburg, Elbe",https://d-nb.info/gnd/4094727-0,https://www.geonames.org/2910685
3828,22,Leipzig,https://d-nb.info/gnd/4035206-7,https://www.geonames.org/2879139
3829,1378,Amsterdam,https://d-nb.info/gnd/4001783-7,https://www.geonames.org/2759794
3829,60,Braunschweig,https://d-nb.info/gnd/42808-5,https://www.geonames.org/2945024
3829,4250,Celle,https://d-nb.info/gnd/4009657-9,
3829,13,Dresden,https://d-nb.info/gnd/37172-5,https://www.geonames.org/2935022
3829,98,Hamburg,https://d-nb.info/gnd/4023118-5,https://www.geonames.org/2911298
3829,173,Hannover,https://d-nb.info/gnd/4023349-2,https://www.geonames.org/2910831
3829,2755,"Harburg, Elbe",https://d-nb.info/gnd/4094727-0,https://www.geonames.org/2910685
3829,5253,Hildesheim,https://d-nb.info/gnd/4024881-1,
3829,633,Karlsbad,https://d-nb.info/gnd/4029705-6,https://www.geonames.org/3073803
3829,22,Leipzig,https://d-nb.info/gnd/4035206-7,https://www.geonames.org/2879139
3829,171,Paris,https://d-nb.info/gnd/4044660-8,https://www.geonames.org/2988507
3829,2274,Zerbst/Anhalt,https://d-nb.info/gnd/4067663-8,
3830,2,Göttingen,https://d-nb.info/gnd/4021477-1,https://www.geonames.org/2918632
3830,173,Hannover,https://d-nb.info/gnd/4023349-2,https://www.geonames.org/2910831
3830,2755,"Harburg, Elbe",https://d-nb.info/gnd/4094727-0,https://www.geonames.org/2910685
3830,22,Leipzig,https://d-nb.info/gnd/4035206-7,https://www.geonames.org/2879139
3830,292,London,https://d-nb.info/gnd/4074335-4,
3831,60,Braunschweig,https://d-nb.info/gnd/42808-5,https://www.geonames.org/2945024
3831,98,Hamburg,https://d-nb.info/gnd/4023118-5,https://www.geonames.org/2911298
3831,173,Hannover,https://d-nb.info/gnd/4023349-2,https://www.geonames.org/2910831
3831,2755,"Harburg, Elbe",https://d-nb.info/gnd/4094727-0,https://www.geonames.org/2910685
3831,6524,Vierlande,https://d-nb.info/gnd/4063499-1,
3832,60,Braunschweig,https://d-nb.info/gnd/42808-5,https://www.geonames.org/2945024
3832,98,Hamburg,https://d-nb.info/gnd/4023118-5,https://www.geonames.org/2911298
3832,5257,Hamstede/Haamstede,https://d-nb.info/gnd/7571874-1,
3832,173,Hannover,https://d-nb.info/gnd/4023349-2,https://www.geonames.org/2910831
3832,2755,"Harburg, Elbe",https://d-nb.info/gnd/4094727-0,https://www.geonames.org/2910685
3832,5125,Lüneburg,https://d-nb.info/gnd/4036512-8,
3832,6524,Vierlande,https://d-nb.info/gnd/4063499-1,
3832,5255,"Wilhelmsburg, Elbe",https://d-nb.info/gnd/4659464-4,
3834,60,Braunschweig,https://d-nb.info/gnd/42808-5,https://www.geonames.org/2945024
3834,13,Dresden,https://d-nb.info/gnd/37172-5,https://www.geonames.org/2935022
3834,173,Hannover,https://d-nb.info/gnd/4023349-2,https://www.geonames.org/2910831
3834,2755,"Harburg, Elbe",https://d-nb.info/gnd/4094727-0,https://www.geonames.org/2910685
3834,292,London,https://d-nb.info/gnd/4074335-4,
3834,351,Nürnberg,https://d-nb.info/gnd/4042742-0,https://www.geonames.org/2861650
3834,2274,Zerbst/Anhalt,https://d-nb.info/gnd/4067663-8,
3834,6504,Zweibrücken,https://d-nb.info/gnd/4068199-3,
3835,60,Braunschweig,https://d-nb.info/gnd/42808-5,https://www.geonames.org/2945024
3835,173,Hannover,https://d-nb.info/gnd/4023349-2,https://www.geonames.org/2910831
3835,540,Sankt Petersburg,https://d-nb.info/gnd/4267026-3,
3836,173,Hannover,https://d-nb.info/gnd/4023349-2,https://www.geonames.org/2910831
3836,5258,"Roßbach (Naumburg, Saale)",https://d-nb.info/gnd/7732053-0,
3837,173,Hannover,https://d-nb.info/gnd/4023349-2,https://www.geonames.org/2910831
3837,2755,"Harburg, Elbe",https://d-nb.info/gnd/4094727-0,https://www.geonames.org/2910685
3837,22,Leipzig,https://d-nb.info/gnd/4035206-7,https://www.geonames.org/2879139
3838,1999,Bremen,https://d-nb.info/gnd/35746-7,https://www.geonames.org/2944388
3838,98,Hamburg,https://d-nb.info/gnd/4023118-5,https://www.geonames.org/2911298
3838,173,Hannover,https://d-nb.info/gnd/4023349-2,https://www.geonames.org/2910831
3839,173,Hannover,https://d-nb.info/gnd/4023349-2,https://www.geonames.org/2910831
3840,2,Göttingen,https://d-nb.info/gnd/4021477-1,https://www.geonames.org/2918632
3841,173,Hannover,https://d-nb.info/gnd/4023349-2,https://www.geonames.org/2910831
3842,60,Braunschweig,https://d-nb.info/gnd/42808-5,https://www.geonames.org/2945024
3842,173,Hannover,https://d-nb.info/gnd/4023349-2,https://www.geonames.org/2910831
3842,2807,Moringen,https://d-nb.info/gnd/4040265-4,
3843,60,Braunschweig,https://d-nb.info/gnd/42808-5,https://www.geonames.org/2945024
3843,173,Hannover,https://d-nb.info/gnd/4023349-2,https://www.geonames.org/2910831
3844,60,Braunschweig,https://d-nb.info/gnd/42808-5,https://www.geonames.org/2945024
3844,173,Hannover,https://d-nb.info/gnd/4023349-2,https://www.geonames.org/2910831
3845,15,Berlin,https://d-nb.info/gnd/2004272-3,https://www.geonames.org/2950159
3845,6588,"Fürstenberg, Weser",https://d-nb.info/gnd/2062466-9,
3845,14,Gotha,https://d-nb.info/gnd/4021652-4,https://www.geonames.org/2918752
3845,2,Göttingen,https://d-nb.info/gnd/4021477-1,https://www.geonames.org/2918632
3845,173,Hannover,https://d-nb.info/gnd/4023349-2,https://www.geonames.org/2910831
3846,60,Braunschweig,https://d-nb.info/gnd/42808-5,https://www.geonames.org/2945024
3846,2,Göttingen,https://d-nb.info/gnd/4021477-1,https://www.geonames.org/2918632
3846,173,Hannover,https://d-nb.info/gnd/4023349-2,https://www.geonames.org/2910831
3846,2755,"Harburg, Elbe",https://d-nb.info/gnd/4094727-0,https://www.geonames.org/2910685
3846,5280,Nienburg / Weser,https://d-nb.info/gnd/4042268-9,
3846,5238,Stolzenau,https://d-nb.info/gnd/4227295-6,
3847,60,Braunschweig,https://d-nb.info/gnd/42808-5,https://www.geonames.org/2945024
3847,13,Dresden,https://d-nb.info/gnd/37172-5,https://www.geonames.org/2935022
3847,173,Hannover,https://d-nb.info/gnd/4023349-2,https://www.geonames.org/2910831
3848,2,Göttingen,https://d-nb.info/gnd/4021477-1,https://www.geonames.org/2918632
3848,173,Hannover,https://d-nb.info/gnd/4023349-2,https://www.geonames.org/2910831
3848,12,Jena,https://d-nb.info/gnd/4028557-1,https://www.geonames.org/2895044
3848,2698,Marburg,https://d-nb.info/gnd/4037446-4,https://www.geonames.org/2873759
3850,2,Göttingen,https://d-nb.info/gnd/4021477-1,https://www.geonames.org/2918632
3850,98,Hamburg,https://d-nb.info/gnd/4023118-5,https://www.geonames.org/2911298
3850,173,Hannover,https://d-nb.info/gnd/4023349-2,https://www.geonames.org/2910831
3850,6684,Hoya,https://d-nb.info/gnd/4094988-6,
3850,1010,Prag,https://d-nb.info/gnd/4076310-9,
3850,5026,Rehburg,https://d-nb.info/gnd/4785341-4,
3855,1378,Amsterdam,https://d-nb.info/gnd/4001783-7,https://www.geonames.org/2759794
3855,2930,Coburg,https://d-nb.info/gnd/4010325-0,
3855,2711,Den Haag,https://d-nb.info/gnd/4011446-6,
3855,5144,Haarlem,https://d-nb.info/gnd/4022687-6,
3855,98,Hamburg,https://d-nb.info/gnd/4023118-5,https://www.geonames.org/2911298
3855,173,Hannover,https://d-nb.info/gnd/4023349-2,https://www.geonames.org/2910831
3855,2755,"Harburg, Elbe",https://d-nb.info/gnd/4094727-0,https://www.geonames.org/2910685
3856,1378,Amsterdam,https://d-nb.info/gnd/4001783-7,https://www.geonames.org/2759794
3856,5144,Haarlem,https://d-nb.info/gnd/4022687-6,
3856,2755,"Harburg, Elbe",https://d-nb.info/gnd/4094727-0,https://www.geonames.org/2910685
3856,6434,Landrecies,https://d-nb.info/gnd/4575413-5,
3857,2711,Den Haag,https://d-nb.info/gnd/4011446-6,
3857,2755,"Harburg, Elbe",https://d-nb.info/gnd/4094727-0,https://www.geonames.org/2910685
3857,171,Paris,https://d-nb.info/gnd/4044660-8,https://www.geonames.org/2988507
3858,1378,Amsterdam,https://d-nb.info/gnd/4001783-7,https://www.geonames.org/2759794
3858,6458,Bad Bentheim,https://d-nb.info/gnd/4005532-2,
3858,98,Hamburg,https://d-nb.info/gnd/4023118-5,https://www.geonames.org/2911298
3858,173,Hannover,https://d-nb.info/gnd/4023349-2,https://www.geonames.org/2910831
3858,2755,"Harburg, Elbe",https://d-nb.info/gnd/4094727-0,https://www.geonames.org/2910685
3858,5238,Stolzenau,https://d-nb.info/gnd/4227295-6,
3859,1378,Amsterdam,https://d-nb.info/gnd/4001783-7,https://www.geonames.org/2759794
3859,98,Hamburg,https://d-nb.info/gnd/4023118-5,https://www.geonames.org/2911298
3859,173,Hannover,https://d-nb.info/gnd/4023349-2,https://www.geonames.org/2910831
3859,2755,"Harburg, Elbe",https://d-nb.info/gnd/4094727-0,https://www.geonames.org/2910685
3859,6460,Rinteln,https://d-nb.info/gnd/4050107-3,https://www.geonames.org/2846523
3859,5238,Stolzenau,https://d-nb.info/gnd/4227295-6,
3860,60,Braunschweig,https://d-nb.info/gnd/42808-5,https://www.geonames.org/2945024
3860,2,Göttingen,https://d-nb.info/gnd/4021477-1,https://www.geonames.org/2918632
3860,173,Hannover,https://d-nb.info/gnd/4023349-2,https://www.geonames.org/2910831
3860,2755,"Harburg, Elbe",https://d-nb.info/gnd/4094727-0,https://www.geonames.org/2910685
3861,2,Göttingen,https://d-nb.info/gnd/4021477-1,https://www.geonames.org/2918632
3861,98,Hamburg,https://d-nb.info/gnd/4023118-5,https://www.geonames.org/2911298
3861,2755,"Harburg, Elbe",https://d-nb.info/gnd/4094727-0,https://www.geonames.org/2910685
3861,12,Jena,https://d-nb.info/gnd/4028557-1,https://www.geonames.org/2895044
3862,15,Berlin,https://d-nb.info/gnd/2004272-3,https://www.geonames.org/2950159
3862,2,Göttingen,https://d-nb.info/gnd/4021477-1,https://www.geonames.org/2918632
3862,173,Hannover,https://d-nb.info/gnd/4023349-2,https://www.geonames.org/2910831
3862,2755,"Harburg, Elbe",https://d-nb.info/gnd/4094727-0,https://www.geonames.org/2910685
3862,12,Jena,https://d-nb.info/gnd/4028557-1,https://www.geonames.org/2895044
3862,292,London,https://d-nb.info/gnd/4074335-4,
3863,15,Berlin,https://d-nb.info/gnd/2004272-3,https://www.geonames.org/2950159
3863,13,Dresden,https://d-nb.info/gnd/37172-5,https://www.geonames.org/2935022
3863,2,Göttingen,https://d-nb.info/gnd/4021477-1,https://www.geonames.org/2918632
3863,173,Hannover,https://d-nb.info/gnd/4023349-2,https://www.geonames.org/2910831
3863,4947,Hannover-Bothfeld,https://d-nb.info/gnd/4094705-1,
3863,2755,"Harburg, Elbe",https://d-nb.info/gnd/4094727-0,https://www.geonames.org/2910685
3863,4356,"Langenhagen (Hannover, Region)",https://d-nb.info/gnd/4099030-8,
3863,22,Leipzig,https://d-nb.info/gnd/4035206-7,https://www.geonames.org/2879139
3863,2807,Moringen,https://d-nb.info/gnd/4040265-4,
3961,60,Braunschweig,https://d-nb.info/gnd/42808-5,https://www.geonames.org/2945024
3962,60,Braunschweig,https://d-nb.info/gnd/42808-5,https://www.geonames.org/2945024
3963,60,Braunschweig,https://d-nb.info/gnd/42808-5,https://www.geonames.org/2945024
3970,2,Göttingen,https://d-nb.info/gnd/4021477-1,https://www.geonames.org/2918632
3970,10155,Schnepfenthal,https://d-nb.info/gnd/2113072-3,
4041,15,Berlin,https://d-nb.info/gnd/2004272-3,https://www.geonames.org/2950159
4041,12,Jena,https://d-nb.info/gnd/4028557-1,https://www.geonames.org/2895044
4043,2,Göttingen,https://d-nb.info/gnd/4021477-1,https://www.geonames.org/2918632
4043,173,Hannover,https://d-nb.info/gnd/4023349-2,https://www.geonames.org/2910831
4057,1378,Amsterdam,https://d-nb.info/gnd/4001783-7,https://www.geonames.org/2759794
4057,5144,Haarlem,https://d-nb.info/gnd/4022687-6,
4057,6510,Seeland (Niederlande),https://d-nb.info/gnd/4077307-3,
4143,13,Dresden,https://d-nb.info/gnd/37172-5,https://www.geonames.org/2935022
4143,8834,Oberlößnitz,https://d-nb.info/gnd/5127105-9,
4143,58,Weimar,https://d-nb.info/gnd/4065105-8,https://www.geonames.org/2812482
4159,2,Göttingen,https://d-nb.info/gnd/4021477-1,https://www.geonames.org/2918632
4159,98,Hamburg,https://d-nb.info/gnd/4023118-5,https://www.geonames.org/2911298
4159,173,Hannover,https://d-nb.info/gnd/4023349-2,https://www.geonames.org/2910831
4159,133,Kiel,https://d-nb.info/gnd/4030481-4,https://www.geonames.org/2891122
4159,22,Leipzig,https://d-nb.info/gnd/4035206-7,https://www.geonames.org/2879139
4159,11789,Lincolnʼs Inn Fields (London),https://d-nb.info/gnd/1054017239,
4159,292,London,https://d-nb.info/gnd/4074335-4,
4159,3530,Oxford,https://d-nb.info/gnd/4044234-2,
4160,11789,Lincolnʼs Inn Fields (London),https://d-nb.info/gnd/1054017239,
4160,292,London,https://d-nb.info/gnd/4074335-4,
4160,12838,Reading,https://d-nb.info/gnd/4116922-0,
4195,13,Dresden,https://d-nb.info/gnd/37172-5,https://www.geonames.org/2935022
4195,1524,Pillnitz,https://d-nb.info/gnd/4306696-3,https://www.geonames.org/2853707
4199,173,Hannover,https://d-nb.info/gnd/4023349-2,https://www.geonames.org/2910831
4200,13,Dresden,https://d-nb.info/gnd/37172-5,https://www.geonames.org/2935022
4200,12,Jena,https://d-nb.info/gnd/4028557-1,https://www.geonames.org/2895044
4200,1524,Pillnitz,https://d-nb.info/gnd/4306696-3,https://www.geonames.org/2853707
4222,1378,Amsterdam,https://d-nb.info/gnd/4001783-7,https://www.geonames.org/2759794
4222,6530,Emmerthal (Ohsen),https://d-nb.info/gnd/4014596-7,
4222,173,Hannover,https://d-nb.info/gnd/4023349-2,https://www.geonames.org/2910831
4222,9177,Hannover-Marienwerder,https://d-nb.info/gnd/2079136-7,
4223,6530,Emmerthal (Ohsen),https://d-nb.info/gnd/4014596-7,
4224,173,Hannover,https://d-nb.info/gnd/4023349-2,https://www.geonames.org/2910831
4225,12320,Döhren (Hannover),https://d-nb.info/gnd/7519789-3,
4225,173,Hannover,https://d-nb.info/gnd/4023349-2,https://www.geonames.org/2910831
4226,173,Hannover,https://d-nb.info/gnd/4023349-2,https://www.geonames.org/2910831
4227,2688,Einbeck,https://d-nb.info/gnd/4013821-5,
4227,173,Hannover,https://d-nb.info/gnd/4023349-2,https://www.geonames.org/2910831
4227,10305,Hardegsen,https://d-nb.info/gnd/4329620-8,
4227,5342,Northeim,https://d-nb.info/gnd/4042636-1,
4228,15,Berlin,https://d-nb.info/gnd/2004272-3,https://www.geonames.org/2950159
4228,6530,Emmerthal (Ohsen),https://d-nb.info/gnd/4014596-7,
4228,173,Hannover,https://d-nb.info/gnd/4023349-2,https://www.geonames.org/2910831
4228,5387,Loccum,https://d-nb.info/gnd/4036109-3,
4228,292,London,https://d-nb.info/gnd/4074335-4,
4229,2711,Den Haag,https://d-nb.info/gnd/4011446-6,
4229,6530,Emmerthal (Ohsen),https://d-nb.info/gnd/4014596-7,
4229,173,Hannover,https://d-nb.info/gnd/4023349-2,https://www.geonames.org/2910831
4229,2807,Moringen,https://d-nb.info/gnd/4040265-4,
4230,6530,Emmerthal (Ohsen),https://d-nb.info/gnd/4014596-7,
4230,173,Hannover,https://d-nb.info/gnd/4023349-2,https://www.geonames.org/2910831
4230,2807,Moringen,https://d-nb.info/gnd/4040265-4,
4230,5285,Pattensen,https://d-nb.info/gnd/4044928-2,
4231,2,Göttingen,https://d-nb.info/gnd/4021477-1,https://www.geonames.org/2918632
4231,173,Hannover,https://d-nb.info/gnd/4023349-2,https://www.geonames.org/2910831
4231,2807,Moringen,https://d-nb.info/gnd/4040265-4,
4232,60,Braunschweig,https://d-nb.info/gnd/42808-5,https://www.geonames.org/2945024
4232,173,Hannover,https://d-nb.info/gnd/4023349-2,https://www.geonames.org/2910831
4233,60,Braunschweig,https://d-nb.info/gnd/42808-5,https://www.geonames.org/2945024
4233,13,Dresden,https://d-nb.info/gnd/37172-5,https://www.geonames.org/2935022
4233,173,Hannover,https://d-nb.info/gnd/4023349-2,https://www.geonames.org/2910831
4233,2755,"Harburg, Elbe",https://d-nb.info/gnd/4094727-0,https://www.geonames.org/2910685
4233,633,Karlsbad,https://d-nb.info/gnd/4029705-6,https://www.geonames.org/3073803
4233,22,Leipzig,https://d-nb.info/gnd/4035206-7,https://www.geonames.org/2879139
4233,2274,Zerbst/Anhalt,https://d-nb.info/gnd/4067663-8,
4234,60,Braunschweig,https://d-nb.info/gnd/42808-5,https://www.geonames.org/2945024
4234,13,Dresden,https://d-nb.info/gnd/37172-5,https://www.geonames.org/2935022
4234,173,Hannover,https://d-nb.info/gnd/4023349-2,https://www.geonames.org/2910831
4234,633,Karlsbad,https://d-nb.info/gnd/4029705-6,https://www.geonames.org/3073803
4234,2274,Zerbst/Anhalt,https://d-nb.info/gnd/4067663-8,
4235,60,Braunschweig,https://d-nb.info/gnd/42808-5,https://www.geonames.org/2945024
4235,13,Dresden,https://d-nb.info/gnd/37172-5,https://www.geonames.org/2935022
4235,2,Göttingen,https://d-nb.info/gnd/4021477-1,https://www.geonames.org/2918632
4235,98,Hamburg,https://d-nb.info/gnd/4023118-5,https://www.geonames.org/2911298
4235,173,Hannover,https://d-nb.info/gnd/4023349-2,https://www.geonames.org/2910831
4235,4947,Hannover-Bothfeld,https://d-nb.info/gnd/4094705-1,
4235,2755,"Harburg, Elbe",https://d-nb.info/gnd/4094727-0,https://www.geonames.org/2910685
4235,2274,Zerbst/Anhalt,https://d-nb.info/gnd/4067663-8,
4236,2281,Dessau,https://d-nb.info/gnd/4011536-7,https://www.geonames.org/2937959
4236,2,Göttingen,https://d-nb.info/gnd/4021477-1,https://www.geonames.org/2918632
4236,173,Hannover,https://d-nb.info/gnd/4023349-2,https://www.geonames.org/2910831
4236,4947,Hannover-Bothfeld,https://d-nb.info/gnd/4094705-1,
4236,2755,"Harburg, Elbe",https://d-nb.info/gnd/4094727-0,https://www.geonames.org/2910685
4236,4467,Helmstedt,https://d-nb.info/gnd/4024344-8,
4236,22,Leipzig,https://d-nb.info/gnd/4035206-7,https://www.geonames.org/2879139
4236,3141,Magdeburg,https://d-nb.info/gnd/4036934-1,
4236,2274,Zerbst/Anhalt,https://d-nb.info/gnd/4067663-8,
4237,2,Göttingen,https://d-nb.info/gnd/4021477-1,https://www.geonames.org/2918632
4237,173,Hannover,https://d-nb.info/gnd/4023349-2,https://www.geonames.org/2910831
4237,9159,Kloster Loccum,https://d-nb.info/gnd/2086861-3,
4238,1378,Amsterdam,https://d-nb.info/gnd/4001783-7,https://www.geonames.org/2759794
4238,98,Hamburg,https://d-nb.info/gnd/4023118-5,https://www.geonames.org/2911298
4238,2755,"Harburg, Elbe",https://d-nb.info/gnd/4094727-0,https://www.geonames.org/2910685
4238,665,Kopenhagen,https://d-nb.info/gnd/4032399-7,
4239,1378,Amsterdam,https://d-nb.info/gnd/4001783-7,https://www.geonames.org/2759794
4239,15,Berlin,https://d-nb.info/gnd/2004272-3,https://www.geonames.org/2950159
4239,60,Braunschweig,https://d-nb.info/gnd/42808-5,https://www.geonames.org/2945024
4239,2711,Den Haag,https://d-nb.info/gnd/4011446-6,
4239,13,Dresden,https://d-nb.info/gnd/37172-5,https://www.geonames.org/2935022
4239,2,Göttingen,https://d-nb.info/gnd/4021477-1,https://www.geonames.org/2918632
4239,2755,"Harburg, Elbe",https://d-nb.info/gnd/4094727-0,https://www.geonames.org/2910685
4239,22,Leipzig,https://d-nb.info/gnd/4035206-7,https://www.geonames.org/2879139
4239,2718,Osnabrück,https://d-nb.info/gnd/4043974-4,
4239,4950,Peine,https://d-nb.info/gnd/4045022-3,
4239,2274,Zerbst/Anhalt,https://d-nb.info/gnd/4067663-8,
4240,4250,Celle,https://d-nb.info/gnd/4009657-9,
4240,2711,Den Haag,https://d-nb.info/gnd/4011446-6,
4240,13,Dresden,https://d-nb.info/gnd/37172-5,https://www.geonames.org/2935022
4240,2,Göttingen,https://d-nb.info/gnd/4021477-1,https://www.geonames.org/2918632
4240,2755,"Harburg, Elbe",https://d-nb.info/gnd/4094727-0,https://www.geonames.org/2910685
4240,897,Mainz,https://d-nb.info/gnd/2018680-0,https://www.geonames.org/2874225
4240,171,Paris,https://d-nb.info/gnd/4044660-8,https://www.geonames.org/2988507
4240,8997,Stade,https://d-nb.info/gnd/4056709-6,
4241,4250,Celle,https://d-nb.info/gnd/4009657-9,
4241,2699,Clausthal,https://d-nb.info/gnd/4070033-1,
4241,13,Dresden,https://d-nb.info/gnd/37172-5,https://www.geonames.org/2935022
4242,9030,Brunstein/Brunnstein (?),,
4242,13,Dresden,https://d-nb.info/gnd/37172-5,https://www.geonames.org/2935022
4242,173,Hannover,https://d-nb.info/gnd/4023349-2,https://www.geonames.org/2910831
4242,1524,Pillnitz,https://d-nb.info/gnd/4306696-3,https://www.geonames.org/2853707
4243,1378,Amsterdam,https://d-nb.info/gnd/4001783-7,https://www.geonames.org/2759794
4243,9030,Brunstein/Brunnstein (?),,
4243,2,Göttingen,https://d-nb.info/gnd/4021477-1,https://www.geonames.org/2918632
4243,98,Hamburg,https://d-nb.info/gnd/4023118-5,https://www.geonames.org/2911298
4243,2755,"Harburg, Elbe",https://d-nb.info/gnd/4094727-0,https://www.geonames.org/2910685
4243,6610,List (Landkreis Hannover),https://d-nb.info/gnd/4099706-6,
4243,1379,Lübeck,https://d-nb.info/gnd/4036483-5,https://www.geonames.org/2875601
4243,2718,Osnabrück,https://d-nb.info/gnd/4043974-4,
4244,15,Berlin,https://d-nb.info/gnd/2004272-3,https://www.geonames.org/2950159
4244,13,Dresden,https://d-nb.info/gnd/37172-5,https://www.geonames.org/2935022
4244,992,Düsseldorf,https://d-nb.info/gnd/2029588-1,
4244,2,Göttingen,https://d-nb.info/gnd/4021477-1,https://www.geonames.org/2918632
4245,1873,Bad Pyrmont,https://d-nb.info/gnd/4047920-1,
4245,13,Dresden,https://d-nb.info/gnd/37172-5,https://www.geonames.org/2935022
4245,9089,Georgenthal/Thür. Wald,https://d-nb.info/gnd/4092821-4,
4245,14,Gotha,https://d-nb.info/gnd/4021652-4,https://www.geonames.org/2918752
4245,173,Hannover,https://d-nb.info/gnd/4023349-2,https://www.geonames.org/2910831
4245,1524,Pillnitz,https://d-nb.info/gnd/4306696-3,https://www.geonames.org/2853707
4246,941,Bad Nenndorf,https://d-nb.info/gnd/4102446-1,
4246,1873,Bad Pyrmont,https://d-nb.info/gnd/4047920-1,
4246,15,Berlin,https://d-nb.info/gnd/2004272-3,https://www.geonames.org/2950159
4246,6530,Emmerthal (Ohsen),https://d-nb.info/gnd/4014596-7,
4246,173,Hannover,https://d-nb.info/gnd/4023349-2,https://www.geonames.org/2910831
4247,13,Dresden,https://d-nb.info/gnd/37172-5,https://www.geonames.org/2935022
4247,2,Göttingen,https://d-nb.info/gnd/4021477-1,https://www.geonames.org/2918632
4247,173,Hannover,https://d-nb.info/gnd/4023349-2,https://www.geonames.org/2910831
4247,2755,"Harburg, Elbe",https://d-nb.info/gnd/4094727-0,https://www.geonames.org/2910685
4247,1524,Pillnitz,https://d-nb.info/gnd/4306696-3,https://www.geonames.org/2853707
4247,16,Wien,https://d-nb.info/gnd/4066009-6,
4248,2699,Clausthal,https://d-nb.info/gnd/4070033-1,
4248,13,Dresden,https://d-nb.info/gnd/37172-5,https://www.geonames.org/2935022
4248,2,Göttingen,https://d-nb.info/gnd/4021477-1,https://www.geonames.org/2918632
4248,173,Hannover,https://d-nb.info/gnd/4023349-2,https://www.geonames.org/2910831
4248,2755,"Harburg, Elbe",https://d-nb.info/gnd/4094727-0,https://www.geonames.org/2910685
4248,1517,Kassel,https://d-nb.info/gnd/4029869-3,
4248,5342,Northeim,https://d-nb.info/gnd/4042636-1,
4248,2274,Zerbst/Anhalt,https://d-nb.info/gnd/4067663-8,
4249,15,Berlin,https://d-nb.info/gnd/2004272-3,https://www.geonames.org/2950159
4249,2281,Dessau,https://d-nb.info/gnd/4011536-7,https://www.geonames.org/2937959
4249,13,Dresden,https://d-nb.info/gnd/37172-5,https://www.geonames.org/2935022
4249,897,Mainz,https://d-nb.info/gnd/2018680-0,https://www.geonames.org/2874225
4249,356,Rom,https://d-nb.info/gnd/4050471-2,https://www.geonames.org/3169070
4250,98,Hamburg,https://d-nb.info/gnd/4023118-5,https://www.geonames.org/2911298
4250,2755,"Harburg, Elbe",https://d-nb.info/gnd/4094727-0,https://www.geonames.org/2910685
4250,366,Lyon,https://d-nb.info/gnd/4036770-8,
4251,1378,Amsterdam,https://d-nb.info/gnd/4001783-7,https://www.geonames.org/2759794
4251,60,Braunschweig,https://d-nb.info/gnd/42808-5,https://www.geonames.org/2945024
4251,13,Dresden,https://d-nb.info/gnd/37172-5,https://www.geonames.org/2935022
4251,5360,Ronnenberg,https://d-nb.info/gnd/4299958-3,
4252,15,Berlin,https://d-nb.info/gnd/2004272-3,https://www.geonames.org/2950159
4252,13,Dresden,https://d-nb.info/gnd/37172-5,https://www.geonames.org/2935022
4252,2755,"Harburg, Elbe",https://d-nb.info/gnd/4094727-0,https://www.geonames.org/2910685
4252,897,Mainz,https://d-nb.info/gnd/2018680-0,https://www.geonames.org/2874225
4252,5289,Meißen,https://d-nb.info/gnd/4038474-3,https://www.geonames.org/2872155
4252,356,Rom,https://d-nb.info/gnd/4050471-2,https://www.geonames.org/3169070
4253,1378,Amsterdam,https://d-nb.info/gnd/4001783-7,https://www.geonames.org/2759794
4253,1873,Bad Pyrmont,https://d-nb.info/gnd/4047920-1,
4253,9089,Georgenthal/Thür. Wald,https://d-nb.info/gnd/4092821-4,
4253,14,Gotha,https://d-nb.info/gnd/4021652-4,https://www.geonames.org/2918752
4253,98,Hamburg,https://d-nb.info/gnd/4023118-5,https://www.geonames.org/2911298
4253,173,Hannover,https://d-nb.info/gnd/4023349-2,https://www.geonames.org/2910831
4253,2718,Osnabrück,https://d-nb.info/gnd/4043974-4,
4254,13,Dresden,https://d-nb.info/gnd/37172-5,https://www.geonames.org/2935022
4254,2755,"Harburg, Elbe",https://d-nb.info/gnd/4094727-0,https://www.geonames.org/2910685
4254,1524,Pillnitz,https://d-nb.info/gnd/4306696-3,https://www.geonames.org/2853707
4255,1873,Bad Pyrmont,https://d-nb.info/gnd/4047920-1,
4255,15,Berlin,https://d-nb.info/gnd/2004272-3,https://www.geonames.org/2950159
4255,4250,Celle,https://d-nb.info/gnd/4009657-9,
4255,13,Dresden,https://d-nb.info/gnd/37172-5,https://www.geonames.org/2935022
4255,173,Hannover,https://d-nb.info/gnd/4023349-2,https://www.geonames.org/2910831
4255,2755,"Harburg, Elbe",https://d-nb.info/gnd/4094727-0,https://www.geonames.org/2910685
4255,6558,Lüchow (Wendland),https://d-nb.info/gnd/4036491-4,
4255,2718,Osnabrück,https://d-nb.info/gnd/4043974-4,
4255,356,Rom,https://d-nb.info/gnd/4050471-2,https://www.geonames.org/3169070
4255,16,Wien,https://d-nb.info/gnd/4066009-6,
4256,1873,Bad Pyrmont,https://d-nb.info/gnd/4047920-1,
4256,13,Dresden,https://d-nb.info/gnd/37172-5,https://www.geonames.org/2935022
4256,327,Frankfurt am Main,https://d-nb.info/gnd/4018118-2,https://www.geonames.org/2925533
4256,98,Hamburg,https://d-nb.info/gnd/4023118-5,https://www.geonames.org/2911298
4256,173,Hannover,https://d-nb.info/gnd/4023349-2,https://www.geonames.org/2910831
4256,2755,"Harburg, Elbe",https://d-nb.info/gnd/4094727-0,https://www.geonames.org/2910685
4256,2718,Osnabrück,https://d-nb.info/gnd/4043974-4,
4257,1378,Amsterdam,https://d-nb.info/gnd/4001783-7,https://www.geonames.org/2759794
4257,2,Göttingen,https://d-nb.info/gnd/4021477-1,https://www.geonames.org/2918632
4257,2755,"Harburg, Elbe",https://d-nb.info/gnd/4094727-0,https://www.geonames.org/2910685
4257,22,Leipzig,https://d-nb.info/gnd/4035206-7,https://www.geonames.org/2879139
4258,1873,Bad Pyrmont,https://d-nb.info/gnd/4047920-1,
4258,173,Hannover,https://d-nb.info/gnd/4023349-2,https://www.geonames.org/2910831
4258,9177,Hannover-Marienwerder,https://d-nb.info/gnd/2079136-7,
4258,9173,Herrenhausen (Hannover),https://d-nb.info/gnd/4072455-4,
4258,9178,Königliches Palais (Hannover),https://d-nb.info/gnd/4614155-8,
4258,9174,Linden (Hannover),https://d-nb.info/gnd/4099668-2,
4258,6610,List (Landkreis Hannover),https://d-nb.info/gnd/4099706-6,
4258,292,London,https://d-nb.info/gnd/4074335-4,
4258,6558,Lüchow (Wendland),https://d-nb.info/gnd/4036491-4,
4258,9176,Schloss Herrenhausen (Hannover),https://d-nb.info/gnd/4687325-9,
4258,9175,Schloss Monbrillant (Hannover),https://d-nb.info/gnd/1161444971,
4259,13,Dresden,https://d-nb.info/gnd/37172-5,https://www.geonames.org/2935022
4259,6530,Emmerthal (Ohsen),https://d-nb.info/gnd/4014596-7,
4260,1999,Bremen,https://d-nb.info/gnd/35746-7,https://www.geonames.org/2944388
4260,13,Dresden,https://d-nb.info/gnd/37172-5,https://www.geonames.org/2935022
4260,173,Hannover,https://d-nb.info/gnd/4023349-2,https://www.geonames.org/2910831
4260,292,London,https://d-nb.info/gnd/4074335-4,
4260,6558,Lüchow (Wendland),https://d-nb.info/gnd/4036491-4,
4261,1873,Bad Pyrmont,https://d-nb.info/gnd/4047920-1,
4262,2718,Osnabrück,https://d-nb.info/gnd/4043974-4,
4262,5285,Pattensen,https://d-nb.info/gnd/4044928-2,
4263,173,Hannover,https://d-nb.info/gnd/4023349-2,https://www.geonames.org/2910831
4263,22,Leipzig,https://d-nb.info/gnd/4035206-7,https://www.geonames.org/2879139
4263,2807,Moringen,https://d-nb.info/gnd/4040265-4,
4263,5342,Northeim,https://d-nb.info/gnd/4042636-1,
4263,12329,Wunstorf,https://d-nb.info/gnd/4067081-8,
4264,941,Bad Nenndorf,https://d-nb.info/gnd/4102446-1,
4264,1873,Bad Pyrmont,https://d-nb.info/gnd/4047920-1,
4264,5396,Bückeburg,https://d-nb.info/gnd/4008715-3,
4264,9091,Limmer (Hannover),https://d-nb.info/gnd/5024087-0,
4264,2807,Moringen,https://d-nb.info/gnd/4040265-4,
4264,5026,Rehburg,https://d-nb.info/gnd/4785341-4,
4265,12320,Döhren (Hannover),https://d-nb.info/gnd/7519789-3,
4265,13,Dresden,https://d-nb.info/gnd/37172-5,https://www.geonames.org/2935022
4265,6558,Lüchow (Wendland),https://d-nb.info/gnd/4036491-4,
4265,12360,Zellerfeld,https://d-nb.info/gnd/4079481-7,
4266,60,Braunschweig,https://d-nb.info/gnd/42808-5,https://www.geonames.org/2945024
4266,2688,Einbeck,https://d-nb.info/gnd/4013821-5,
4266,6530,Emmerthal (Ohsen),https://d-nb.info/gnd/4014596-7,
4266,2,Göttingen,https://d-nb.info/gnd/4021477-1,https://www.geonames.org/2918632
4266,173,Hannover,https://d-nb.info/gnd/4023349-2,https://www.geonames.org/2910831
4266,2807,Moringen,https://d-nb.info/gnd/4040265-4,
4267,226,Bern,https://d-nb.info/gnd/2004253-X,https://www.geonames.org/2661552
4267,13,Dresden,https://d-nb.info/gnd/37172-5,https://www.geonames.org/2935022
4267,12,Jena,https://d-nb.info/gnd/4028557-1,https://www.geonames.org/2895044
4267,5737,Muntelier,https://d-nb.info/gnd/4291043-2,
4267,341,Murten,https://d-nb.info/gnd/4075105-3,
4267,251,Schaffhausen,https://d-nb.info/gnd/4051993-4,https://www.geonames.org/2658761
4268,1378,Amsterdam,https://d-nb.info/gnd/4001783-7,https://www.geonames.org/2759794
4268,60,Braunschweig,https://d-nb.info/gnd/42808-5,https://www.geonames.org/2945024
4268,2711,Den Haag,https://d-nb.info/gnd/4011446-6,
4268,173,Hannover,https://d-nb.info/gnd/4023349-2,https://www.geonames.org/2910831
4268,1738,Leiden,https://d-nb.info/gnd/4074118-7,
4269,1378,Amsterdam,https://d-nb.info/gnd/4001783-7,https://www.geonames.org/2759794
4269,60,Braunschweig,https://d-nb.info/gnd/42808-5,https://www.geonames.org/2945024
4269,2729,Breda,https://d-nb.info/gnd/4234258-2,
4269,5257,Hamstede/Haamstede,https://d-nb.info/gnd/7571874-1,
4275,15,Berlin,https://d-nb.info/gnd/2004272-3,https://www.geonames.org/2950159
4275,173,Hannover,https://d-nb.info/gnd/4023349-2,https://www.geonames.org/2910831
4275,4330,Holle-Söder,https://d-nb.info/gnd/7536603-4,
4275,5896,Salzdahlum,https://d-nb.info/gnd/135729-3,
4276,6074,Jerusalem,https://d-nb.info/gnd/4028586-8,
4276,58,Weimar,https://d-nb.info/gnd/4065105-8,https://www.geonames.org/2812482
4277,66,Danzig (Gdańsk),https://d-nb.info/gnd/15739-9,https://www.geonames.org/3099434
4277,229,Halle (Saale),https://d-nb.info/gnd/4023025-9,https://www.geonames.org/2911522
4277,58,Weimar,https://d-nb.info/gnd/4065105-8,https://www.geonames.org/2812482
4279,2,Göttingen,https://d-nb.info/gnd/4021477-1,https://www.geonames.org/2918632
4279,229,Halle (Saale),https://d-nb.info/gnd/4023025-9,https://www.geonames.org/2911522
4279,98,Hamburg,https://d-nb.info/gnd/4023118-5,https://www.geonames.org/2911298
4279,12,Jena,https://d-nb.info/gnd/4028557-1,https://www.geonames.org/2895044
4279,58,Weimar,https://d-nb.info/gnd/4065105-8,https://www.geonames.org/2812482
4280,12,Jena,https://d-nb.info/gnd/4028557-1,https://www.geonames.org/2895044
4280,58,Weimar,https://d-nb.info/gnd/4065105-8,https://www.geonames.org/2812482
4282,58,Weimar,https://d-nb.info/gnd/4065105-8,https://www.geonames.org/2812482
4353,13,Dresden,https://d-nb.info/gnd/37172-5,https://www.geonames.org/2935022
4353,12,Jena,https://d-nb.info/gnd/4028557-1,https://www.geonames.org/2895044
4353,22,Leipzig,https://d-nb.info/gnd/4035206-7,https://www.geonames.org/2879139
4371,58,Weimar,https://d-nb.info/gnd/4065105-8,https://www.geonames.org/2812482
4375,1378,Amsterdam,https://d-nb.info/gnd/4001783-7,https://www.geonames.org/2759794
4375,60,Braunschweig,https://d-nb.info/gnd/42808-5,https://www.geonames.org/2945024
4375,173,Hannover,https://d-nb.info/gnd/4023349-2,https://www.geonames.org/2910831
4400,2,Göttingen,https://d-nb.info/gnd/4021477-1,https://www.geonames.org/2918632
4401,2,Göttingen,https://d-nb.info/gnd/4021477-1,https://www.geonames.org/2918632
4401,173,Hannover,https://d-nb.info/gnd/4023349-2,https://www.geonames.org/2910831
4418,15,Berlin,https://d-nb.info/gnd/2004272-3,https://www.geonames.org/2950159
4418,60,Braunschweig,https://d-nb.info/gnd/42808-5,https://www.geonames.org/2945024
4418,13,Dresden,https://d-nb.info/gnd/37172-5,https://www.geonames.org/2935022
4418,98,Hamburg,https://d-nb.info/gnd/4023118-5,https://www.geonames.org/2911298
4419,15,Berlin,https://d-nb.info/gnd/2004272-3,https://www.geonames.org/2950159
4419,12,Jena,https://d-nb.info/gnd/4028557-1,https://www.geonames.org/2895044
4420,15,Berlin,https://d-nb.info/gnd/2004272-3,https://www.geonames.org/2950159
4420,60,Braunschweig,https://d-nb.info/gnd/42808-5,https://www.geonames.org/2945024
4420,12,Jena,https://d-nb.info/gnd/4028557-1,https://www.geonames.org/2895044
4420,22,Leipzig,https://d-nb.info/gnd/4035206-7,https://www.geonames.org/2879139
4424,15,Berlin,https://d-nb.info/gnd/2004272-3,https://www.geonames.org/2950159
4424,13,Dresden,https://d-nb.info/gnd/37172-5,https://www.geonames.org/2935022
4424,12,Jena,https://d-nb.info/gnd/4028557-1,https://www.geonames.org/2895044
4452,15,Berlin,https://d-nb.info/gnd/2004272-3,https://www.geonames.org/2950159
4452,12,Jena,https://d-nb.info/gnd/4028557-1,https://www.geonames.org/2895044
4452,58,Weimar,https://d-nb.info/gnd/4065105-8,https://www.geonames.org/2812482
4770,13,Dresden,https://d-nb.info/gnd/37172-5,https://www.geonames.org/2935022
4770,22,Leipzig,https://d-nb.info/gnd/4035206-7,https://www.geonames.org/2879139
4773,15,Berlin,https://d-nb.info/gnd/2004272-3,https://www.geonames.org/2950159
4773,13,Dresden,https://d-nb.info/gnd/37172-5,https://www.geonames.org/2935022
4773,4958,Freiberg,https://d-nb.info/gnd/4018266-6,https://www.geonames.org/2925192
4773,12,Jena,https://d-nb.info/gnd/4028557-1,https://www.geonames.org/2895044
4773,241,Weißenfels,https://d-nb.info/gnd/4065247-6,https://www.geonames.org/2811899
4774,4958,Freiberg,https://d-nb.info/gnd/4018266-6,https://www.geonames.org/2925192
4774,5289,Meißen,https://d-nb.info/gnd/4038474-3,https://www.geonames.org/2872155
4774,171,Paris,https://d-nb.info/gnd/4044660-8,https://www.geonames.org/2988507
4774,10074,Schloss Siebeneichen (Meißen),https://d-nb.info/gnd/1147408807,
4775,13,Dresden,https://d-nb.info/gnd/37172-5,https://www.geonames.org/2935022
4775,4958,Freiberg,https://d-nb.info/gnd/4018266-6,https://www.geonames.org/2925192
4776,15,Berlin,https://d-nb.info/gnd/2004272-3,https://www.geonames.org/2950159
4776,13,Dresden,https://d-nb.info/gnd/37172-5,https://www.geonames.org/2935022
4776,4958,Freiberg,https://d-nb.info/gnd/4018266-6,https://www.geonames.org/2925192
4778,15,Berlin,https://d-nb.info/gnd/2004272-3,https://www.geonames.org/2950159
4778,13,Dresden,https://d-nb.info/gnd/37172-5,https://www.geonames.org/2935022
4778,12,Jena,https://d-nb.info/gnd/4028557-1,https://www.geonames.org/2895044
4779,15,Berlin,https://d-nb.info/gnd/2004272-3,https://www.geonames.org/2950159
4779,12,Jena,https://d-nb.info/gnd/4028557-1,https://www.geonames.org/2895044
4779,241,Weißenfels,https://d-nb.info/gnd/4065247-6,https://www.geonames.org/2811899
4786,60,Braunschweig,https://d-nb.info/gnd/42808-5,https://www.geonames.org/2945024
4786,3141,Magdeburg,https://d-nb.info/gnd/4036934-1,
4824,15,Berlin,https://d-nb.info/gnd/2004272-3,https://www.geonames.org/2950159
4824,13,Dresden,https://d-nb.info/gnd/37172-5,https://www.geonames.org/2935022
4824,2776,Giebichenstein,https://d-nb.info/gnd/5026901-X,https://www.geonames.org/2920649
4824,58,Weimar,https://d-nb.info/gnd/4065105-8,https://www.geonames.org/2812482
4826,15,Berlin,https://d-nb.info/gnd/2004272-3,https://www.geonames.org/2950159
4827,15,Berlin,https://d-nb.info/gnd/2004272-3,https://www.geonames.org/2950159
4827,13,Dresden,https://d-nb.info/gnd/37172-5,https://www.geonames.org/2935022
4828,15,Berlin,https://d-nb.info/gnd/2004272-3,https://www.geonames.org/2950159
4829,15,Berlin,https://d-nb.info/gnd/2004272-3,https://www.geonames.org/2950159
4835,15,Berlin,https://d-nb.info/gnd/2004272-3,https://www.geonames.org/2950159
4835,10120,Burgörner (Hettstedt),https://d-nb.info/gnd/4095192-3,
4835,1633,Erfurt,https://d-nb.info/gnd/4015240-6,https://www.geonames.org/2929670
4835,897,Mainz,https://d-nb.info/gnd/2018680-0,https://www.geonames.org/2874225
4866,173,Hannover,https://d-nb.info/gnd/4023349-2,https://www.geonames.org/2910831
4866,633,Karlsbad,https://d-nb.info/gnd/4029705-6,https://www.geonames.org/3073803
4867,15,Berlin,https://d-nb.info/gnd/2004272-3,https://www.geonames.org/2950159
4867,13,Dresden,https://d-nb.info/gnd/37172-5,https://www.geonames.org/2935022
4867,12,Jena,https://d-nb.info/gnd/4028557-1,https://www.geonames.org/2895044
4867,22,Leipzig,https://d-nb.info/gnd/4035206-7,https://www.geonames.org/2879139
4868,15,Berlin,https://d-nb.info/gnd/2004272-3,https://www.geonames.org/2950159
4868,13,Dresden,https://d-nb.info/gnd/37172-5,https://www.geonames.org/2935022
4868,12,Jena,https://d-nb.info/gnd/4028557-1,https://www.geonames.org/2895044
4869,12,Jena,https://d-nb.info/gnd/4028557-1,https://www.geonames.org/2895044
4869,22,Leipzig,https://d-nb.info/gnd/4035206-7,https://www.geonames.org/2879139
4869,58,Weimar,https://d-nb.info/gnd/4065105-8,https://www.geonames.org/2812482
4873,60,Braunschweig,https://d-nb.info/gnd/42808-5,https://www.geonames.org/2945024
4873,2281,Dessau,https://d-nb.info/gnd/4011536-7,https://www.geonames.org/2937959
4873,12,Jena,https://d-nb.info/gnd/4028557-1,https://www.geonames.org/2895044
4873,58,Weimar,https://d-nb.info/gnd/4065105-8,https://www.geonames.org/2812482
4878,15,Berlin,https://d-nb.info/gnd/2004272-3,https://www.geonames.org/2950159
4878,5899,Dyrotz,https://d-nb.info/gnd/5107779-6,
4878,219,Nennhausen,https://d-nb.info/gnd/4393249-6,https://www.geonames.org/2866523
4879,15,Berlin,https://d-nb.info/gnd/2004272-3,https://www.geonames.org/2950159
4879,219,Nennhausen,https://d-nb.info/gnd/4393249-6,https://www.geonames.org/2866523
4880,15,Berlin,https://d-nb.info/gnd/2004272-3,https://www.geonames.org/2950159
4880,219,Nennhausen,https://d-nb.info/gnd/4393249-6,https://www.geonames.org/2866523
4882,15,Berlin,https://d-nb.info/gnd/2004272-3,https://www.geonames.org/2950159
4882,219,Nennhausen,https://d-nb.info/gnd/4393249-6,https://www.geonames.org/2866523
4882,171,Paris,https://d-nb.info/gnd/4044660-8,https://www.geonames.org/2988507
4896,22,Leipzig,https://d-nb.info/gnd/4035206-7,https://www.geonames.org/2879139
4896,16,Wien,https://d-nb.info/gnd/4066009-6,
5029,13,Dresden,https://d-nb.info/gnd/37172-5,https://www.geonames.org/2935022
5030,15,Berlin,https://d-nb.info/gnd/2004272-3,https://www.geonames.org/2950159
5030,13,Dresden,https://d-nb.info/gnd/37172-5,https://www.geonames.org/2935022
5030,12,Jena,https://d-nb.info/gnd/4028557-1,https://www.geonames.org/2895044
5031,15,Berlin,https://d-nb.info/gnd/2004272-3,https://www.geonames.org/2950159
5032,15,Berlin,https://d-nb.info/gnd/2004272-3,https://www.geonames.org/2950159
5032,2091,Eutin,https://d-nb.info/gnd/4015796-9,https://www.geonames.org/2928381
5032,12,Jena,https://d-nb.info/gnd/4028557-1,https://www.geonames.org/2895044
5033,15,Berlin,https://d-nb.info/gnd/2004272-3,https://www.geonames.org/2950159
5033,2700,Goslar,https://d-nb.info/gnd/4021643-3,
5033,2,Göttingen,https://d-nb.info/gnd/4021477-1,https://www.geonames.org/2918632
5033,98,Hamburg,https://d-nb.info/gnd/4023118-5,https://www.geonames.org/2911298
5033,173,Hannover,https://d-nb.info/gnd/4023349-2,https://www.geonames.org/2910831
5033,12,Jena,https://d-nb.info/gnd/4028557-1,https://www.geonames.org/2895044
5033,5125,Lüneburg,https://d-nb.info/gnd/4036512-8,
5033,58,Weimar,https://d-nb.info/gnd/4065105-8,https://www.geonames.org/2812482
5034,15,Berlin,https://d-nb.info/gnd/2004272-3,https://www.geonames.org/2950159
5034,98,Hamburg,https://d-nb.info/gnd/4023118-5,https://www.geonames.org/2911298
5034,12,Jena,https://d-nb.info/gnd/4028557-1,https://www.geonames.org/2895044
5034,292,London,https://d-nb.info/gnd/4074335-4,
5035,15,Berlin,https://d-nb.info/gnd/2004272-3,https://www.geonames.org/2950159
5035,98,Hamburg,https://d-nb.info/gnd/4023118-5,https://www.geonames.org/2911298
5035,12,Jena,https://d-nb.info/gnd/4028557-1,https://www.geonames.org/2895044
5271,14,Gotha,https://d-nb.info/gnd/4021652-4,https://www.geonames.org/2918752
5374,5731,Bílina (Bilin),https://d-nb.info/gnd/4307550-2,
5374,13,Dresden,https://d-nb.info/gnd/37172-5,https://www.geonames.org/2935022
5374,5417,"Steinau, Oder",https://d-nb.info/gnd/2084741-5,
5375,1018,Breslau,https://d-nb.info/gnd/2005949-8,https://www.geonames.org/3081368
5375,5417,"Steinau, Oder",https://d-nb.info/gnd/2084741-5,
5395,1378,Amsterdam,https://d-nb.info/gnd/4001783-7,https://www.geonames.org/2759794
5395,2711,Den Haag,https://d-nb.info/gnd/4011446-6,
5395,12146,Groningen,https://d-nb.info/gnd/4094052-4,
5395,173,Hannover,https://d-nb.info/gnd/4023349-2,https://www.geonames.org/2910831
5395,1738,Leiden,https://d-nb.info/gnd/4074118-7,
5485,1378,Amsterdam,https://d-nb.info/gnd/4001783-7,https://www.geonames.org/2759794
5485,2,Göttingen,https://d-nb.info/gnd/4021477-1,https://www.geonames.org/2918632
5502,22,Leipzig,https://d-nb.info/gnd/4035206-7,https://www.geonames.org/2879139
5503,12,Jena,https://d-nb.info/gnd/4028557-1,https://www.geonames.org/2895044
5503,22,Leipzig,https://d-nb.info/gnd/4035206-7,https://www.geonames.org/2879139
5504,12,Jena,https://d-nb.info/gnd/4028557-1,https://www.geonames.org/2895044
5504,22,Leipzig,https://d-nb.info/gnd/4035206-7,https://www.geonames.org/2879139
5634,1378,Amsterdam,https://d-nb.info/gnd/4001783-7,https://www.geonames.org/2759794
5634,173,Hannover,https://d-nb.info/gnd/4023349-2,https://www.geonames.org/2910831
5634,22,Leipzig,https://d-nb.info/gnd/4035206-7,https://www.geonames.org/2879139
5634,6610,List (Landkreis Hannover),https://d-nb.info/gnd/4099706-6,
5635,60,Braunschweig,https://d-nb.info/gnd/42808-5,https://www.geonames.org/2945024
5635,2755,"Harburg, Elbe",https://d-nb.info/gnd/4094727-0,https://www.geonames.org/2910685
5635,22,Leipzig,https://d-nb.info/gnd/4035206-7,https://www.geonames.org/2879139
5636,1873,Bad Pyrmont,https://d-nb.info/gnd/4047920-1,
5636,60,Braunschweig,https://d-nb.info/gnd/42808-5,https://www.geonames.org/2945024
5636,13,Dresden,https://d-nb.info/gnd/37172-5,https://www.geonames.org/2935022
5636,9177,Hannover-Marienwerder,https://d-nb.info/gnd/2079136-7,
5636,2755,"Harburg, Elbe",https://d-nb.info/gnd/4094727-0,https://www.geonames.org/2910685
5636,2718,Osnabrück,https://d-nb.info/gnd/4043974-4,
5636,1524,Pillnitz,https://d-nb.info/gnd/4306696-3,https://www.geonames.org/2853707
5636,356,Rom,https://d-nb.info/gnd/4050471-2,https://www.geonames.org/3169070
5637,15,Berlin,https://d-nb.info/gnd/2004272-3,https://www.geonames.org/2950159
5637,2,Göttingen,https://d-nb.info/gnd/4021477-1,https://www.geonames.org/2918632
5637,173,Hannover,https://d-nb.info/gnd/4023349-2,https://www.geonames.org/2910831
5637,16,Wien,https://d-nb.info/gnd/4066009-6,
5638,1378,Amsterdam,https://d-nb.info/gnd/4001783-7,https://www.geonames.org/2759794
5638,1873,Bad Pyrmont,https://d-nb.info/gnd/4047920-1,
5638,60,Braunschweig,https://d-nb.info/gnd/42808-5,https://www.geonames.org/2945024
5638,4250,Celle,https://d-nb.info/gnd/4009657-9,
5638,2,Göttingen,https://d-nb.info/gnd/4021477-1,https://www.geonames.org/2918632
5638,173,Hannover,https://d-nb.info/gnd/4023349-2,https://www.geonames.org/2910831
5638,2755,"Harburg, Elbe",https://d-nb.info/gnd/4094727-0,https://www.geonames.org/2910685
5638,22,Leipzig,https://d-nb.info/gnd/4035206-7,https://www.geonames.org/2879139
5638,356,Rom,https://d-nb.info/gnd/4050471-2,https://www.geonames.org/3169070
5639,13,Dresden,https://d-nb.info/gnd/37172-5,https://www.geonames.org/2935022
5640,13,Dresden,https://d-nb.info/gnd/37172-5,https://www.geonames.org/2935022
5640,2,Göttingen,https://d-nb.info/gnd/4021477-1,https://www.geonames.org/2918632
5641,60,Braunschweig,https://d-nb.info/gnd/42808-5,https://www.geonames.org/2945024
5641,13,Dresden,https://d-nb.info/gnd/37172-5,https://www.geonames.org/2935022
5641,2,Göttingen,https://d-nb.info/gnd/4021477-1,https://www.geonames.org/2918632
5641,5322,Nordhausen,https://d-nb.info/gnd/4042532-0,
5643,1378,Amsterdam,https://d-nb.info/gnd/4001783-7,https://www.geonames.org/2759794
5643,4250,Celle,https://d-nb.info/gnd/4009657-9,
5643,13,Dresden,https://d-nb.info/gnd/37172-5,https://www.geonames.org/2935022
5643,2,Göttingen,https://d-nb.info/gnd/4021477-1,https://www.geonames.org/2918632
5643,2755,"Harburg, Elbe",https://d-nb.info/gnd/4094727-0,https://www.geonames.org/2910685
5644,2,Göttingen,https://d-nb.info/gnd/4021477-1,https://www.geonames.org/2918632
5645,13,Dresden,https://d-nb.info/gnd/37172-5,https://www.geonames.org/2935022
5645,173,Hannover,https://d-nb.info/gnd/4023349-2,https://www.geonames.org/2910831
5645,2755,"Harburg, Elbe",https://d-nb.info/gnd/4094727-0,https://www.geonames.org/2910685
5647,13,Dresden,https://d-nb.info/gnd/37172-5,https://www.geonames.org/2935022
5647,173,Hannover,https://d-nb.info/gnd/4023349-2,https://www.geonames.org/2910831
5647,2755,"Harburg, Elbe",https://d-nb.info/gnd/4094727-0,https://www.geonames.org/2910685
5648,5268,Dünkirchen,https://d-nb.info/gnd/4013217-1,
5648,2,Göttingen,https://d-nb.info/gnd/4021477-1,https://www.geonames.org/2918632
5648,6558,Lüchow (Wendland),https://d-nb.info/gnd/4036491-4,
5649,6558,Lüchow (Wendland),https://d-nb.info/gnd/4036491-4,
5650,12320,Döhren (Hannover),https://d-nb.info/gnd/7519789-3,
5650,13,Dresden,https://d-nb.info/gnd/37172-5,https://www.geonames.org/2935022
5650,98,Hamburg,https://d-nb.info/gnd/4023118-5,https://www.geonames.org/2911298
5650,173,Hannover,https://d-nb.info/gnd/4023349-2,https://www.geonames.org/2910831
5650,2755,"Harburg, Elbe",https://d-nb.info/gnd/4094727-0,https://www.geonames.org/2910685
5650,6558,Lüchow (Wendland),https://d-nb.info/gnd/4036491-4,
5650,12360,Zellerfeld,https://d-nb.info/gnd/4079481-7,
5651,1378,Amsterdam,https://d-nb.info/gnd/4001783-7,https://www.geonames.org/2759794
5651,60,Braunschweig,https://d-nb.info/gnd/42808-5,https://www.geonames.org/2945024
5651,12320,Döhren (Hannover),https://d-nb.info/gnd/7519789-3,
5651,13,Dresden,https://d-nb.info/gnd/37172-5,https://www.geonames.org/2935022
5651,22,Leipzig,https://d-nb.info/gnd/4035206-7,https://www.geonames.org/2879139
5652,13,Dresden,https://d-nb.info/gnd/37172-5,https://www.geonames.org/2935022
5652,2,Göttingen,https://d-nb.info/gnd/4021477-1,https://www.geonames.org/2918632
5652,3459,Ilfeld,https://d-nb.info/gnd/4026542-0,
5652,5125,Lüneburg,https://d-nb.info/gnd/4036512-8,
5655,173,Hannover,https://d-nb.info/gnd/4023349-2,https://www.geonames.org/2910831
5655,2807,Moringen,https://d-nb.info/gnd/4040265-4,
5656,2,Göttingen,https://d-nb.info/gnd/4021477-1,https://www.geonames.org/2918632
5656,2755,"Harburg, Elbe",https://d-nb.info/gnd/4094727-0,https://www.geonames.org/2910685
5656,2718,Osnabrück,https://d-nb.info/gnd/4043974-4,
5657,13,Dresden,https://d-nb.info/gnd/37172-5,https://www.geonames.org/2935022
5657,14,Gotha,https://d-nb.info/gnd/4021652-4,https://www.geonames.org/2918752
5657,2,Göttingen,https://d-nb.info/gnd/4021477-1,https://www.geonames.org/2918632
5657,1517,Kassel,https://d-nb.info/gnd/4029869-3,
5657,2807,Moringen,https://d-nb.info/gnd/4040265-4,
5657,58,Weimar,https://d-nb.info/gnd/4065105-8,https://www.geonames.org/2812482
5657,2274,Zerbst/Anhalt,https://d-nb.info/gnd/4067663-8,
5658,60,Braunschweig,https://d-nb.info/gnd/42808-5,https://www.geonames.org/2945024
5658,13,Dresden,https://d-nb.info/gnd/37172-5,https://www.geonames.org/2935022
5658,14,Gotha,https://d-nb.info/gnd/4021652-4,https://www.geonames.org/2918752
5658,2,Göttingen,https://d-nb.info/gnd/4021477-1,https://www.geonames.org/2918632
5658,22,Leipzig,https://d-nb.info/gnd/4035206-7,https://www.geonames.org/2879139
5658,292,London,https://d-nb.info/gnd/4074335-4,
5658,2807,Moringen,https://d-nb.info/gnd/4040265-4,
5658,58,Weimar,https://d-nb.info/gnd/4065105-8,https://www.geonames.org/2812482
5658,2274,Zerbst/Anhalt,https://d-nb.info/gnd/4067663-8,
5659,173,Hannover,https://d-nb.info/gnd/4023349-2,https://www.geonames.org/2910831
5659,2807,Moringen,https://d-nb.info/gnd/4040265-4,
5659,5285,Pattensen,https://d-nb.info/gnd/4044928-2,
5660,173,Hannover,https://d-nb.info/gnd/4023349-2,https://www.geonames.org/2910831
5660,2755,"Harburg, Elbe",https://d-nb.info/gnd/4094727-0,https://www.geonames.org/2910685
5660,22,Leipzig,https://d-nb.info/gnd/4035206-7,https://www.geonames.org/2879139
5660,292,London,https://d-nb.info/gnd/4074335-4,
5660,2807,Moringen,https://d-nb.info/gnd/4040265-4,
5661,173,Hannover,https://d-nb.info/gnd/4023349-2,https://www.geonames.org/2910831
5661,5280,Nienburg / Weser,https://d-nb.info/gnd/4042268-9,
5665,60,Braunschweig,https://d-nb.info/gnd/42808-5,https://www.geonames.org/2945024
5666,60,Braunschweig,https://d-nb.info/gnd/42808-5,https://www.geonames.org/2945024
5666,13,Dresden,https://d-nb.info/gnd/37172-5,https://www.geonames.org/2935022
5666,5238,Stolzenau,https://d-nb.info/gnd/4227295-6,
5668,60,Braunschweig,https://d-nb.info/gnd/42808-5,https://www.geonames.org/2945024
5669,60,Braunschweig,https://d-nb.info/gnd/42808-5,https://www.geonames.org/2945024
5669,13,Dresden,https://d-nb.info/gnd/37172-5,https://www.geonames.org/2935022
5669,173,Hannover,https://d-nb.info/gnd/4023349-2,https://www.geonames.org/2910831
5669,2755,"Harburg, Elbe",https://d-nb.info/gnd/4094727-0,https://www.geonames.org/2910685
5669,2807,Moringen,https://d-nb.info/gnd/4040265-4,
5669,5238,Stolzenau,https://d-nb.info/gnd/4227295-6,
5670,13,Dresden,https://d-nb.info/gnd/37172-5,https://www.geonames.org/2935022
5672,60,Braunschweig,https://d-nb.info/gnd/42808-5,https://www.geonames.org/2945024
5672,2755,"Harburg, Elbe",https://d-nb.info/gnd/4094727-0,https://www.geonames.org/2910685
5672,988,Mannheim,https://d-nb.info/gnd/4037372-1,
5672,2807,Moringen,https://d-nb.info/gnd/4040265-4,
5673,13,Dresden,https://d-nb.info/gnd/37172-5,https://www.geonames.org/2935022
5673,2,Göttingen,https://d-nb.info/gnd/4021477-1,https://www.geonames.org/2918632
5673,2807,Moringen,https://d-nb.info/gnd/4040265-4,
5675,2,Göttingen,https://d-nb.info/gnd/4021477-1,https://www.geonames.org/2918632
5675,173,Hannover,https://d-nb.info/gnd/4023349-2,https://www.geonames.org/2910831
5675,12,Jena,https://d-nb.info/gnd/4028557-1,https://www.geonames.org/2895044
5677,13,Dresden,https://d-nb.info/gnd/37172-5,https://www.geonames.org/2935022
5677,2,Göttingen,https://d-nb.info/gnd/4021477-1,https://www.geonames.org/2918632
5677,173,Hannover,https://d-nb.info/gnd/4023349-2,https://www.geonames.org/2910831
5677,12,Jena,https://d-nb.info/gnd/4028557-1,https://www.geonames.org/2895044
5677,22,Leipzig,https://d-nb.info/gnd/4035206-7,https://www.geonames.org/2879139
5678,60,Braunschweig,https://d-nb.info/gnd/42808-5,https://www.geonames.org/2945024
5678,13,Dresden,https://d-nb.info/gnd/37172-5,https://www.geonames.org/2935022
5678,2,Göttingen,https://d-nb.info/gnd/4021477-1,https://www.geonames.org/2918632
5678,173,Hannover,https://d-nb.info/gnd/4023349-2,https://www.geonames.org/2910831
5678,2755,"Harburg, Elbe",https://d-nb.info/gnd/4094727-0,https://www.geonames.org/2910685
5678,4467,Helmstedt,https://d-nb.info/gnd/4024344-8,
5678,12,Jena,https://d-nb.info/gnd/4028557-1,https://www.geonames.org/2895044
5678,2807,Moringen,https://d-nb.info/gnd/4040265-4,
5678,5342,Northeim,https://d-nb.info/gnd/4042636-1,
5680,2807,Moringen,https://d-nb.info/gnd/4040265-4,
5753,4694,Baden-Baden,https://d-nb.info/gnd/4004169-4,
5777,230,Würzburg,https://d-nb.info/gnd/4067037-5,https://www.geonames.org/2805615
5785,5678,Piercefield House (Chepstow),https://d-nb.info/gnd/4090357-6,
5786,5678,Piercefield House (Chepstow),https://d-nb.info/gnd/4090357-6,
5881,60,Braunschweig,https://d-nb.info/gnd/42808-5,https://www.geonames.org/2945024
5881,4467,Helmstedt,https://d-nb.info/gnd/4024344-8,
5882,5765,Bad Gandersheim,https://d-nb.info/gnd/4019218-0,
5882,173,Hannover,https://d-nb.info/gnd/4023349-2,https://www.geonames.org/2910831
5882,2701,Wolfenbüttel,https://d-nb.info/gnd/2026423-9,
5895,2281,Dessau,https://d-nb.info/gnd/4011536-7,https://www.geonames.org/2937959
5941,15,Berlin,https://d-nb.info/gnd/2004272-3,https://www.geonames.org/2950159
5941,13,Dresden,https://d-nb.info/gnd/37172-5,https://www.geonames.org/2935022
5941,1362,Königsberg,https://d-nb.info/gnd/4031541-1,https://www.geonames.org/554234
5941,16,Wien,https://d-nb.info/gnd/4066009-6,
5942,15,Berlin,https://d-nb.info/gnd/2004272-3,https://www.geonames.org/2950159
5942,58,Weimar,https://d-nb.info/gnd/4065105-8,https://www.geonames.org/2812482
5943,4331,Bad Lauchstädt,https://d-nb.info/gnd/4034704-7,https://www.geonames.org/2953412
5943,58,Weimar,https://d-nb.info/gnd/4065105-8,https://www.geonames.org/2812482
5944,4331,Bad Lauchstädt,https://d-nb.info/gnd/4034704-7,https://www.geonames.org/2953412
5944,15,Berlin,https://d-nb.info/gnd/2004272-3,https://www.geonames.org/2950159
5944,12,Jena,https://d-nb.info/gnd/4028557-1,https://www.geonames.org/2895044
5944,58,Weimar,https://d-nb.info/gnd/4065105-8,https://www.geonames.org/2812482
5945,15,Berlin,https://d-nb.info/gnd/2004272-3,https://www.geonames.org/2950159
5945,12,Jena,https://d-nb.info/gnd/4028557-1,https://www.geonames.org/2895044
5945,58,Weimar,https://d-nb.info/gnd/4065105-8,https://www.geonames.org/2812482
5947,4331,Bad Lauchstädt,https://d-nb.info/gnd/4034704-7,https://www.geonames.org/2953412
5947,15,Berlin,https://d-nb.info/gnd/2004272-3,https://www.geonames.org/2950159
5947,13,Dresden,https://d-nb.info/gnd/37172-5,https://www.geonames.org/2935022
5947,12,Jena,https://d-nb.info/gnd/4028557-1,https://www.geonames.org/2895044
5947,58,Weimar,https://d-nb.info/gnd/4065105-8,https://www.geonames.org/2812482
6066,1378,Amsterdam,https://d-nb.info/gnd/4001783-7,https://www.geonames.org/2759794
6066,1873,Bad Pyrmont,https://d-nb.info/gnd/4047920-1,
6066,22,Leipzig,https://d-nb.info/gnd/4035206-7,https://www.geonames.org/2879139
6066,292,London,https://d-nb.info/gnd/4074335-4,
6066,4890,Lucka,https://d-nb.info/gnd/4263805-7,https://www.geonames.org/2875512
6066,5137,Rotterdam,https://d-nb.info/gnd/4050739-7,
6067,1378,Amsterdam,https://d-nb.info/gnd/4001783-7,https://www.geonames.org/2759794
6067,98,Hamburg,https://d-nb.info/gnd/4023118-5,https://www.geonames.org/2911298
6067,22,Leipzig,https://d-nb.info/gnd/4035206-7,https://www.geonames.org/2879139
6067,4890,Lucka,https://d-nb.info/gnd/4263805-7,https://www.geonames.org/2875512
6068,1378,Amsterdam,https://d-nb.info/gnd/4001783-7,https://www.geonames.org/2759794
6068,5410,Arnheim,https://d-nb.info/gnd/4002980-3,
6068,173,Hannover,https://d-nb.info/gnd/4023349-2,https://www.geonames.org/2910831
6068,22,Leipzig,https://d-nb.info/gnd/4035206-7,https://www.geonames.org/2879139
6068,5378,Naarden,https://d-nb.info/gnd/4075161-2,
6069,1378,Amsterdam,https://d-nb.info/gnd/4001783-7,https://www.geonames.org/2759794
6069,98,Hamburg,https://d-nb.info/gnd/4023118-5,https://www.geonames.org/2911298
6069,5411,Hanau,https://d-nb.info/gnd/4023201-3,
6069,173,Hannover,https://d-nb.info/gnd/4023349-2,https://www.geonames.org/2910831
6069,5378,Naarden,https://d-nb.info/gnd/4075161-2,
6069,2718,Osnabrück,https://d-nb.info/gnd/4043974-4,
6070,8647,Camburg,https://d-nb.info/gnd/4284914-7,https://www.geonames.org/2940377
6070,12,Jena,https://d-nb.info/gnd/4028557-1,https://www.geonames.org/2895044
6070,22,Leipzig,https://d-nb.info/gnd/4035206-7,https://www.geonames.org/2879139
6070,262,Naumburg (Saale),https://d-nb.info/gnd/4041445-0,
6070,241,Weißenfels,https://d-nb.info/gnd/4065247-6,https://www.geonames.org/2811899
6071,12,Jena,https://d-nb.info/gnd/4028557-1,https://www.geonames.org/2895044
6071,22,Leipzig,https://d-nb.info/gnd/4035206-7,https://www.geonames.org/2879139
6071,5412,Strelitz,https://d-nb.info/gnd/10007060-7,https://www.geonames.org/2825922
6073,15,Berlin,https://d-nb.info/gnd/2004272-3,https://www.geonames.org/2950159
6073,98,Hamburg,https://d-nb.info/gnd/4023118-5,https://www.geonames.org/2911298
6073,12,Jena,https://d-nb.info/gnd/4028557-1,https://www.geonames.org/2895044
6073,22,Leipzig,https://d-nb.info/gnd/4035206-7,https://www.geonames.org/2879139
6074,13,Dresden,https://d-nb.info/gnd/37172-5,https://www.geonames.org/2935022
6074,10079,Grimma,https://d-nb.info/gnd/4022085-0,
6074,12,Jena,https://d-nb.info/gnd/4028557-1,https://www.geonames.org/2895044
6074,22,Leipzig,https://d-nb.info/gnd/4035206-7,https://www.geonames.org/2879139
6075,1378,Amsterdam,https://d-nb.info/gnd/4001783-7,https://www.geonames.org/2759794
6075,5376,Baarn,https://d-nb.info/gnd/4258494-2,
6075,60,Braunschweig,https://d-nb.info/gnd/42808-5,https://www.geonames.org/2945024
6075,5144,Haarlem,https://d-nb.info/gnd/4022687-6,
6075,98,Hamburg,https://d-nb.info/gnd/4023118-5,https://www.geonames.org/2911298
6075,12,Jena,https://d-nb.info/gnd/4028557-1,https://www.geonames.org/2895044
6075,22,Leipzig,https://d-nb.info/gnd/4035206-7,https://www.geonames.org/2879139
6075,5378,Naarden,https://d-nb.info/gnd/4075161-2,
6075,2718,Osnabrück,https://d-nb.info/gnd/4043974-4,
6075,5377,Utrecht,https://d-nb.info/gnd/4062222-8,
6076,1378,Amsterdam,https://d-nb.info/gnd/4001783-7,https://www.geonames.org/2759794
6076,12,Jena,https://d-nb.info/gnd/4028557-1,https://www.geonames.org/2895044
6076,22,Leipzig,https://d-nb.info/gnd/4035206-7,https://www.geonames.org/2879139
6077,2,Göttingen,https://d-nb.info/gnd/4021477-1,https://www.geonames.org/2918632
6077,12,Jena,https://d-nb.info/gnd/4028557-1,https://www.geonames.org/2895044
6077,22,Leipzig,https://d-nb.info/gnd/4035206-7,https://www.geonames.org/2879139
6077,5417,"Steinau, Oder",https://d-nb.info/gnd/2084741-5,
6078,15,Berlin,https://d-nb.info/gnd/2004272-3,https://www.geonames.org/2950159
6078,12,Jena,https://d-nb.info/gnd/4028557-1,https://www.geonames.org/2895044
6078,22,Leipzig,https://d-nb.info/gnd/4035206-7,https://www.geonames.org/2879139
6079,12,Jena,https://d-nb.info/gnd/4028557-1,https://www.geonames.org/2895044
6079,58,Weimar,https://d-nb.info/gnd/4065105-8,https://www.geonames.org/2812482
6080,1378,Amsterdam,https://d-nb.info/gnd/4001783-7,https://www.geonames.org/2759794
6080,13,Dresden,https://d-nb.info/gnd/37172-5,https://www.geonames.org/2935022
6080,22,Leipzig,https://d-nb.info/gnd/4035206-7,https://www.geonames.org/2879139
6082,12,Jena,https://d-nb.info/gnd/4028557-1,https://www.geonames.org/2895044
6083,5422,Bad Arolsen,https://d-nb.info/gnd/4003019-2,
6083,60,Braunschweig,https://d-nb.info/gnd/42808-5,https://www.geonames.org/2945024
6083,12,Jena,https://d-nb.info/gnd/4028557-1,https://www.geonames.org/2895044
6083,22,Leipzig,https://d-nb.info/gnd/4035206-7,https://www.geonames.org/2879139
6085,1378,Amsterdam,https://d-nb.info/gnd/4001783-7,https://www.geonames.org/2759794
6085,5144,Haarlem,https://d-nb.info/gnd/4022687-6,
6085,22,Leipzig,https://d-nb.info/gnd/4035206-7,https://www.geonames.org/2879139
6085,5137,Rotterdam,https://d-nb.info/gnd/4050739-7,
6090,98,Hamburg,https://d-nb.info/gnd/4023118-5,https://www.geonames.org/2911298
6090,12,Jena,https://d-nb.info/gnd/4028557-1,https://www.geonames.org/2895044
6090,292,London,https://d-nb.info/gnd/4074335-4,
6090,2528,Riga,https://d-nb.info/gnd/4050042-1,https://www.geonames.org/456172
6090,411,Rudolstadt,https://d-nb.info/gnd/4105066-6,https://www.geonames.org/2843355
6133,15,Berlin,https://d-nb.info/gnd/2004272-3,https://www.geonames.org/2950159
6133,12,Jena,https://d-nb.info/gnd/4028557-1,https://www.geonames.org/2895044
6133,22,Leipzig,https://d-nb.info/gnd/4035206-7,https://www.geonames.org/2879139
6998,13,Dresden,https://d-nb.info/gnd/37172-5,https://www.geonames.org/2935022
6998,12,Jena,https://d-nb.info/gnd/4028557-1,https://www.geonames.org/2895044
6998,22,Leipzig,https://d-nb.info/gnd/4035206-7,https://www.geonames.org/2879139
7088,5776,Gera,https://d-nb.info/gnd/4020295-1,https://www.geonames.org/2921232
7088,5779,Görlitz,https://d-nb.info/gnd/4021441-2,https://www.geonames.org/2918987
7088,12,Jena,https://d-nb.info/gnd/4028557-1,https://www.geonames.org/2895044
7128,1378,Amsterdam,https://d-nb.info/gnd/4001783-7,https://www.geonames.org/2759794
7128,15,Berlin,https://d-nb.info/gnd/2004272-3,https://www.geonames.org/2950159
7128,60,Braunschweig,https://d-nb.info/gnd/42808-5,https://www.geonames.org/2945024
7128,1738,Leiden,https://d-nb.info/gnd/4074118-7,
7151,13,Dresden,https://d-nb.info/gnd/37172-5,https://www.geonames.org/2935022
7165,1868,Altona,https://d-nb.info/gnd/2048384-3,https://www.geonames.org/2911296
7165,1378,Amsterdam,https://d-nb.info/gnd/4001783-7,https://www.geonames.org/2759794
7165,2,Göttingen,https://d-nb.info/gnd/4021477-1,https://www.geonames.org/2918632
7165,229,Halle (Saale),https://d-nb.info/gnd/4023025-9,https://www.geonames.org/2911522
7165,173,Hannover,https://d-nb.info/gnd/4023349-2,https://www.geonames.org/2910831
7165,2755,"Harburg, Elbe",https://d-nb.info/gnd/4094727-0,https://www.geonames.org/2910685
7165,5253,Hildesheim,https://d-nb.info/gnd/4024881-1,
7165,22,Leipzig,https://d-nb.info/gnd/4035206-7,https://www.geonames.org/2879139
7165,2242,Stralsund,https://d-nb.info/gnd/4057860-4,https://www.geonames.org/2826287
7166,1378,Amsterdam,https://d-nb.info/gnd/4001783-7,https://www.geonames.org/2759794
7166,4250,Celle,https://d-nb.info/gnd/4009657-9,
7166,173,Hannover,https://d-nb.info/gnd/4023349-2,https://www.geonames.org/2910831
7310,15,Berlin,https://d-nb.info/gnd/2004272-3,https://www.geonames.org/2950159
7310,12,Jena,https://d-nb.info/gnd/4028557-1,https://www.geonames.org/2895044
7310,22,Leipzig,https://d-nb.info/gnd/4035206-7,https://www.geonames.org/2879139
7311,1018,Breslau,https://d-nb.info/gnd/2005949-8,https://www.geonames.org/3081368
7311,12,Jena,https://d-nb.info/gnd/4028557-1,https://www.geonames.org/2895044
7311,5537,Liegnitz,https://d-nb.info/gnd/4035683-8,
7313,15,Berlin,https://d-nb.info/gnd/2004272-3,https://www.geonames.org/2950159
7313,12,Jena,https://d-nb.info/gnd/4028557-1,https://www.geonames.org/2895044
7432,1873,Bad Pyrmont,https://d-nb.info/gnd/4047920-1,
7432,15,Berlin,https://d-nb.info/gnd/2004272-3,https://www.geonames.org/2950159
7432,13,Dresden,https://d-nb.info/gnd/37172-5,https://www.geonames.org/2935022
7432,12,Jena,https://d-nb.info/gnd/4028557-1,https://www.geonames.org/2895044
7432,22,Leipzig,https://d-nb.info/gnd/4035206-7,https://www.geonames.org/2879139
7432,58,Weimar,https://d-nb.info/gnd/4065105-8,https://www.geonames.org/2812482
7433,15,Berlin,https://d-nb.info/gnd/2004272-3,https://www.geonames.org/2950159
7433,13,Dresden,https://d-nb.info/gnd/37172-5,https://www.geonames.org/2935022
7433,12,Jena,https://d-nb.info/gnd/4028557-1,https://www.geonames.org/2895044
7433,22,Leipzig,https://d-nb.info/gnd/4035206-7,https://www.geonames.org/2879139
7455,15,Berlin,https://d-nb.info/gnd/2004272-3,https://www.geonames.org/2950159
7455,12,Jena,https://d-nb.info/gnd/4028557-1,https://www.geonames.org/2895044
7456,15,Berlin,https://d-nb.info/gnd/2004272-3,https://www.geonames.org/2950159
7456,12,Jena,https://d-nb.info/gnd/4028557-1,https://www.geonames.org/2895044
7457,12,Jena,https://d-nb.info/gnd/4028557-1,https://www.geonames.org/2895044
7457,58,Weimar,https://d-nb.info/gnd/4065105-8,https://www.geonames.org/2812482
7459,12,Jena,https://d-nb.info/gnd/4028557-1,https://www.geonames.org/2895044
7514,15,Berlin,https://d-nb.info/gnd/2004272-3,https://www.geonames.org/2950159
7514,219,Nennhausen,https://d-nb.info/gnd/4393249-6,https://www.geonames.org/2866523
7515,15,Berlin,https://d-nb.info/gnd/2004272-3,https://www.geonames.org/2950159
7515,219,Nennhausen,https://d-nb.info/gnd/4393249-6,https://www.geonames.org/2866523
7518,15,Berlin,https://d-nb.info/gnd/2004272-3,https://www.geonames.org/2950159
7518,5899,Dyrotz,https://d-nb.info/gnd/5107779-6,
7518,219,Nennhausen,https://d-nb.info/gnd/4393249-6,https://www.geonames.org/2866523
7518,1745,Rathenow,https://d-nb.info/gnd/4104905-6,https://www.geonames.org/2850213
7518,5900,Wustermark,https://d-nb.info/gnd/4374548-9,
7531,173,Hannover,https://d-nb.info/gnd/4023349-2,https://www.geonames.org/2910831
7531,292,London,https://d-nb.info/gnd/4074335-4,
7532,2,Göttingen,https://d-nb.info/gnd/4021477-1,https://www.geonames.org/2918632
7532,173,Hannover,https://d-nb.info/gnd/4023349-2,https://www.geonames.org/2910831
7532,3530,Oxford,https://d-nb.info/gnd/4044234-2,
7533,15,Berlin,https://d-nb.info/gnd/2004272-3,https://www.geonames.org/2950159
7594,15,Berlin,https://d-nb.info/gnd/2004272-3,https://www.geonames.org/2950159
7594,12,Jena,https://d-nb.info/gnd/4028557-1,https://www.geonames.org/2895044
7595,15,Berlin,https://d-nb.info/gnd/2004272-3,https://www.geonames.org/2950159
7595,13,Dresden,https://d-nb.info/gnd/37172-5,https://www.geonames.org/2935022
7595,12,Jena,https://d-nb.info/gnd/4028557-1,https://www.geonames.org/2895044
7595,171,Paris,https://d-nb.info/gnd/4044660-8,https://www.geonames.org/2988507
7595,58,Weimar,https://d-nb.info/gnd/4065105-8,https://www.geonames.org/2812482
7599,259,Bad Bocklet,https://d-nb.info/gnd/4087853-3,https://www.geonames.org/2953540
7599,236,Bamberg,https://d-nb.info/gnd/2005630-8,https://www.geonames.org/2952984
7599,15,Berlin,https://d-nb.info/gnd/2004272-3,https://www.geonames.org/2950159
7599,60,Braunschweig,https://d-nb.info/gnd/42808-5,https://www.geonames.org/2945024
7599,13,Dresden,https://d-nb.info/gnd/37172-5,https://www.geonames.org/2935022
7599,12,Jena,https://d-nb.info/gnd/4028557-1,https://www.geonames.org/2895044
7600,15,Berlin,https://d-nb.info/gnd/2004272-3,https://www.geonames.org/2950159
7600,13,Dresden,https://d-nb.info/gnd/37172-5,https://www.geonames.org/2935022
7600,22,Leipzig,https://d-nb.info/gnd/4035206-7,https://www.geonames.org/2879139
7600,171,Paris,https://d-nb.info/gnd/4044660-8,https://www.geonames.org/2988507
7600,58,Weimar,https://d-nb.info/gnd/4065105-8,https://www.geonames.org/2812482
7618,1378,Amsterdam,https://d-nb.info/gnd/4001783-7,https://www.geonames.org/2759794
7618,14,Gotha,https://d-nb.info/gnd/4021652-4,https://www.geonames.org/2918752
7618,22,Leipzig,https://d-nb.info/gnd/4035206-7,https://www.geonames.org/2879139
7618,4890,Lucka,https://d-nb.info/gnd/4263805-7,https://www.geonames.org/2875512
7619,12,Jena,https://d-nb.info/gnd/4028557-1,https://www.geonames.org/2895044
7619,22,Leipzig,https://d-nb.info/gnd/4035206-7,https://www.geonames.org/2879139
7620,12,Jena,https://d-nb.info/gnd/4028557-1,https://www.geonames.org/2895044
7620,22,Leipzig,https://d-nb.info/gnd/4035206-7,https://www.geonames.org/2879139
7644,15,Berlin,https://d-nb.info/gnd/2004272-3,https://www.geonames.org/2950159
7644,13,Dresden,https://d-nb.info/gnd/37172-5,https://www.geonames.org/2935022
7644,2776,Giebichenstein,https://d-nb.info/gnd/5026901-X,https://www.geonames.org/2920649
7644,14,Gotha,https://d-nb.info/gnd/4021652-4,https://www.geonames.org/2918752
7644,2,Göttingen,https://d-nb.info/gnd/4021477-1,https://www.geonames.org/2918632
7644,229,Halle (Saale),https://d-nb.info/gnd/4023025-9,https://www.geonames.org/2911522
7644,173,Hannover,https://d-nb.info/gnd/4023349-2,https://www.geonames.org/2910831
7644,12,Jena,https://d-nb.info/gnd/4028557-1,https://www.geonames.org/2895044
7664,12,Jena,https://d-nb.info/gnd/4028557-1,https://www.geonames.org/2895044
7664,22,Leipzig,https://d-nb.info/gnd/4035206-7,https://www.geonames.org/2879139
7729,15,Berlin,https://d-nb.info/gnd/2004272-3,https://www.geonames.org/2950159
7729,229,Halle (Saale),https://d-nb.info/gnd/4023025-9,https://www.geonames.org/2911522
7729,12,Jena,https://d-nb.info/gnd/4028557-1,https://www.geonames.org/2895044
7729,22,Leipzig,https://d-nb.info/gnd/4035206-7,https://www.geonames.org/2879139
7730,259,Bad Bocklet,https://d-nb.info/gnd/4087853-3,https://www.geonames.org/2953540
7730,236,Bamberg,https://d-nb.info/gnd/2005630-8,https://www.geonames.org/2952984
7730,1370,Stuttgart,https://d-nb.info/gnd/4058282-6,https://www.geonames.org/2825297
7731,60,Braunschweig,https://d-nb.info/gnd/42808-5,https://www.geonames.org/2945024
7731,12,Jena,https://d-nb.info/gnd/4028557-1,https://www.geonames.org/2895044
7732,236,Bamberg,https://d-nb.info/gnd/2005630-8,https://www.geonames.org/2952984
7732,12,Jena,https://d-nb.info/gnd/4028557-1,https://www.geonames.org/2895044
7732,58,Weimar,https://d-nb.info/gnd/4065105-8,https://www.geonames.org/2812482
7733,12,Jena,https://d-nb.info/gnd/4028557-1,https://www.geonames.org/2895044
7734,15,Berlin,https://d-nb.info/gnd/2004272-3,https://www.geonames.org/2950159
7735,236,Bamberg,https://d-nb.info/gnd/2005630-8,https://www.geonames.org/2952984
7735,15,Berlin,https://d-nb.info/gnd/2004272-3,https://www.geonames.org/2950159
7735,4958,Freiberg,https://d-nb.info/gnd/4018266-6,https://www.geonames.org/2925192
7735,12,Jena,https://d-nb.info/gnd/4028557-1,https://www.geonames.org/2895044
7736,15,Berlin,https://d-nb.info/gnd/2004272-3,https://www.geonames.org/2950159
7736,58,Weimar,https://d-nb.info/gnd/4065105-8,https://www.geonames.org/2812482
7737,15,Berlin,https://d-nb.info/gnd/2004272-3,https://www.geonames.org/2950159
7737,12,Jena,https://d-nb.info/gnd/4028557-1,https://www.geonames.org/2895044
7740,58,Weimar,https://d-nb.info/gnd/4065105-8,https://www.geonames.org/2812482
7741,15,Berlin,https://d-nb.info/gnd/2004272-3,https://www.geonames.org/2950159
7742,15,Berlin,https://d-nb.info/gnd/2004272-3,https://www.geonames.org/2950159
7742,12,Jena,https://d-nb.info/gnd/4028557-1,https://www.geonames.org/2895044
7744,4331,Bad Lauchstädt,https://d-nb.info/gnd/4034704-7,https://www.geonames.org/2953412
7744,15,Berlin,https://d-nb.info/gnd/2004272-3,https://www.geonames.org/2950159
7744,12,Jena,https://d-nb.info/gnd/4028557-1,https://www.geonames.org/2895044
7744,58,Weimar,https://d-nb.info/gnd/4065105-8,https://www.geonames.org/2812482
7745,12,Jena,https://d-nb.info/gnd/4028557-1,https://www.geonames.org/2895044
7746,4331,Bad Lauchstädt,https://d-nb.info/gnd/4034704-7,https://www.geonames.org/2953412
7746,1873,Bad Pyrmont,https://d-nb.info/gnd/4047920-1,
7746,15,Berlin,https://d-nb.info/gnd/2004272-3,https://www.geonames.org/2950159
7746,12,Jena,https://d-nb.info/gnd/4028557-1,https://www.geonames.org/2895044
7747,1873,Bad Pyrmont,https://d-nb.info/gnd/4047920-1,
7747,15,Berlin,https://d-nb.info/gnd/2004272-3,https://www.geonames.org/2950159
7747,22,Leipzig,https://d-nb.info/gnd/4035206-7,https://www.geonames.org/2879139
7748,259,Bad Bocklet,https://d-nb.info/gnd/4087853-3,https://www.geonames.org/2953540
7748,236,Bamberg,https://d-nb.info/gnd/2005630-8,https://www.geonames.org/2952984
7748,15,Berlin,https://d-nb.info/gnd/2004272-3,https://www.geonames.org/2950159
7748,60,Braunschweig,https://d-nb.info/gnd/42808-5,https://www.geonames.org/2945024
7748,13,Dresden,https://d-nb.info/gnd/37172-5,https://www.geonames.org/2935022
7748,14,Gotha,https://d-nb.info/gnd/4021652-4,https://www.geonames.org/2918752
7748,2,Göttingen,https://d-nb.info/gnd/4021477-1,https://www.geonames.org/2918632
7748,173,Hannover,https://d-nb.info/gnd/4023349-2,https://www.geonames.org/2910831
7749,15,Berlin,https://d-nb.info/gnd/2004272-3,https://www.geonames.org/2950159
7750,259,Bad Bocklet,https://d-nb.info/gnd/4087853-3,https://www.geonames.org/2953540
7750,5134,Bad Kissingen,https://d-nb.info/gnd/4030875-3,
7750,236,Bamberg,https://d-nb.info/gnd/2005630-8,https://www.geonames.org/2952984
7750,15,Berlin,https://d-nb.info/gnd/2004272-3,https://www.geonames.org/2950159
7750,14,Gotha,https://d-nb.info/gnd/4021652-4,https://www.geonames.org/2918752
7750,229,Halle (Saale),https://d-nb.info/gnd/4023025-9,https://www.geonames.org/2911522
7750,12,Jena,https://d-nb.info/gnd/4028557-1,https://www.geonames.org/2895044
7750,58,Weimar,https://d-nb.info/gnd/4065105-8,https://www.geonames.org/2812482
7750,230,Würzburg,https://d-nb.info/gnd/4067037-5,https://www.geonames.org/2805615
7751,5134,Bad Kissingen,https://d-nb.info/gnd/4030875-3,
7751,12,Jena,https://d-nb.info/gnd/4028557-1,https://www.geonames.org/2895044
7751,58,Weimar,https://d-nb.info/gnd/4065105-8,https://www.geonames.org/2812482
7751,230,Würzburg,https://d-nb.info/gnd/4067037-5,https://www.geonames.org/2805615
7752,15,Berlin,https://d-nb.info/gnd/2004272-3,https://www.geonames.org/2950159
7752,12,Jena,https://d-nb.info/gnd/4028557-1,https://www.geonames.org/2895044
7752,416,Landshut,https://d-nb.info/gnd/4034367-4,https://www.geonames.org/2881485
7752,354,München,https://d-nb.info/gnd/4127793-4,
7752,16,Wien,https://d-nb.info/gnd/4066009-6,
7753,236,Bamberg,https://d-nb.info/gnd/2005630-8,https://www.geonames.org/2952984
7753,15,Berlin,https://d-nb.info/gnd/2004272-3,https://www.geonames.org/2950159
7753,416,Landshut,https://d-nb.info/gnd/4034367-4,https://www.geonames.org/2881485
7753,22,Leipzig,https://d-nb.info/gnd/4035206-7,https://www.geonames.org/2879139
7753,171,Paris,https://d-nb.info/gnd/4044660-8,https://www.geonames.org/2988507
7754,259,Bad Bocklet,https://d-nb.info/gnd/4087853-3,https://www.geonames.org/2953540
7754,5134,Bad Kissingen,https://d-nb.info/gnd/4030875-3,
7754,15,Berlin,https://d-nb.info/gnd/2004272-3,https://www.geonames.org/2950159
7754,13,Dresden,https://d-nb.info/gnd/37172-5,https://www.geonames.org/2935022
7754,566,Erlangen,https://d-nb.info/gnd/4015299-6,https://www.geonames.org/2929567
7754,12,Jena,https://d-nb.info/gnd/4028557-1,https://www.geonames.org/2895044
7754,22,Leipzig,https://d-nb.info/gnd/4035206-7,https://www.geonames.org/2879139
7754,351,Nürnberg,https://d-nb.info/gnd/4042742-0,https://www.geonames.org/2861650
7754,58,Weimar,https://d-nb.info/gnd/4065105-8,https://www.geonames.org/2812482
7754,230,Würzburg,https://d-nb.info/gnd/4067037-5,https://www.geonames.org/2805615
7755,12,Jena,https://d-nb.info/gnd/4028557-1,https://www.geonames.org/2895044
7755,1517,Kassel,https://d-nb.info/gnd/4029869-3,
7755,22,Leipzig,https://d-nb.info/gnd/4035206-7,https://www.geonames.org/2879139
7755,9599,Ratzeburg,https://d-nb.info/gnd/4048525-0,https://www.geonames.org/2850132
7755,58,Weimar,https://d-nb.info/gnd/4065105-8,https://www.geonames.org/2812482
7756,236,Bamberg,https://d-nb.info/gnd/2005630-8,https://www.geonames.org/2952984
7756,60,Braunschweig,https://d-nb.info/gnd/42808-5,https://www.geonames.org/2945024
7756,2930,Coburg,https://d-nb.info/gnd/4010325-0,
7756,566,Erlangen,https://d-nb.info/gnd/4015299-6,https://www.geonames.org/2929567
7756,14,Gotha,https://d-nb.info/gnd/4021652-4,https://www.geonames.org/2918752
7756,229,Halle (Saale),https://d-nb.info/gnd/4023025-9,https://www.geonames.org/2911522
7756,98,Hamburg,https://d-nb.info/gnd/4023118-5,https://www.geonames.org/2911298
7756,12,Jena,https://d-nb.info/gnd/4028557-1,https://www.geonames.org/2895044
7756,416,Landshut,https://d-nb.info/gnd/4034367-4,https://www.geonames.org/2881485
7756,614,Tübingen,https://d-nb.info/gnd/4061147-4,https://www.geonames.org/2820860
7756,58,Weimar,https://d-nb.info/gnd/4065105-8,https://www.geonames.org/2812482
7757,15,Berlin,https://d-nb.info/gnd/2004272-3,https://www.geonames.org/2950159
7757,3308,Frankfurt (Oder),https://d-nb.info/gnd/4018122-4,https://www.geonames.org/2925535
7757,12,Jena,https://d-nb.info/gnd/4028557-1,https://www.geonames.org/2895044
7757,1783,Salzburg,https://d-nb.info/gnd/4076982-3,https://www.geonames.org/2766824
7758,12,Jena,https://d-nb.info/gnd/4028557-1,https://www.geonames.org/2895044
7759,15,Berlin,https://d-nb.info/gnd/2004272-3,https://www.geonames.org/2950159
7759,9630,Ensisheim,https://d-nb.info/gnd/4014832-4,
7759,12,Jena,https://d-nb.info/gnd/4028557-1,https://www.geonames.org/2895044
7759,58,Weimar,https://d-nb.info/gnd/4065105-8,https://www.geonames.org/2812482
7760,15,Berlin,https://d-nb.info/gnd/2004272-3,https://www.geonames.org/2950159
7760,98,Hamburg,https://d-nb.info/gnd/4023118-5,https://www.geonames.org/2911298
7760,12,Jena,https://d-nb.info/gnd/4028557-1,https://www.geonames.org/2895044
7760,171,Paris,https://d-nb.info/gnd/4044660-8,https://www.geonames.org/2988507
7760,356,Rom,https://d-nb.info/gnd/4050471-2,https://www.geonames.org/3169070
7760,58,Weimar,https://d-nb.info/gnd/4065105-8,https://www.geonames.org/2812482
7831,2,Göttingen,https://d-nb.info/gnd/4021477-1,https://www.geonames.org/2918632
7831,12,Jena,https://d-nb.info/gnd/4028557-1,https://www.geonames.org/2895044
7831,58,Weimar,https://d-nb.info/gnd/4065105-8,https://www.geonames.org/2812482
7860,6876,Engern,https://d-nb.info/gnd/4091801-4,
7860,6874,Henneberg,https://d-nb.info/gnd/4516902-0,
7860,12,Jena,https://d-nb.info/gnd/4028557-1,https://www.geonames.org/2895044
7860,6872,Jülich,https://d-nb.info/gnd/4028835-3,
7860,6873,Kleve (Kreis Kleve),https://d-nb.info/gnd/4031156-9,
7860,5289,Meißen,https://d-nb.info/gnd/4038474-3,https://www.geonames.org/2872155
7860,6875,Ravensberg (Borgholzhausen),https://d-nb.info/gnd/5030826-9,
7860,58,Weimar,https://d-nb.info/gnd/4065105-8,https://www.geonames.org/2812482
7866,2711,Den Haag,https://d-nb.info/gnd/4011446-6,
7866,897,Mainz,https://d-nb.info/gnd/2018680-0,https://www.geonames.org/2874225
7868,13,Dresden,https://d-nb.info/gnd/37172-5,https://www.geonames.org/2935022
7868,5417,"Steinau, Oder",https://d-nb.info/gnd/2084741-5,
7870,1018,Breslau,https://d-nb.info/gnd/2005949-8,https://www.geonames.org/3081368
7870,5537,Liegnitz,https://d-nb.info/gnd/4035683-8,
7870,5417,"Steinau, Oder",https://d-nb.info/gnd/2084741-5,
7871,1018,Breslau,https://d-nb.info/gnd/2005949-8,https://www.geonames.org/3081368
7871,2,Göttingen,https://d-nb.info/gnd/4021477-1,https://www.geonames.org/2918632
7871,5417,"Steinau, Oder",https://d-nb.info/gnd/2084741-5,
7872,2,Göttingen,https://d-nb.info/gnd/4021477-1,https://www.geonames.org/2918632
7872,22,Leipzig,https://d-nb.info/gnd/4035206-7,https://www.geonames.org/2879139
7872,5537,Liegnitz,https://d-nb.info/gnd/4035683-8,
7872,5417,"Steinau, Oder",https://d-nb.info/gnd/2084741-5,
7873,5910,Bad Doberan,https://d-nb.info/gnd/4012564-6,
7873,19509,Bad Driburg,https://d-nb.info/gnd/4013012-5,
7873,5026,Rehburg,https://d-nb.info/gnd/4785341-4,
7875,12,Jena,https://d-nb.info/gnd/4028557-1,https://www.geonames.org/2895044
7875,58,Weimar,https://d-nb.info/gnd/4065105-8,https://www.geonames.org/2812482
7879,1378,Amsterdam,https://d-nb.info/gnd/4001783-7,https://www.geonames.org/2759794
7879,12,Jena,https://d-nb.info/gnd/4028557-1,https://www.geonames.org/2895044
7886,5422,Bad Arolsen,https://d-nb.info/gnd/4003019-2,
7886,15,Berlin,https://d-nb.info/gnd/2004272-3,https://www.geonames.org/2950159
7886,2281,Dessau,https://d-nb.info/gnd/4011536-7,https://www.geonames.org/2937959
7886,12,Jena,https://d-nb.info/gnd/4028557-1,https://www.geonames.org/2895044
7886,22,Leipzig,https://d-nb.info/gnd/4035206-7,https://www.geonames.org/2879139
7890,15,Berlin,https://d-nb.info/gnd/2004272-3,https://www.geonames.org/2950159
7890,12,Jena,https://d-nb.info/gnd/4028557-1,https://www.geonames.org/2895044
7890,58,Weimar,https://d-nb.info/gnd/4065105-8,https://www.geonames.org/2812482
7894,22,Leipzig,https://d-nb.info/gnd/4035206-7,https://www.geonames.org/2879139
7895,12,Jena,https://d-nb.info/gnd/4028557-1,https://www.geonames.org/2895044
8084,1378,Amsterdam,https://d-nb.info/gnd/4001783-7,https://www.geonames.org/2759794
8084,15,Berlin,https://d-nb.info/gnd/2004272-3,https://www.geonames.org/2950159
8084,2,Göttingen,https://d-nb.info/gnd/4021477-1,https://www.geonames.org/2918632
8084,12,Jena,https://d-nb.info/gnd/4028557-1,https://www.geonames.org/2895044
8085,15,Berlin,https://d-nb.info/gnd/2004272-3,https://www.geonames.org/2950159
8085,1633,Erfurt,https://d-nb.info/gnd/4015240-6,https://www.geonames.org/2929670
8085,2,Göttingen,https://d-nb.info/gnd/4021477-1,https://www.geonames.org/2918632
8085,173,Hannover,https://d-nb.info/gnd/4023349-2,https://www.geonames.org/2910831
8085,897,Mainz,https://d-nb.info/gnd/2018680-0,https://www.geonames.org/2874225
12016,13,Dresden,https://d-nb.info/gnd/37172-5,https://www.geonames.org/2935022
12016,12,Jena,https://d-nb.info/gnd/4028557-1,https://www.geonames.org/2895044
12020,12,Jena,https://d-nb.info/gnd/4028557-1,https://www.geonames.org/2895044
12033,15,Berlin,https://d-nb.info/gnd/2004272-3,https://www.geonames.org/2950159
12033,10098,Chemnitz,https://d-nb.info/gnd/4029702-0,
12033,12,Jena,https://d-nb.info/gnd/4028557-1,https://www.geonames.org/2895044
12034,12,Jena,https://d-nb.info/gnd/4028557-1,https://www.geonames.org/2895044
12035,15,Berlin,https://d-nb.info/gnd/2004272-3,https://www.geonames.org/2950159
12035,60,Braunschweig,https://d-nb.info/gnd/42808-5,https://www.geonames.org/2945024
12035,173,Hannover,https://d-nb.info/gnd/4023349-2,https://www.geonames.org/2910831
12035,12,Jena,https://d-nb.info/gnd/4028557-1,https://www.geonames.org/2895044
12035,614,Tübingen,https://d-nb.info/gnd/4061147-4,https://www.geonames.org/2820860
12036,2281,Dessau,https://d-nb.info/gnd/4011536-7,https://www.geonames.org/2937959
12036,12,Jena,https://d-nb.info/gnd/4028557-1,https://www.geonames.org/2895044
12036,356,Rom,https://d-nb.info/gnd/4050471-2,https://www.geonames.org/3169070
12036,1370,Stuttgart,https://d-nb.info/gnd/4058282-6,https://www.geonames.org/2825297
12036,58,Weimar,https://d-nb.info/gnd/4065105-8,https://www.geonames.org/2812482
12036,16,Wien,https://d-nb.info/gnd/4066009-6,
12040,60,Braunschweig,https://d-nb.info/gnd/42808-5,https://www.geonames.org/2945024
12040,12,Jena,https://d-nb.info/gnd/4028557-1,https://www.geonames.org/2895044
12040,22,Leipzig,https://d-nb.info/gnd/4035206-7,https://www.geonames.org/2879139
12040,614,Tübingen,https://d-nb.info/gnd/4061147-4,https://www.geonames.org/2820860
12041,15,Berlin,https://d-nb.info/gnd/2004272-3,https://www.geonames.org/2950159
12041,566,Erlangen,https://d-nb.info/gnd/4015299-6,https://www.geonames.org/2929567
12041,12,Jena,https://d-nb.info/gnd/4028557-1,https://www.geonames.org/2895044
12042,15,Berlin,https://d-nb.info/gnd/2004272-3,https://www.geonames.org/2950159
12042,12,Jena,https://d-nb.info/gnd/4028557-1,https://www.geonames.org/2895044
12042,351,Nürnberg,https://d-nb.info/gnd/4042742-0,https://www.geonames.org/2861650
12260,12,Jena,https://d-nb.info/gnd/4028557-1,https://www.geonames.org/2895044
12260,614,Tübingen,https://d-nb.info/gnd/4061147-4,https://www.geonames.org/2820860
12261,236,Bamberg,https://d-nb.info/gnd/2005630-8,https://www.geonames.org/2952984
12261,15,Berlin,https://d-nb.info/gnd/2004272-3,https://www.geonames.org/2950159
12261,327,Frankfurt am Main,https://d-nb.info/gnd/4018118-2,https://www.geonames.org/2925533
12261,4958,Freiberg,https://d-nb.info/gnd/4018266-6,https://www.geonames.org/2925192
12261,12,Jena,https://d-nb.info/gnd/4028557-1,https://www.geonames.org/2895044
12261,22,Leipzig,https://d-nb.info/gnd/4035206-7,https://www.geonames.org/2879139
12261,171,Paris,https://d-nb.info/gnd/4044660-8,https://www.geonames.org/2988507
12491,1379,Lübeck,https://d-nb.info/gnd/4036483-5,https://www.geonames.org/2875601
12767,15,Berlin,https://d-nb.info/gnd/2004272-3,https://www.geonames.org/2950159
12767,58,Weimar,https://d-nb.info/gnd/4065105-8,https://www.geonames.org/2812482
12768,15,Berlin,https://d-nb.info/gnd/2004272-3,https://www.geonames.org/2950159
12769,58,Weimar,https://d-nb.info/gnd/4065105-8,https://www.geonames.org/2812482
12770,15,Berlin,https://d-nb.info/gnd/2004272-3,https://www.geonames.org/2950159
12782,2,Göttingen,https://d-nb.info/gnd/4021477-1,https://www.geonames.org/2918632
12782,173,Hannover,https://d-nb.info/gnd/4023349-2,https://www.geonames.org/2910831
12830,12,Jena,https://d-nb.info/gnd/4028557-1,https://www.geonames.org/2895044
12831,12,Jena,https://d-nb.info/gnd/4028557-1,https://www.geonames.org/2895044
13047,15,Berlin,https://d-nb.info/gnd/2004272-3,https://www.geonames.org/2950159
13048,15,Berlin,https://d-nb.info/gnd/2004272-3,https://www.geonames.org/2950159
13048,58,Weimar,https://d-nb.info/gnd/4065105-8,https://www.geonames.org/2812482
13049,15,Berlin,https://d-nb.info/gnd/2004272-3,https://www.geonames.org/2950159
13398,15,Berlin,https://d-nb.info/gnd/2004272-3,https://www.geonames.org/2950159
13398,12,Jena,https://d-nb.info/gnd/4028557-1,https://www.geonames.org/2895044
15049,60,Braunschweig,https://d-nb.info/gnd/42808-5,https://www.geonames.org/2945024
15049,13,Dresden,https://d-nb.info/gnd/37172-5,https://www.geonames.org/2935022
15049,173,Hannover,https://d-nb.info/gnd/4023349-2,https://www.geonames.org/2910831
15049,22,Leipzig,https://d-nb.info/gnd/4035206-7,https://www.geonames.org/2879139
15050,15,Berlin,https://d-nb.info/gnd/2004272-3,https://www.geonames.org/2950159
15050,5412,Strelitz,https://d-nb.info/gnd/10007060-7,https://www.geonames.org/2825922
15051,5412,Strelitz,https://d-nb.info/gnd/10007060-7,https://www.geonames.org/2825922
15052,13,Dresden,https://d-nb.info/gnd/37172-5,https://www.geonames.org/2935022
15052,173,Hannover,https://d-nb.info/gnd/4023349-2,https://www.geonames.org/2910831
15052,12,Jena,https://d-nb.info/gnd/4028557-1,https://www.geonames.org/2895044
15052,665,Kopenhagen,https://d-nb.info/gnd/4032399-7,
15052,22,Leipzig,https://d-nb.info/gnd/4035206-7,https://www.geonames.org/2879139
15052,1524,Pillnitz,https://d-nb.info/gnd/4306696-3,https://www.geonames.org/2853707
15054,24327,Schönhausen (Elbe),https://d-nb.info/gnd/4296831-8,https://www.geonames.org/6549545
15055,15,Berlin,https://d-nb.info/gnd/2004272-3,https://www.geonames.org/2950159
15057,15,Berlin,https://d-nb.info/gnd/2004272-3,https://www.geonames.org/2950159
15058,23943,Abdera,https://d-nb.info/gnd/4079604-8,
15058,15,Berlin,https://d-nb.info/gnd/2004272-3,https://www.geonames.org/2950159
15058,23942,Rheinsberg,https://d-nb.info/gnd/4049810-4,
15058,5412,Strelitz,https://d-nb.info/gnd/10007060-7,https://www.geonames.org/2825922
15059,13,Dresden,https://d-nb.info/gnd/37172-5,https://www.geonames.org/2935022
15059,22,Leipzig,https://d-nb.info/gnd/4035206-7,https://www.geonames.org/2879139
15060,13,Dresden,https://d-nb.info/gnd/37172-5,https://www.geonames.org/2935022
15061,24065,Brabant,https://d-nb.info/gnd/1085175103,
15061,13,Dresden,https://d-nb.info/gnd/37172-5,https://www.geonames.org/2935022
15061,2,Göttingen,https://d-nb.info/gnd/4021477-1,https://www.geonames.org/2918632
15061,229,Halle (Saale),https://d-nb.info/gnd/4023025-9,https://www.geonames.org/2911522
15061,22,Leipzig,https://d-nb.info/gnd/4035206-7,https://www.geonames.org/2879139
15061,8567,Wittenberg,https://d-nb.info/gnd/4066640-2,https://www.geonames.org/7303020
15061,10006,Wörlitz,https://d-nb.info/gnd/4066719-4,
15063,24327,Schönhausen (Elbe),https://d-nb.info/gnd/4296831-8,https://www.geonames.org/6549545
15064,4331,Bad Lauchstädt,https://d-nb.info/gnd/4034704-7,https://www.geonames.org/2953412
15064,22,Leipzig,https://d-nb.info/gnd/4035206-7,https://www.geonames.org/2879139
15065,13,Dresden,https://d-nb.info/gnd/37172-5,https://www.geonames.org/2935022
15065,1524,Pillnitz,https://d-nb.info/gnd/4306696-3,https://www.geonames.org/2853707
15066,173,Hannover,https://d-nb.info/gnd/4023349-2,https://www.geonames.org/2910831
15067,15,Berlin,https://d-nb.info/gnd/2004272-3,https://www.geonames.org/2950159
15067,173,Hannover,https://d-nb.info/gnd/4023349-2,https://www.geonames.org/2910831
15067,24327,Schönhausen (Elbe),https://d-nb.info/gnd/4296831-8,https://www.geonames.org/6549545
15067,5412,Strelitz,https://d-nb.info/gnd/10007060-7,https://www.geonames.org/2825922
15068,4331,Bad Lauchstädt,https://d-nb.info/gnd/4034704-7,https://www.geonames.org/2953412
15068,24092,Kurland,https://d-nb.info/gnd/4033801-0,
15068,22,Leipzig,https://d-nb.info/gnd/4035206-7,https://www.geonames.org/2879139
15069,24093,Antiparos,https://d-nb.info/gnd/4544765-2,
15069,24094,Demeterheiligtum (Eleusis),https://d-nb.info/gnd/1075468639,
15069,22,Leipzig,https://d-nb.info/gnd/4035206-7,https://www.geonames.org/2879139
15070,13,Dresden,https://d-nb.info/gnd/37172-5,https://www.geonames.org/2935022
15071,24327,Schönhausen (Elbe),https://d-nb.info/gnd/4296831-8,https://www.geonames.org/6549545
15078,15,Berlin,https://d-nb.info/gnd/2004272-3,https://www.geonames.org/2950159
15081,15,Berlin,https://d-nb.info/gnd/2004272-3,https://www.geonames.org/2950159
15082,15,Berlin,https://d-nb.info/gnd/2004272-3,https://www.geonames.org/2950159
15086,15,Berlin,https://d-nb.info/gnd/2004272-3,https://www.geonames.org/2950159
15088,13,Dresden,https://d-nb.info/gnd/37172-5,https://www.geonames.org/2935022
15088,58,Weimar,https://d-nb.info/gnd/4065105-8,https://www.geonames.org/2812482
15089,13,Dresden,https://d-nb.info/gnd/37172-5,https://www.geonames.org/2935022
15090,1197,Neustrelitz,https://d-nb.info/gnd/4101150-8,https://www.geonames.org/2864005
15091,13,Dresden,https://d-nb.info/gnd/37172-5,https://www.geonames.org/2935022
15091,22,Leipzig,https://d-nb.info/gnd/4035206-7,https://www.geonames.org/2879139
15091,1524,Pillnitz,https://d-nb.info/gnd/4306696-3,https://www.geonames.org/2853707
15092,11425,Jericho,https://d-nb.info/gnd/4028579-0,
15092,22,Leipzig,https://d-nb.info/gnd/4035206-7,https://www.geonames.org/2879139
15092,241,Weißenfels,https://d-nb.info/gnd/4065247-6,https://www.geonames.org/2811899
15092,8567,Wittenberg,https://d-nb.info/gnd/4066640-2,https://www.geonames.org/7303020
15096,60,Braunschweig,https://d-nb.info/gnd/42808-5,https://www.geonames.org/2945024
15096,22,Leipzig,https://d-nb.info/gnd/4035206-7,https://www.geonames.org/2879139
15096,171,Paris,https://d-nb.info/gnd/4044660-8,https://www.geonames.org/2988507
15096,1524,Pillnitz,https://d-nb.info/gnd/4306696-3,https://www.geonames.org/2853707
15097,13,Dresden,https://d-nb.info/gnd/37172-5,https://www.geonames.org/2935022
15097,22,Leipzig,https://d-nb.info/gnd/4035206-7,https://www.geonames.org/2879139
15097,171,Paris,https://d-nb.info/gnd/4044660-8,https://www.geonames.org/2988507
15098,60,Braunschweig,https://d-nb.info/gnd/42808-5,https://www.geonames.org/2945024
15098,13,Dresden,https://d-nb.info/gnd/37172-5,https://www.geonames.org/2935022
15099,13,Dresden,https://d-nb.info/gnd/37172-5,https://www.geonames.org/2935022
15100,15,Berlin,https://d-nb.info/gnd/2004272-3,https://www.geonames.org/2950159
15100,13,Dresden,https://d-nb.info/gnd/37172-5,https://www.geonames.org/2935022
15101,13,Dresden,https://d-nb.info/gnd/37172-5,https://www.geonames.org/2935022
15102,15,Berlin,https://d-nb.info/gnd/2004272-3,https://www.geonames.org/2950159
15102,13,Dresden,https://d-nb.info/gnd/37172-5,https://www.geonames.org/2935022
15103,13,Dresden,https://d-nb.info/gnd/37172-5,https://www.geonames.org/2935022
15104,13,Dresden,https://d-nb.info/gnd/37172-5,https://www.geonames.org/2935022
15105,13,Dresden,https://d-nb.info/gnd/37172-5,https://www.geonames.org/2935022
15106,13,Dresden,https://d-nb.info/gnd/37172-5,https://www.geonames.org/2935022
15107,13,Dresden,https://d-nb.info/gnd/37172-5,https://www.geonames.org/2935022
15108,13,Dresden,https://d-nb.info/gnd/37172-5,https://www.geonames.org/2935022
15109,13,Dresden,https://d-nb.info/gnd/37172-5,https://www.geonames.org/2935022
15109,12,Jena,https://d-nb.info/gnd/4028557-1,https://www.geonames.org/2895044
15109,22,Leipzig,https://d-nb.info/gnd/4035206-7,https://www.geonames.org/2879139
15110,13,Dresden,https://d-nb.info/gnd/37172-5,https://www.geonames.org/2935022
15111,13,Dresden,https://d-nb.info/gnd/37172-5,https://www.geonames.org/2935022
15111,12,Jena,https://d-nb.info/gnd/4028557-1,https://www.geonames.org/2895044
15111,22,Leipzig,https://d-nb.info/gnd/4035206-7,https://www.geonames.org/2879139
15111,1524,Pillnitz,https://d-nb.info/gnd/4306696-3,https://www.geonames.org/2853707
15111,24581,Toruń,https://d-nb.info/gnd/2024611-0,
15111,58,Weimar,https://d-nb.info/gnd/4065105-8,https://www.geonames.org/2812482
15112,2776,Giebichenstein,https://d-nb.info/gnd/5026901-X,https://www.geonames.org/2920649
15112,229,Halle (Saale),https://d-nb.info/gnd/4023025-9,https://www.geonames.org/2911522
15112,12,Jena,https://d-nb.info/gnd/4028557-1,https://www.geonames.org/2895044
15112,1524,Pillnitz,https://d-nb.info/gnd/4306696-3,https://www.geonames.org/2853707
15113,12,Jena,https://d-nb.info/gnd/4028557-1,https://www.geonames.org/2895044
15113,1524,Pillnitz,https://d-nb.info/gnd/4306696-3,https://www.geonames.org/2853707
15113,58,Weimar,https://d-nb.info/gnd/4065105-8,https://www.geonames.org/2812482
15114,13,Dresden,https://d-nb.info/gnd/37172-5,https://www.geonames.org/2935022
15114,229,Halle (Saale),https://d-nb.info/gnd/4023025-9,https://www.geonames.org/2911522
15114,12,Jena,https://d-nb.info/gnd/4028557-1,https://www.geonames.org/2895044
15114,10268,Oschatz,https://d-nb.info/gnd/4104635-3,
15114,1524,Pillnitz,https://d-nb.info/gnd/4306696-3,https://www.geonames.org/2853707
15115,10153,Bad Dürrenberg,https://d-nb.info/gnd/4280272-6,https://www.geonames.org/2953521
15115,13,Dresden,https://d-nb.info/gnd/37172-5,https://www.geonames.org/2935022
15115,229,Halle (Saale),https://d-nb.info/gnd/4023025-9,https://www.geonames.org/2911522
15115,12,Jena,https://d-nb.info/gnd/4028557-1,https://www.geonames.org/2895044
15115,22,Leipzig,https://d-nb.info/gnd/4035206-7,https://www.geonames.org/2879139
15115,1524,Pillnitz,https://d-nb.info/gnd/4306696-3,https://www.geonames.org/2853707
15115,241,Weißenfels,https://d-nb.info/gnd/4065247-6,https://www.geonames.org/2811899
15116,10153,Bad Dürrenberg,https://d-nb.info/gnd/4280272-6,https://www.geonames.org/2953521
15116,13,Dresden,https://d-nb.info/gnd/37172-5,https://www.geonames.org/2935022
15116,12,Jena,https://d-nb.info/gnd/4028557-1,https://www.geonames.org/2895044
15116,22,Leipzig,https://d-nb.info/gnd/4035206-7,https://www.geonames.org/2879139
15116,1524,Pillnitz,https://d-nb.info/gnd/4306696-3,https://www.geonames.org/2853707
15116,241,Weißenfels,https://d-nb.info/gnd/4065247-6,https://www.geonames.org/2811899
15116,8567,Wittenberg,https://d-nb.info/gnd/4066640-2,https://www.geonames.org/7303020
15117,1524,Pillnitz,https://d-nb.info/gnd/4306696-3,https://www.geonames.org/2853707
15118,22,Leipzig,https://d-nb.info/gnd/4035206-7,https://www.geonames.org/2879139
15118,1524,Pillnitz,https://d-nb.info/gnd/4306696-3,https://www.geonames.org/2853707
15119,13,Dresden,https://d-nb.info/gnd/37172-5,https://www.geonames.org/2935022
15120,2776,Giebichenstein,https://d-nb.info/gnd/5026901-X,https://www.geonames.org/2920649
15120,229,Halle (Saale),https://d-nb.info/gnd/4023025-9,https://www.geonames.org/2911522
15120,12,Jena,https://d-nb.info/gnd/4028557-1,https://www.geonames.org/2895044
15120,22,Leipzig,https://d-nb.info/gnd/4035206-7,https://www.geonames.org/2879139
15120,241,Weißenfels,https://d-nb.info/gnd/4065247-6,https://www.geonames.org/2811899
15121,10153,Bad Dürrenberg,https://d-nb.info/gnd/4280272-6,https://www.geonames.org/2953521
15121,15,Berlin,https://d-nb.info/gnd/2004272-3,https://www.geonames.org/2950159
15121,12,Jena,https://d-nb.info/gnd/4028557-1,https://www.geonames.org/2895044
15121,22,Leipzig,https://d-nb.info/gnd/4035206-7,https://www.geonames.org/2879139
15121,58,Weimar,https://d-nb.info/gnd/4065105-8,https://www.geonames.org/2812482
15121,241,Weißenfels,https://d-nb.info/gnd/4065247-6,https://www.geonames.org/2811899
15122,10153,Bad Dürrenberg,https://d-nb.info/gnd/4280272-6,https://www.geonames.org/2953521
15122,12,Jena,https://d-nb.info/gnd/4028557-1,https://www.geonames.org/2895044
15122,241,Weißenfels,https://d-nb.info/gnd/4065247-6,https://www.geonames.org/2811899
15123,13,Dresden,https://d-nb.info/gnd/37172-5,https://www.geonames.org/2935022
15123,12,Jena,https://d-nb.info/gnd/4028557-1,https://www.geonames.org/2895044
15123,22,Leipzig,https://d-nb.info/gnd/4035206-7,https://www.geonames.org/2879139
15123,1524,Pillnitz,https://d-nb.info/gnd/4306696-3,https://www.geonames.org/2853707
15123,58,Weimar,https://d-nb.info/gnd/4065105-8,https://www.geonames.org/2812482
15124,229,Halle (Saale),https://d-nb.info/gnd/4023025-9,https://www.geonames.org/2911522
15124,12,Jena,https://d-nb.info/gnd/4028557-1,https://www.geonames.org/2895044
15124,22,Leipzig,https://d-nb.info/gnd/4035206-7,https://www.geonames.org/2879139
15124,24620,Theben (Böotien),https://d-nb.info/gnd/4078237-2,
15124,24002,Zeitz,https://d-nb.info/gnd/4067525-7,
15125,13,Dresden,https://d-nb.info/gnd/37172-5,https://www.geonames.org/2935022
15125,2091,Eutin,https://d-nb.info/gnd/4015796-9,https://www.geonames.org/2928381
15125,229,Halle (Saale),https://d-nb.info/gnd/4023025-9,https://www.geonames.org/2911522
15125,12,Jena,https://d-nb.info/gnd/4028557-1,https://www.geonames.org/2895044
15125,1738,Leiden,https://d-nb.info/gnd/4074118-7,
15125,351,Nürnberg,https://d-nb.info/gnd/4042742-0,https://www.geonames.org/2861650
15125,58,Weimar,https://d-nb.info/gnd/4065105-8,https://www.geonames.org/2812482
15125,241,Weißenfels,https://d-nb.info/gnd/4065247-6,https://www.geonames.org/2811899
15126,12,Jena,https://d-nb.info/gnd/4028557-1,https://www.geonames.org/2895044
15126,58,Weimar,https://d-nb.info/gnd/4065105-8,https://www.geonames.org/2812482
15127,12,Jena,https://d-nb.info/gnd/4028557-1,https://www.geonames.org/2895044
15128,12,Jena,https://d-nb.info/gnd/4028557-1,https://www.geonames.org/2895044
15128,58,Weimar,https://d-nb.info/gnd/4065105-8,https://www.geonames.org/2812482
15129,12,Jena,https://d-nb.info/gnd/4028557-1,https://www.geonames.org/2895044
15129,58,Weimar,https://d-nb.info/gnd/4065105-8,https://www.geonames.org/2812482
15130,13,Dresden,https://d-nb.info/gnd/37172-5,https://www.geonames.org/2935022
15130,12,Jena,https://d-nb.info/gnd/4028557-1,https://www.geonames.org/2895044
15130,58,Weimar,https://d-nb.info/gnd/4065105-8,https://www.geonames.org/2812482
15131,229,Halle (Saale),https://d-nb.info/gnd/4023025-9,https://www.geonames.org/2911522
15131,12,Jena,https://d-nb.info/gnd/4028557-1,https://www.geonames.org/2895044
15132,24004,Artern,https://d-nb.info/gnd/4300124-5,https://www.geonames.org/2955394
15132,24005,Grüningen (Greußen),https://d-nb.info/gnd/1153848295,https://www.geonames.org/2914145
15132,241,Weißenfels,https://d-nb.info/gnd/4065247-6,https://www.geonames.org/2811899
15133,12,Jena,https://d-nb.info/gnd/4028557-1,https://www.geonames.org/2895044
15133,241,Weißenfels,https://d-nb.info/gnd/4065247-6,https://www.geonames.org/2811899
15134,24005,Grüningen (Greußen),https://d-nb.info/gnd/1153848295,https://www.geonames.org/2914145
15134,12,Jena,https://d-nb.info/gnd/4028557-1,https://www.geonames.org/2895044
15134,922,Merseburg,https://d-nb.info/gnd/4038749-5,https://www.geonames.org/2871736
15134,241,Weißenfels,https://d-nb.info/gnd/4065247-6,https://www.geonames.org/2811899
15134,24006,Zillbach (Schwallungen),https://d-nb.info/gnd/4119243-6,https://www.geonames.org/2804227
15135,12,Jena,https://d-nb.info/gnd/4028557-1,https://www.geonames.org/2895044
15136,2776,Giebichenstein,https://d-nb.info/gnd/5026901-X,https://www.geonames.org/2920649
15137,2091,Eutin,https://d-nb.info/gnd/4015796-9,https://www.geonames.org/2928381
15137,229,Halle (Saale),https://d-nb.info/gnd/4023025-9,https://www.geonames.org/2911522
15137,12,Jena,https://d-nb.info/gnd/4028557-1,https://www.geonames.org/2895044
15137,241,Weißenfels,https://d-nb.info/gnd/4065247-6,https://www.geonames.org/2811899
15138,229,Halle (Saale),https://d-nb.info/gnd/4023025-9,https://www.geonames.org/2911522
15138,12,Jena,https://d-nb.info/gnd/4028557-1,https://www.geonames.org/2895044
15139,24005,Grüningen (Greußen),https://d-nb.info/gnd/1153848295,https://www.geonames.org/2914145
15139,241,Weißenfels,https://d-nb.info/gnd/4065247-6,https://www.geonames.org/2811899
15140,2,Göttingen,https://d-nb.info/gnd/4021477-1,https://www.geonames.org/2918632
15140,12,Jena,https://d-nb.info/gnd/4028557-1,https://www.geonames.org/2895044
15141,24005,Grüningen (Greußen),https://d-nb.info/gnd/1153848295,https://www.geonames.org/2914145
15141,241,Weißenfels,https://d-nb.info/gnd/4065247-6,https://www.geonames.org/2811899
15142,2776,Giebichenstein,https://d-nb.info/gnd/5026901-X,https://www.geonames.org/2920649
15142,12,Jena,https://d-nb.info/gnd/4028557-1,https://www.geonames.org/2895044
15143,24005,Grüningen (Greußen),https://d-nb.info/gnd/1153848295,https://www.geonames.org/2914145
15143,12,Jena,https://d-nb.info/gnd/4028557-1,https://www.geonames.org/2895044
15144,12,Jena,https://d-nb.info/gnd/4028557-1,https://www.geonames.org/2895044
15145,241,Weißenfels,https://d-nb.info/gnd/4065247-6,https://www.geonames.org/2811899
15146,15,Berlin,https://d-nb.info/gnd/2004272-3,https://www.geonames.org/2950159
15146,60,Braunschweig,https://d-nb.info/gnd/42808-5,https://www.geonames.org/2945024
15146,13,Dresden,https://d-nb.info/gnd/37172-5,https://www.geonames.org/2935022
15146,12,Jena,https://d-nb.info/gnd/4028557-1,https://www.geonames.org/2895044
15147,12,Jena,https://d-nb.info/gnd/4028557-1,https://www.geonames.org/2895044
15148,12,Jena,https://d-nb.info/gnd/4028557-1,https://www.geonames.org/2895044
15149,13,Dresden,https://d-nb.info/gnd/37172-5,https://www.geonames.org/2935022
15149,12,Jena,https://d-nb.info/gnd/4028557-1,https://www.geonames.org/2895044
15150,12,Jena,https://d-nb.info/gnd/4028557-1,https://www.geonames.org/2895044
15150,25025,Tennstedt,,https://www.geonames.org/2953325
15151,13,Dresden,https://d-nb.info/gnd/37172-5,https://www.geonames.org/2935022
15151,12,Jena,https://d-nb.info/gnd/4028557-1,https://www.geonames.org/2895044
15152,12,Jena,https://d-nb.info/gnd/4028557-1,https://www.geonames.org/2895044
15152,25025,Tennstedt,,https://www.geonames.org/2953325
15153,13,Dresden,https://d-nb.info/gnd/37172-5,https://www.geonames.org/2935022
15153,12,Jena,https://d-nb.info/gnd/4028557-1,https://www.geonames.org/2895044
15153,25025,Tennstedt,,https://www.geonames.org/2953325
15155,12,Jena,https://d-nb.info/gnd/4028557-1,https://www.geonames.org/2895044
15157,12,Jena,https://d-nb.info/gnd/4028557-1,https://www.geonames.org/2895044
15157,25025,Tennstedt,,https://www.geonames.org/2953325
15158,25025,Tennstedt,,https://www.geonames.org/2953325
15159,12,Jena,https://d-nb.info/gnd/4028557-1,https://www.geonames.org/2895044
15159,241,Weißenfels,https://d-nb.info/gnd/4065247-6,https://www.geonames.org/2811899
15160,15,Berlin,https://d-nb.info/gnd/2004272-3,https://www.geonames.org/2950159
15160,12,Jena,https://d-nb.info/gnd/4028557-1,https://www.geonames.org/2895044
15161,409,Bad Kösen,https://d-nb.info/gnd/4031606-3,https://www.geonames.org/2953418
15161,2281,Dessau,https://d-nb.info/gnd/4011536-7,https://www.geonames.org/2937959
15161,24005,Grüningen (Greußen),https://d-nb.info/gnd/1153848295,https://www.geonames.org/2914145
15161,229,Halle (Saale),https://d-nb.info/gnd/4023025-9,https://www.geonames.org/2911522
15161,12,Jena,https://d-nb.info/gnd/4028557-1,https://www.geonames.org/2895044
15161,241,Weißenfels,https://d-nb.info/gnd/4065247-6,https://www.geonames.org/2811899
15161,1196,Wiederstedt,https://d-nb.info/gnd/4289490-6,https://www.geonames.org/2809567
15161,10006,Wörlitz,https://d-nb.info/gnd/4066719-4,
15162,12,Jena,https://d-nb.info/gnd/4028557-1,https://www.geonames.org/2895044
15162,241,Weißenfels,https://d-nb.info/gnd/4065247-6,https://www.geonames.org/2811899
15162,1196,Wiederstedt,https://d-nb.info/gnd/4289490-6,https://www.geonames.org/2809567
15163,24004,Artern,https://d-nb.info/gnd/4300124-5,https://www.geonames.org/2955394
15163,10153,Bad Dürrenberg,https://d-nb.info/gnd/4280272-6,https://www.geonames.org/2953521
15163,409,Bad Kösen,https://d-nb.info/gnd/4031606-3,https://www.geonames.org/2953418
15163,15,Berlin,https://d-nb.info/gnd/2004272-3,https://www.geonames.org/2950159
15163,2776,Giebichenstein,https://d-nb.info/gnd/5026901-X,https://www.geonames.org/2920649
15164,10153,Bad Dürrenberg,https://d-nb.info/gnd/4280272-6,https://www.geonames.org/2953521
15164,409,Bad Kösen,https://d-nb.info/gnd/4031606-3,https://www.geonames.org/2953418
15164,15,Berlin,https://d-nb.info/gnd/2004272-3,https://www.geonames.org/2950159
15164,229,Halle (Saale),https://d-nb.info/gnd/4023025-9,https://www.geonames.org/2911522
15164,12,Jena,https://d-nb.info/gnd/4028557-1,https://www.geonames.org/2895044
15164,241,Weißenfels,https://d-nb.info/gnd/4065247-6,https://www.geonames.org/2811899
15165,12,Jena,https://d-nb.info/gnd/4028557-1,https://www.geonames.org/2895044
15165,241,Weißenfels,https://d-nb.info/gnd/4065247-6,https://www.geonames.org/2811899
15166,15,Berlin,https://d-nb.info/gnd/2004272-3,https://www.geonames.org/2950159
15166,13,Dresden,https://d-nb.info/gnd/37172-5,https://www.geonames.org/2935022
15167,15,Berlin,https://d-nb.info/gnd/2004272-3,https://www.geonames.org/2950159
15167,12,Jena,https://d-nb.info/gnd/4028557-1,https://www.geonames.org/2895044
15167,1524,Pillnitz,https://d-nb.info/gnd/4306696-3,https://www.geonames.org/2853707
15168,15,Berlin,https://d-nb.info/gnd/2004272-3,https://www.geonames.org/2950159
15168,60,Braunschweig,https://d-nb.info/gnd/42808-5,https://www.geonames.org/2945024
15169,409,Bad Kösen,https://d-nb.info/gnd/4031606-3,https://www.geonames.org/2953418
15169,13,Dresden,https://d-nb.info/gnd/37172-5,https://www.geonames.org/2935022
15169,4958,Freiberg,https://d-nb.info/gnd/4018266-6,https://www.geonames.org/2925192
15169,241,Weißenfels,https://d-nb.info/gnd/4065247-6,https://www.geonames.org/2811899
15175,15,Berlin,https://d-nb.info/gnd/2004272-3,https://www.geonames.org/2950159
15175,13,Dresden,https://d-nb.info/gnd/37172-5,https://www.geonames.org/2935022
15175,12,Jena,https://d-nb.info/gnd/4028557-1,https://www.geonames.org/2895044
15175,1524,Pillnitz,https://d-nb.info/gnd/4306696-3,https://www.geonames.org/2853707
15176,22,Leipzig,https://d-nb.info/gnd/4035206-7,https://www.geonames.org/2879139
15179,12,Jena,https://d-nb.info/gnd/4028557-1,https://www.geonames.org/2895044
15191,15,Berlin,https://d-nb.info/gnd/2004272-3,https://www.geonames.org/2950159
15191,13,Dresden,https://d-nb.info/gnd/37172-5,https://www.geonames.org/2935022
15191,12,Jena,https://d-nb.info/gnd/4028557-1,https://www.geonames.org/2895044
15193,15,Berlin,https://d-nb.info/gnd/2004272-3,https://www.geonames.org/2950159
15196,15,Berlin,https://d-nb.info/gnd/2004272-3,https://www.geonames.org/2950159
15196,13,Dresden,https://d-nb.info/gnd/37172-5,https://www.geonames.org/2935022
15196,12,Jena,https://d-nb.info/gnd/4028557-1,https://www.geonames.org/2895044
15197,24004,Artern,https://d-nb.info/gnd/4300124-5,https://www.geonames.org/2955394
15197,409,Bad Kösen,https://d-nb.info/gnd/4031606-3,https://www.geonames.org/2953418
15197,15,Berlin,https://d-nb.info/gnd/2004272-3,https://www.geonames.org/2950159
15197,13,Dresden,https://d-nb.info/gnd/37172-5,https://www.geonames.org/2935022
15197,4958,Freiberg,https://d-nb.info/gnd/4018266-6,https://www.geonames.org/2925192
15197,12,Jena,https://d-nb.info/gnd/4028557-1,https://www.geonames.org/2895044
15197,5289,Meißen,https://d-nb.info/gnd/4038474-3,https://www.geonames.org/2872155
15197,171,Paris,https://d-nb.info/gnd/4044660-8,https://www.geonames.org/2988507
15197,11220,Siebeneichen bei Meißen,https://d-nb.info/gnd/106647818X,https://www.geonames.org/10629721
15197,241,Weißenfels,https://d-nb.info/gnd/4065247-6,https://www.geonames.org/2811899
15198,12,Jena,https://d-nb.info/gnd/4028557-1,https://www.geonames.org/2895044
15200,15,Berlin,https://d-nb.info/gnd/2004272-3,https://www.geonames.org/2950159
15202,15,Berlin,https://d-nb.info/gnd/2004272-3,https://www.geonames.org/2950159
15202,327,Frankfurt am Main,https://d-nb.info/gnd/4018118-2,https://www.geonames.org/2925533
15203,15,Berlin,https://d-nb.info/gnd/2004272-3,https://www.geonames.org/2950159
15204,15,Berlin,https://d-nb.info/gnd/2004272-3,https://www.geonames.org/2950159
15204,13,Dresden,https://d-nb.info/gnd/37172-5,https://www.geonames.org/2935022
15206,15,Berlin,https://d-nb.info/gnd/2004272-3,https://www.geonames.org/2950159
15207,15,Berlin,https://d-nb.info/gnd/2004272-3,https://www.geonames.org/2950159
15207,1197,Neustrelitz,https://d-nb.info/gnd/4101150-8,https://www.geonames.org/2864005
15208,15,Berlin,https://d-nb.info/gnd/2004272-3,https://www.geonames.org/2950159
15208,13,Dresden,https://d-nb.info/gnd/37172-5,https://www.geonames.org/2935022
15208,4958,Freiberg,https://d-nb.info/gnd/4018266-6,https://www.geonames.org/2925192
15208,1524,Pillnitz,https://d-nb.info/gnd/4306696-3,https://www.geonames.org/2853707
15209,15,Berlin,https://d-nb.info/gnd/2004272-3,https://www.geonames.org/2950159
15210,15,Berlin,https://d-nb.info/gnd/2004272-3,https://www.geonames.org/2950159
15210,13,Dresden,https://d-nb.info/gnd/37172-5,https://www.geonames.org/2935022
15211,15,Berlin,https://d-nb.info/gnd/2004272-3,https://www.geonames.org/2950159
15211,13,Dresden,https://d-nb.info/gnd/37172-5,https://www.geonames.org/2935022
15212,15,Berlin,https://d-nb.info/gnd/2004272-3,https://www.geonames.org/2950159
15212,12,Jena,https://d-nb.info/gnd/4028557-1,https://www.geonames.org/2895044
15213,15,Berlin,https://d-nb.info/gnd/2004272-3,https://www.geonames.org/2950159
15213,229,Halle (Saale),https://d-nb.info/gnd/4023025-9,https://www.geonames.org/2911522
15213,171,Paris,https://d-nb.info/gnd/4044660-8,https://www.geonames.org/2988507
15215,15,Berlin,https://d-nb.info/gnd/2004272-3,https://www.geonames.org/2950159
15215,13,Dresden,https://d-nb.info/gnd/37172-5,https://www.geonames.org/2935022
15215,2275,Potsdam,https://d-nb.info/gnd/4046948-7,https://www.geonames.org/2852458
15217,282,Teplitz,https://d-nb.info/gnd/4059481-6,https://www.geonames.org/3064288
15218,13,Dresden,https://d-nb.info/gnd/37172-5,https://www.geonames.org/2935022
15219,282,Teplitz,https://d-nb.info/gnd/4059481-6,https://www.geonames.org/3064288
15221,15,Berlin,https://d-nb.info/gnd/2004272-3,https://www.geonames.org/2950159
15221,13,Dresden,https://d-nb.info/gnd/37172-5,https://www.geonames.org/2935022
15221,2,Göttingen,https://d-nb.info/gnd/4021477-1,https://www.geonames.org/2918632
15222,15,Berlin,https://d-nb.info/gnd/2004272-3,https://www.geonames.org/2950159
15222,13,Dresden,https://d-nb.info/gnd/37172-5,https://www.geonames.org/2935022
15222,282,Teplitz,https://d-nb.info/gnd/4059481-6,https://www.geonames.org/3064288
15223,15,Berlin,https://d-nb.info/gnd/2004272-3,https://www.geonames.org/2950159
15223,13,Dresden,https://d-nb.info/gnd/37172-5,https://www.geonames.org/2935022
15223,4958,Freiberg,https://d-nb.info/gnd/4018266-6,https://www.geonames.org/2925192
15223,23957,Oberschöna,https://d-nb.info/gnd/4640712-1,https://www.geonames.org/2859119
15223,282,Teplitz,https://d-nb.info/gnd/4059481-6,https://www.geonames.org/3064288
15224,15,Berlin,https://d-nb.info/gnd/2004272-3,https://www.geonames.org/2950159
15224,13,Dresden,https://d-nb.info/gnd/37172-5,https://www.geonames.org/2935022
15224,4958,Freiberg,https://d-nb.info/gnd/4018266-6,https://www.geonames.org/2925192
15224,282,Teplitz,https://d-nb.info/gnd/4059481-6,https://www.geonames.org/3064288
15225,15,Berlin,https://d-nb.info/gnd/2004272-3,https://www.geonames.org/2950159
15225,13,Dresden,https://d-nb.info/gnd/37172-5,https://www.geonames.org/2935022
15226,15,Berlin,https://d-nb.info/gnd/2004272-3,https://www.geonames.org/2950159
15226,13,Dresden,https://d-nb.info/gnd/37172-5,https://www.geonames.org/2935022
15227,15,Berlin,https://d-nb.info/gnd/2004272-3,https://www.geonames.org/2950159
15231,15,Berlin,https://d-nb.info/gnd/2004272-3,https://www.geonames.org/2950159
15231,241,Weißenfels,https://d-nb.info/gnd/4065247-6,https://www.geonames.org/2811899
15232,15,Berlin,https://d-nb.info/gnd/2004272-3,https://www.geonames.org/2950159
15232,22,Leipzig,https://d-nb.info/gnd/4035206-7,https://www.geonames.org/2879139
15232,241,Weißenfels,https://d-nb.info/gnd/4065247-6,https://www.geonames.org/2811899
15233,12,Jena,https://d-nb.info/gnd/4028557-1,https://www.geonames.org/2895044
15234,15,Berlin,https://d-nb.info/gnd/2004272-3,https://www.geonames.org/2950159
15234,13,Dresden,https://d-nb.info/gnd/37172-5,https://www.geonames.org/2935022
15234,171,Paris,https://d-nb.info/gnd/4044660-8,https://www.geonames.org/2988507
15235,12,Jena,https://d-nb.info/gnd/4028557-1,https://www.geonames.org/2895044
15236,15,Berlin,https://d-nb.info/gnd/2004272-3,https://www.geonames.org/2950159
15236,12,Jena,https://d-nb.info/gnd/4028557-1,https://www.geonames.org/2895044
15237,4958,Freiberg,https://d-nb.info/gnd/4018266-6,https://www.geonames.org/2925192
15237,12,Jena,https://d-nb.info/gnd/4028557-1,https://www.geonames.org/2895044
15238,15,Berlin,https://d-nb.info/gnd/2004272-3,https://www.geonames.org/2950159
15239,22,Leipzig,https://d-nb.info/gnd/4035206-7,https://www.geonames.org/2879139
15240,15,Berlin,https://d-nb.info/gnd/2004272-3,https://www.geonames.org/2950159
15241,13,Dresden,https://d-nb.info/gnd/37172-5,https://www.geonames.org/2935022
15241,229,Halle (Saale),https://d-nb.info/gnd/4023025-9,https://www.geonames.org/2911522
15241,171,Paris,https://d-nb.info/gnd/4044660-8,https://www.geonames.org/2988507
15242,15,Berlin,https://d-nb.info/gnd/2004272-3,https://www.geonames.org/2950159
15243,15,Berlin,https://d-nb.info/gnd/2004272-3,https://www.geonames.org/2950159
15243,13,Dresden,https://d-nb.info/gnd/37172-5,https://www.geonames.org/2935022
15243,4958,Freiberg,https://d-nb.info/gnd/4018266-6,https://www.geonames.org/2925192
15243,23960,Freiburg in Schlesien,https://d-nb.info/gnd/4662794-7,
15244,4958,Freiberg,https://d-nb.info/gnd/4018266-6,https://www.geonames.org/2925192
15244,98,Hamburg,https://d-nb.info/gnd/4023118-5,https://www.geonames.org/2911298
15244,12,Jena,https://d-nb.info/gnd/4028557-1,https://www.geonames.org/2895044
15245,15,Berlin,https://d-nb.info/gnd/2004272-3,https://www.geonames.org/2950159
15247,15,Berlin,https://d-nb.info/gnd/2004272-3,https://www.geonames.org/2950159
15247,13,Dresden,https://d-nb.info/gnd/37172-5,https://www.geonames.org/2935022
15247,4958,Freiberg,https://d-nb.info/gnd/4018266-6,https://www.geonames.org/2925192
15248,15,Berlin,https://d-nb.info/gnd/2004272-3,https://www.geonames.org/2950159
15248,13,Dresden,https://d-nb.info/gnd/37172-5,https://www.geonames.org/2935022
15248,4958,Freiberg,https://d-nb.info/gnd/4018266-6,https://www.geonames.org/2925192
15248,12,Jena,https://d-nb.info/gnd/4028557-1,https://www.geonames.org/2895044
15249,15,Berlin,https://d-nb.info/gnd/2004272-3,https://www.geonames.org/2950159
15249,171,Paris,https://d-nb.info/gnd/4044660-8,https://www.geonames.org/2988507
15249,2238,Stockholm,https://d-nb.info/gnd/4057648-6,
15249,16,Wien,https://d-nb.info/gnd/4066009-6,
15250,12,Jena,https://d-nb.info/gnd/4028557-1,https://www.geonames.org/2895044
15251,15,Berlin,https://d-nb.info/gnd/2004272-3,https://www.geonames.org/2950159
15251,2275,Potsdam,https://d-nb.info/gnd/4046948-7,https://www.geonames.org/2852458
15251,58,Weimar,https://d-nb.info/gnd/4065105-8,https://www.geonames.org/2812482
15253,15,Berlin,https://d-nb.info/gnd/2004272-3,https://www.geonames.org/2950159
15254,12,Jena,https://d-nb.info/gnd/4028557-1,https://www.geonames.org/2895044
15255,2275,Potsdam,https://d-nb.info/gnd/4046948-7,https://www.geonames.org/2852458
15256,15,Berlin,https://d-nb.info/gnd/2004272-3,https://www.geonames.org/2950159
15257,897,Mainz,https://d-nb.info/gnd/2018680-0,https://www.geonames.org/2874225
15258,15,Berlin,https://d-nb.info/gnd/2004272-3,https://www.geonames.org/2950159
15258,12,Jena,https://d-nb.info/gnd/4028557-1,https://www.geonames.org/2895044
15258,22,Leipzig,https://d-nb.info/gnd/4035206-7,https://www.geonames.org/2879139
15258,2275,Potsdam,https://d-nb.info/gnd/4046948-7,https://www.geonames.org/2852458
15259,22,Leipzig,https://d-nb.info/gnd/4035206-7,https://www.geonames.org/2879139
15261,15,Berlin,https://d-nb.info/gnd/2004272-3,https://www.geonames.org/2950159
15262,15,Berlin,https://d-nb.info/gnd/2004272-3,https://www.geonames.org/2950159
15262,13,Dresden,https://d-nb.info/gnd/37172-5,https://www.geonames.org/2935022
15262,12,Jena,https://d-nb.info/gnd/4028557-1,https://www.geonames.org/2895044
15262,22,Leipzig,https://d-nb.info/gnd/4035206-7,https://www.geonames.org/2879139
15262,58,Weimar,https://d-nb.info/gnd/4065105-8,https://www.geonames.org/2812482
15262,16,Wien,https://d-nb.info/gnd/4066009-6,
15263,13,Dresden,https://d-nb.info/gnd/37172-5,https://www.geonames.org/2935022
15264,13,Dresden,https://d-nb.info/gnd/37172-5,https://www.geonames.org/2935022
15264,12,Jena,https://d-nb.info/gnd/4028557-1,https://www.geonames.org/2895044
15264,16,Wien,https://d-nb.info/gnd/4066009-6,
15266,15,Berlin,https://d-nb.info/gnd/2004272-3,https://www.geonames.org/2950159
15267,15,Berlin,https://d-nb.info/gnd/2004272-3,https://www.geonames.org/2950159
15267,12,Jena,https://d-nb.info/gnd/4028557-1,https://www.geonames.org/2895044
15267,22,Leipzig,https://d-nb.info/gnd/4035206-7,https://www.geonames.org/2879139
15268,2281,Dessau,https://d-nb.info/gnd/4011536-7,https://www.geonames.org/2937959
15269,58,Weimar,https://d-nb.info/gnd/4065105-8,https://www.geonames.org/2812482
15270,15,Berlin,https://d-nb.info/gnd/2004272-3,https://www.geonames.org/2950159
15270,13,Dresden,https://d-nb.info/gnd/37172-5,https://www.geonames.org/2935022
15270,22,Leipzig,https://d-nb.info/gnd/4035206-7,https://www.geonames.org/2879139
15270,171,Paris,https://d-nb.info/gnd/4044660-8,https://www.geonames.org/2988507
15270,2242,Stralsund,https://d-nb.info/gnd/4057860-4,https://www.geonames.org/2826287
15270,16,Wien,https://d-nb.info/gnd/4066009-6,
15271,15,Berlin,https://d-nb.info/gnd/2004272-3,https://www.geonames.org/2950159
15271,12,Jena,https://d-nb.info/gnd/4028557-1,https://www.geonames.org/2895044
15272,13,Dresden,https://d-nb.info/gnd/37172-5,https://www.geonames.org/2935022
15273,12,Jena,https://d-nb.info/gnd/4028557-1,https://www.geonames.org/2895044
15275,15,Berlin,https://d-nb.info/gnd/2004272-3,https://www.geonames.org/2950159
15275,12,Jena,https://d-nb.info/gnd/4028557-1,https://www.geonames.org/2895044
15275,22,Leipzig,https://d-nb.info/gnd/4035206-7,https://www.geonames.org/2879139
15276,15,Berlin,https://d-nb.info/gnd/2004272-3,https://www.geonames.org/2950159
15276,12,Jena,https://d-nb.info/gnd/4028557-1,https://www.geonames.org/2895044
15277,15,Berlin,https://d-nb.info/gnd/2004272-3,https://www.geonames.org/2950159
15277,12,Jena,https://d-nb.info/gnd/4028557-1,https://www.geonames.org/2895044
15278,12,Jena,https://d-nb.info/gnd/4028557-1,https://www.geonames.org/2895044
15279,15,Berlin,https://d-nb.info/gnd/2004272-3,https://www.geonames.org/2950159
15279,60,Braunschweig,https://d-nb.info/gnd/42808-5,https://www.geonames.org/2945024
15279,12,Jena,https://d-nb.info/gnd/4028557-1,https://www.geonames.org/2895044
15280,15,Berlin,https://d-nb.info/gnd/2004272-3,https://www.geonames.org/2950159
15280,12,Jena,https://d-nb.info/gnd/4028557-1,https://www.geonames.org/2895044
15280,171,Paris,https://d-nb.info/gnd/4044660-8,https://www.geonames.org/2988507
15281,15,Berlin,https://d-nb.info/gnd/2004272-3,https://www.geonames.org/2950159
15283,15,Berlin,https://d-nb.info/gnd/2004272-3,https://www.geonames.org/2950159
15283,12,Jena,https://d-nb.info/gnd/4028557-1,https://www.geonames.org/2895044
15284,13,Dresden,https://d-nb.info/gnd/37172-5,https://www.geonames.org/2935022
15284,98,Hamburg,https://d-nb.info/gnd/4023118-5,https://www.geonames.org/2911298
15284,12,Jena,https://d-nb.info/gnd/4028557-1,https://www.geonames.org/2895044
15285,22,Leipzig,https://d-nb.info/gnd/4035206-7,https://www.geonames.org/2879139
15286,12,Jena,https://d-nb.info/gnd/4028557-1,https://www.geonames.org/2895044
15287,12,Jena,https://d-nb.info/gnd/4028557-1,https://www.geonames.org/2895044
15288,15,Berlin,https://d-nb.info/gnd/2004272-3,https://www.geonames.org/2950159
15288,12,Jena,https://d-nb.info/gnd/4028557-1,https://www.geonames.org/2895044
15290,13,Dresden,https://d-nb.info/gnd/37172-5,https://www.geonames.org/2935022
15291,12,Jena,https://d-nb.info/gnd/4028557-1,https://www.geonames.org/2895044
15292,15,Berlin,https://d-nb.info/gnd/2004272-3,https://www.geonames.org/2950159
15292,12,Jena,https://d-nb.info/gnd/4028557-1,https://www.geonames.org/2895044
15292,22,Leipzig,https://d-nb.info/gnd/4035206-7,https://www.geonames.org/2879139
15292,58,Weimar,https://d-nb.info/gnd/4065105-8,https://www.geonames.org/2812482
15292,241,Weißenfels,https://d-nb.info/gnd/4065247-6,https://www.geonames.org/2811899
15294,15,Berlin,https://d-nb.info/gnd/2004272-3,https://www.geonames.org/2950159
15294,12,Jena,https://d-nb.info/gnd/4028557-1,https://www.geonames.org/2895044
15294,22,Leipzig,https://d-nb.info/gnd/4035206-7,https://www.geonames.org/2879139
15294,356,Rom,https://d-nb.info/gnd/4050471-2,https://www.geonames.org/3169070
15294,241,Weißenfels,https://d-nb.info/gnd/4065247-6,https://www.geonames.org/2811899
15297,2281,Dessau,https://d-nb.info/gnd/4011536-7,https://www.geonames.org/2937959
15297,13,Dresden,https://d-nb.info/gnd/37172-5,https://www.geonames.org/2935022
15297,12,Jena,https://d-nb.info/gnd/4028557-1,https://www.geonames.org/2895044
15297,22,Leipzig,https://d-nb.info/gnd/4035206-7,https://www.geonames.org/2879139
15298,3842,Babylon,https://d-nb.info/gnd/4004101-3,
15298,15,Berlin,https://d-nb.info/gnd/2004272-3,https://www.geonames.org/2950159
15298,98,Hamburg,https://d-nb.info/gnd/4023118-5,https://www.geonames.org/2911298
15298,12,Jena,https://d-nb.info/gnd/4028557-1,https://www.geonames.org/2895044
15298,22,Leipzig,https://d-nb.info/gnd/4035206-7,https://www.geonames.org/2879139
15299,12,Jena,https://d-nb.info/gnd/4028557-1,https://www.geonames.org/2895044
15300,12,Jena,https://d-nb.info/gnd/4028557-1,https://www.geonames.org/2895044
15303,12,Jena,https://d-nb.info/gnd/4028557-1,https://www.geonames.org/2895044
15304,15,Berlin,https://d-nb.info/gnd/2004272-3,https://www.geonames.org/2950159
15307,15,Berlin,https://d-nb.info/gnd/2004272-3,https://www.geonames.org/2950159
15307,12,Jena,https://d-nb.info/gnd/4028557-1,https://www.geonames.org/2895044
15307,58,Weimar,https://d-nb.info/gnd/4065105-8,https://www.geonames.org/2812482
15308,15,Berlin,https://d-nb.info/gnd/2004272-3,https://www.geonames.org/2950159
15309,15,Berlin,https://d-nb.info/gnd/2004272-3,https://www.geonames.org/2950159
15309,22,Leipzig,https://d-nb.info/gnd/4035206-7,https://www.geonames.org/2879139
15310,15,Berlin,https://d-nb.info/gnd/2004272-3,https://www.geonames.org/2950159
15310,12,Jena,https://d-nb.info/gnd/4028557-1,https://www.geonames.org/2895044
15311,15,Berlin,https://d-nb.info/gnd/2004272-3,https://www.geonames.org/2950159
15311,98,Hamburg,https://d-nb.info/gnd/4023118-5,https://www.geonames.org/2911298
15312,15,Berlin,https://d-nb.info/gnd/2004272-3,https://www.geonames.org/2950159
15312,12,Jena,https://d-nb.info/gnd/4028557-1,https://www.geonames.org/2895044
15312,22,Leipzig,https://d-nb.info/gnd/4035206-7,https://www.geonames.org/2879139
15313,15,Berlin,https://d-nb.info/gnd/2004272-3,https://www.geonames.org/2950159
15313,12,Jena,https://d-nb.info/gnd/4028557-1,https://www.geonames.org/2895044
15313,22,Leipzig,https://d-nb.info/gnd/4035206-7,https://www.geonames.org/2879139
15314,15,Berlin,https://d-nb.info/gnd/2004272-3,https://www.geonames.org/2950159
15314,22,Leipzig,https://d-nb.info/gnd/4035206-7,https://www.geonames.org/2879139
15315,15,Berlin,https://d-nb.info/gnd/2004272-3,https://www.geonames.org/2950159
15315,13,Dresden,https://d-nb.info/gnd/37172-5,https://www.geonames.org/2935022
15315,12,Jena,https://d-nb.info/gnd/4028557-1,https://www.geonames.org/2895044
15315,171,Paris,https://d-nb.info/gnd/4044660-8,https://www.geonames.org/2988507
15315,58,Weimar,https://d-nb.info/gnd/4065105-8,https://www.geonames.org/2812482
15316,15,Berlin,https://d-nb.info/gnd/2004272-3,https://www.geonames.org/2950159
15316,2,Göttingen,https://d-nb.info/gnd/4021477-1,https://www.geonames.org/2918632
15316,12,Jena,https://d-nb.info/gnd/4028557-1,https://www.geonames.org/2895044
15318,409,Bad Kösen,https://d-nb.info/gnd/4031606-3,https://www.geonames.org/2953418
15318,13,Dresden,https://d-nb.info/gnd/37172-5,https://www.geonames.org/2935022
15318,4958,Freiberg,https://d-nb.info/gnd/4018266-6,https://www.geonames.org/2925192
15318,12,Jena,https://d-nb.info/gnd/4028557-1,https://www.geonames.org/2895044
15318,241,Weißenfels,https://d-nb.info/gnd/4065247-6,https://www.geonames.org/2811899
15319,229,Halle (Saale),https://d-nb.info/gnd/4023025-9,https://www.geonames.org/2911522
15319,58,Weimar,https://d-nb.info/gnd/4065105-8,https://www.geonames.org/2812482
15320,15,Berlin,https://d-nb.info/gnd/2004272-3,https://www.geonames.org/2950159
15320,229,Halle (Saale),https://d-nb.info/gnd/4023025-9,https://www.geonames.org/2911522
15320,12,Jena,https://d-nb.info/gnd/4028557-1,https://www.geonames.org/2895044
15321,15,Berlin,https://d-nb.info/gnd/2004272-3,https://www.geonames.org/2950159
15321,12,Jena,https://d-nb.info/gnd/4028557-1,https://www.geonames.org/2895044
15322,1873,Bad Pyrmont,https://d-nb.info/gnd/4047920-1,
15322,15,Berlin,https://d-nb.info/gnd/2004272-3,https://www.geonames.org/2950159
15322,13,Dresden,https://d-nb.info/gnd/37172-5,https://www.geonames.org/2935022
15322,2,Göttingen,https://d-nb.info/gnd/4021477-1,https://www.geonames.org/2918632
15322,173,Hannover,https://d-nb.info/gnd/4023349-2,https://www.geonames.org/2910831
15322,12,Jena,https://d-nb.info/gnd/4028557-1,https://www.geonames.org/2895044
15322,22,Leipzig,https://d-nb.info/gnd/4035206-7,https://www.geonames.org/2879139
15322,171,Paris,https://d-nb.info/gnd/4044660-8,https://www.geonames.org/2988507
15323,229,Halle (Saale),https://d-nb.info/gnd/4023025-9,https://www.geonames.org/2911522
15325,15,Berlin,https://d-nb.info/gnd/2004272-3,https://www.geonames.org/2950159
15325,12,Jena,https://d-nb.info/gnd/4028557-1,https://www.geonames.org/2895044
15325,2275,Potsdam,https://d-nb.info/gnd/4046948-7,https://www.geonames.org/2852458
15326,15,Berlin,https://d-nb.info/gnd/2004272-3,https://www.geonames.org/2950159
15327,15,Berlin,https://d-nb.info/gnd/2004272-3,https://www.geonames.org/2950159
15327,2,Göttingen,https://d-nb.info/gnd/4021477-1,https://www.geonames.org/2918632
15327,12,Jena,https://d-nb.info/gnd/4028557-1,https://www.geonames.org/2895044
15328,12,Jena,https://d-nb.info/gnd/4028557-1,https://www.geonames.org/2895044
15329,15,Berlin,https://d-nb.info/gnd/2004272-3,https://www.geonames.org/2950159
15329,1678,Warschau,https://d-nb.info/gnd/4079048-4,https://www.geonames.org/756135
15330,12,Jena,https://d-nb.info/gnd/4028557-1,https://www.geonames.org/2895044
15331,12,Jena,https://d-nb.info/gnd/4028557-1,https://www.geonames.org/2895044
15331,22,Leipzig,https://d-nb.info/gnd/4035206-7,https://www.geonames.org/2879139
15332,259,Bad Bocklet,https://d-nb.info/gnd/4087853-3,https://www.geonames.org/2953540
15332,12,Jena,https://d-nb.info/gnd/4028557-1,https://www.geonames.org/2895044
15332,22,Leipzig,https://d-nb.info/gnd/4035206-7,https://www.geonames.org/2879139
15333,22,Leipzig,https://d-nb.info/gnd/4035206-7,https://www.geonames.org/2879139
15334,241,Weißenfels,https://d-nb.info/gnd/4065247-6,https://www.geonames.org/2811899
15337,259,Bad Bocklet,https://d-nb.info/gnd/4087853-3,https://www.geonames.org/2953540
15337,1873,Bad Pyrmont,https://d-nb.info/gnd/4047920-1,
15337,15,Berlin,https://d-nb.info/gnd/2004272-3,https://www.geonames.org/2950159
15337,13,Dresden,https://d-nb.info/gnd/37172-5,https://www.geonames.org/2935022
15337,12,Jena,https://d-nb.info/gnd/4028557-1,https://www.geonames.org/2895044
15338,1873,Bad Pyrmont,https://d-nb.info/gnd/4047920-1,
15338,15,Berlin,https://d-nb.info/gnd/2004272-3,https://www.geonames.org/2950159
15338,12,Jena,https://d-nb.info/gnd/4028557-1,https://www.geonames.org/2895044
15338,5412,Strelitz,https://d-nb.info/gnd/10007060-7,https://www.geonames.org/2825922
15338,58,Weimar,https://d-nb.info/gnd/4065105-8,https://www.geonames.org/2812482
15338,16,Wien,https://d-nb.info/gnd/4066009-6,
15339,15,Berlin,https://d-nb.info/gnd/2004272-3,https://www.geonames.org/2950159
15339,5412,Strelitz,https://d-nb.info/gnd/10007060-7,https://www.geonames.org/2825922
15340,22,Leipzig,https://d-nb.info/gnd/4035206-7,https://www.geonames.org/2879139
15340,5377,Utrecht,https://d-nb.info/gnd/4062222-8,
15341,2,Göttingen,https://d-nb.info/gnd/4021477-1,https://www.geonames.org/2918632
15341,12,Jena,https://d-nb.info/gnd/4028557-1,https://www.geonames.org/2895044
15342,259,Bad Bocklet,https://d-nb.info/gnd/4087853-3,https://www.geonames.org/2953540
15342,236,Bamberg,https://d-nb.info/gnd/2005630-8,https://www.geonames.org/2952984
15342,15,Berlin,https://d-nb.info/gnd/2004272-3,https://www.geonames.org/2950159
15343,1873,Bad Pyrmont,https://d-nb.info/gnd/4047920-1,
15343,15,Berlin,https://d-nb.info/gnd/2004272-3,https://www.geonames.org/2950159
15343,13,Dresden,https://d-nb.info/gnd/37172-5,https://www.geonames.org/2935022
15343,12,Jena,https://d-nb.info/gnd/4028557-1,https://www.geonames.org/2895044
15343,58,Weimar,https://d-nb.info/gnd/4065105-8,https://www.geonames.org/2812482
15344,236,Bamberg,https://d-nb.info/gnd/2005630-8,https://www.geonames.org/2952984
15344,15,Berlin,https://d-nb.info/gnd/2004272-3,https://www.geonames.org/2950159
15344,58,Weimar,https://d-nb.info/gnd/4065105-8,https://www.geonames.org/2812482
15345,15,Berlin,https://d-nb.info/gnd/2004272-3,https://www.geonames.org/2950159
15345,13,Dresden,https://d-nb.info/gnd/37172-5,https://www.geonames.org/2935022
15345,12,Jena,https://d-nb.info/gnd/4028557-1,https://www.geonames.org/2895044
15345,22,Leipzig,https://d-nb.info/gnd/4035206-7,https://www.geonames.org/2879139
15345,58,Weimar,https://d-nb.info/gnd/4065105-8,https://www.geonames.org/2812482
15346,236,Bamberg,https://d-nb.info/gnd/2005630-8,https://www.geonames.org/2952984
15346,15,Berlin,https://d-nb.info/gnd/2004272-3,https://www.geonames.org/2950159
15346,6315,Fehrbellin-Lentzke,https://d-nb.info/gnd/10121950-7,
15346,98,Hamburg,https://d-nb.info/gnd/4023118-5,https://www.geonames.org/2911298
15346,22,Leipzig,https://d-nb.info/gnd/4035206-7,https://www.geonames.org/2879139
15346,411,Rudolstadt,https://d-nb.info/gnd/4105066-6,https://www.geonames.org/2843355
15347,236,Bamberg,https://d-nb.info/gnd/2005630-8,https://www.geonames.org/2952984
15347,15,Berlin,https://d-nb.info/gnd/2004272-3,https://www.geonames.org/2950159
15347,13,Dresden,https://d-nb.info/gnd/37172-5,https://www.geonames.org/2935022
15347,12,Jena,https://d-nb.info/gnd/4028557-1,https://www.geonames.org/2895044
15347,22,Leipzig,https://d-nb.info/gnd/4035206-7,https://www.geonames.org/2879139
15348,236,Bamberg,https://d-nb.info/gnd/2005630-8,https://www.geonames.org/2952984
15348,171,Paris,https://d-nb.info/gnd/4044660-8,https://www.geonames.org/2988507
15349,15,Berlin,https://d-nb.info/gnd/2004272-3,https://www.geonames.org/2950159
15349,12,Jena,https://d-nb.info/gnd/4028557-1,https://www.geonames.org/2895044
15350,15,Berlin,https://d-nb.info/gnd/2004272-3,https://www.geonames.org/2950159
15350,12,Jena,https://d-nb.info/gnd/4028557-1,https://www.geonames.org/2895044
15350,22,Leipzig,https://d-nb.info/gnd/4035206-7,https://www.geonames.org/2879139
15351,15,Berlin,https://d-nb.info/gnd/2004272-3,https://www.geonames.org/2950159
15351,12,Jena,https://d-nb.info/gnd/4028557-1,https://www.geonames.org/2895044
15352,12,Jena,https://d-nb.info/gnd/4028557-1,https://www.geonames.org/2895044
15352,58,Weimar,https://d-nb.info/gnd/4065105-8,https://www.geonames.org/2812482
15353,15,Berlin,https://d-nb.info/gnd/2004272-3,https://www.geonames.org/2950159
15353,13,Dresden,https://d-nb.info/gnd/37172-5,https://www.geonames.org/2935022
15353,12,Jena,https://d-nb.info/gnd/4028557-1,https://www.geonames.org/2895044
15355,241,Weißenfels,https://d-nb.info/gnd/4065247-6,https://www.geonames.org/2811899
15356,15,Berlin,https://d-nb.info/gnd/2004272-3,https://www.geonames.org/2950159
15356,58,Weimar,https://d-nb.info/gnd/4065105-8,https://www.geonames.org/2812482
15358,1873,Bad Pyrmont,https://d-nb.info/gnd/4047920-1,
15358,15,Berlin,https://d-nb.info/gnd/2004272-3,https://www.geonames.org/2950159
15358,12,Jena,https://d-nb.info/gnd/4028557-1,https://www.geonames.org/2895044
15359,15,Berlin,https://d-nb.info/gnd/2004272-3,https://www.geonames.org/2950159
15359,13,Dresden,https://d-nb.info/gnd/37172-5,https://www.geonames.org/2935022
15359,12,Jena,https://d-nb.info/gnd/4028557-1,https://www.geonames.org/2895044
15360,8360,Altenburg (Thüringen),https://d-nb.info/gnd/4001409-5,https://www.geonames.org/2957773
15360,1873,Bad Pyrmont,https://d-nb.info/gnd/4047920-1,
15360,13,Dresden,https://d-nb.info/gnd/37172-5,https://www.geonames.org/2935022
15360,12,Jena,https://d-nb.info/gnd/4028557-1,https://www.geonames.org/2895044
15361,1873,Bad Pyrmont,https://d-nb.info/gnd/4047920-1,
15361,15,Berlin,https://d-nb.info/gnd/2004272-3,https://www.geonames.org/2950159
15362,13,Dresden,https://d-nb.info/gnd/37172-5,https://www.geonames.org/2935022
15362,12,Jena,https://d-nb.info/gnd/4028557-1,https://www.geonames.org/2895044
15362,10562,Landsberg (Warthe),https://d-nb.info/gnd/4034340-6,https://www.geonames.org/3098722
15362,2275,Potsdam,https://d-nb.info/gnd/4046948-7,https://www.geonames.org/2852458
15363,1873,Bad Pyrmont,https://d-nb.info/gnd/4047920-1,
15363,98,Hamburg,https://d-nb.info/gnd/4023118-5,https://www.geonames.org/2911298
15363,6838,Wesel,https://d-nb.info/gnd/4065697-4,
15363,16,Wien,https://d-nb.info/gnd/4066009-6,
15364,8360,Altenburg (Thüringen),https://d-nb.info/gnd/4001409-5,https://www.geonames.org/2957773
15364,1873,Bad Pyrmont,https://d-nb.info/gnd/4047920-1,
15364,12,Jena,https://d-nb.info/gnd/4028557-1,https://www.geonames.org/2895044
15365,259,Bad Bocklet,https://d-nb.info/gnd/4087853-3,https://www.geonames.org/2953540
15365,236,Bamberg,https://d-nb.info/gnd/2005630-8,https://www.geonames.org/2952984
15365,15,Berlin,https://d-nb.info/gnd/2004272-3,https://www.geonames.org/2950159
15365,12,Jena,https://d-nb.info/gnd/4028557-1,https://www.geonames.org/2895044
15366,13,Dresden,https://d-nb.info/gnd/37172-5,https://www.geonames.org/2935022
15366,3141,Magdeburg,https://d-nb.info/gnd/4036934-1,
15366,241,Weißenfels,https://d-nb.info/gnd/4065247-6,https://www.geonames.org/2811899
15368,15,Berlin,https://d-nb.info/gnd/2004272-3,https://www.geonames.org/2950159
15368,2091,Eutin,https://d-nb.info/gnd/4015796-9,https://www.geonames.org/2928381
15368,12,Jena,https://d-nb.info/gnd/4028557-1,https://www.geonames.org/2895044
15369,14,Gotha,https://d-nb.info/gnd/4021652-4,https://www.geonames.org/2918752
15369,12,Jena,https://d-nb.info/gnd/4028557-1,https://www.geonames.org/2895044
15370,15,Berlin,https://d-nb.info/gnd/2004272-3,https://www.geonames.org/2950159
15371,236,Bamberg,https://d-nb.info/gnd/2005630-8,https://www.geonames.org/2952984
15371,15,Berlin,https://d-nb.info/gnd/2004272-3,https://www.geonames.org/2950159
15371,13,Dresden,https://d-nb.info/gnd/37172-5,https://www.geonames.org/2935022
15371,98,Hamburg,https://d-nb.info/gnd/4023118-5,https://www.geonames.org/2911298
15371,12,Jena,https://d-nb.info/gnd/4028557-1,https://www.geonames.org/2895044
15372,12,Jena,https://d-nb.info/gnd/4028557-1,https://www.geonames.org/2895044
15373,15,Berlin,https://d-nb.info/gnd/2004272-3,https://www.geonames.org/2950159
15373,12,Jena,https://d-nb.info/gnd/4028557-1,https://www.geonames.org/2895044
15373,241,Weißenfels,https://d-nb.info/gnd/4065247-6,https://www.geonames.org/2811899
15374,12,Jena,https://d-nb.info/gnd/4028557-1,https://www.geonames.org/2895044
15375,259,Bad Bocklet,https://d-nb.info/gnd/4087853-3,https://www.geonames.org/2953540
15375,236,Bamberg,https://d-nb.info/gnd/2005630-8,https://www.geonames.org/2952984
15375,8343,Dornburg/Saale,https://d-nb.info/gnd/4091159-7,https://www.geonames.org/2935741
15375,12,Jena,https://d-nb.info/gnd/4028557-1,https://www.geonames.org/2895044
15377,60,Braunschweig,https://d-nb.info/gnd/42808-5,https://www.geonames.org/2945024
15378,11304,Trages,,https://www.geonames.org/2821656
15379,15,Berlin,https://d-nb.info/gnd/2004272-3,https://www.geonames.org/2950159
15380,15,Berlin,https://d-nb.info/gnd/2004272-3,https://www.geonames.org/2950159
15381,15,Berlin,https://d-nb.info/gnd/2004272-3,https://www.geonames.org/2950159
15381,12,Jena,https://d-nb.info/gnd/4028557-1,https://www.geonames.org/2895044
15383,236,Bamberg,https://d-nb.info/gnd/2005630-8,https://www.geonames.org/2952984
15384,12,Jena,https://d-nb.info/gnd/4028557-1,https://www.geonames.org/2895044
15385,15,Berlin,https://d-nb.info/gnd/2004272-3,https://www.geonames.org/2950159
15385,60,Braunschweig,https://d-nb.info/gnd/42808-5,https://www.geonames.org/2945024
15385,3308,Frankfurt (Oder),https://d-nb.info/gnd/4018122-4,https://www.geonames.org/2925535
15385,14,Gotha,https://d-nb.info/gnd/4021652-4,https://www.geonames.org/2918752
15385,229,Halle (Saale),https://d-nb.info/gnd/4023025-9,https://www.geonames.org/2911522
15385,12,Jena,https://d-nb.info/gnd/4028557-1,https://www.geonames.org/2895044
15388,15,Berlin,https://d-nb.info/gnd/2004272-3,https://www.geonames.org/2950159
15388,12,Jena,https://d-nb.info/gnd/4028557-1,https://www.geonames.org/2895044
15388,3902,Teltow,https://d-nb.info/gnd/4059408-7,
15389,1873,Bad Pyrmont,https://d-nb.info/gnd/4047920-1,
15389,412,Schwarzburg,https://d-nb.info/gnd/4314502-4,https://www.geonames.org/2835105
15394,15,Berlin,https://d-nb.info/gnd/2004272-3,https://www.geonames.org/2950159
15394,3902,Teltow,https://d-nb.info/gnd/4059408-7,
15395,60,Braunschweig,https://d-nb.info/gnd/42808-5,https://www.geonames.org/2945024
15395,566,Erlangen,https://d-nb.info/gnd/4015299-6,https://www.geonames.org/2929567
15395,12,Jena,https://d-nb.info/gnd/4028557-1,https://www.geonames.org/2895044
15396,15,Berlin,https://d-nb.info/gnd/2004272-3,https://www.geonames.org/2950159
15397,15,Berlin,https://d-nb.info/gnd/2004272-3,https://www.geonames.org/2950159
15397,12,Jena,https://d-nb.info/gnd/4028557-1,https://www.geonames.org/2895044
15398,12,Jena,https://d-nb.info/gnd/4028557-1,https://www.geonames.org/2895044
15399,236,Bamberg,https://d-nb.info/gnd/2005630-8,https://www.geonames.org/2952984
15399,15,Berlin,https://d-nb.info/gnd/2004272-3,https://www.geonames.org/2950159
15399,60,Braunschweig,https://d-nb.info/gnd/42808-5,https://www.geonames.org/2945024
15399,14,Gotha,https://d-nb.info/gnd/4021652-4,https://www.geonames.org/2918752
15399,2,Göttingen,https://d-nb.info/gnd/4021477-1,https://www.geonames.org/2918632
15399,12,Jena,https://d-nb.info/gnd/4028557-1,https://www.geonames.org/2895044
15400,12,Jena,https://d-nb.info/gnd/4028557-1,https://www.geonames.org/2895044
15401,15,Berlin,https://d-nb.info/gnd/2004272-3,https://www.geonames.org/2950159
15401,13,Dresden,https://d-nb.info/gnd/37172-5,https://www.geonames.org/2935022
15401,12,Jena,https://d-nb.info/gnd/4028557-1,https://www.geonames.org/2895044
15401,10562,Landsberg (Warthe),https://d-nb.info/gnd/4034340-6,https://www.geonames.org/3098722
15401,2275,Potsdam,https://d-nb.info/gnd/4046948-7,https://www.geonames.org/2852458
15402,12,Jena,https://d-nb.info/gnd/4028557-1,https://www.geonames.org/2895044
15402,2698,Marburg,https://d-nb.info/gnd/4037446-4,https://www.geonames.org/2873759
15403,15,Berlin,https://d-nb.info/gnd/2004272-3,https://www.geonames.org/2950159
15403,6205,Granada,https://d-nb.info/gnd/4021815-6,
15403,16,Wien,https://d-nb.info/gnd/4066009-6,
15403,6504,Zweibrücken,https://d-nb.info/gnd/4068199-3,
15404,15,Berlin,https://d-nb.info/gnd/2004272-3,https://www.geonames.org/2950159
15404,12,Jena,https://d-nb.info/gnd/4028557-1,https://www.geonames.org/2895044
15404,22,Leipzig,https://d-nb.info/gnd/4035206-7,https://www.geonames.org/2879139
15404,241,Weißenfels,https://d-nb.info/gnd/4065247-6,https://www.geonames.org/2811899
15405,12,Jena,https://d-nb.info/gnd/4028557-1,https://www.geonames.org/2895044
15406,14,Gotha,https://d-nb.info/gnd/4021652-4,https://www.geonames.org/2918752
15406,98,Hamburg,https://d-nb.info/gnd/4023118-5,https://www.geonames.org/2911298
15406,12,Jena,https://d-nb.info/gnd/4028557-1,https://www.geonames.org/2895044
15406,252,Meiningen,https://d-nb.info/gnd/4038453-6,
15406,58,Weimar,https://d-nb.info/gnd/4065105-8,https://www.geonames.org/2812482
15407,14,Gotha,https://d-nb.info/gnd/4021652-4,https://www.geonames.org/2918752
15407,12,Jena,https://d-nb.info/gnd/4028557-1,https://www.geonames.org/2895044
15407,58,Weimar,https://d-nb.info/gnd/4065105-8,https://www.geonames.org/2812482
15408,12,Jena,https://d-nb.info/gnd/4028557-1,https://www.geonames.org/2895044
15410,15,Berlin,https://d-nb.info/gnd/2004272-3,https://www.geonames.org/2950159
15410,365,Eisenach,https://d-nb.info/gnd/2009365-2,
15410,1633,Erfurt,https://d-nb.info/gnd/4015240-6,https://www.geonames.org/2929670
15410,14,Gotha,https://d-nb.info/gnd/4021652-4,https://www.geonames.org/2918752
15410,12,Jena,https://d-nb.info/gnd/4028557-1,https://www.geonames.org/2895044
15411,15,Berlin,https://d-nb.info/gnd/2004272-3,https://www.geonames.org/2950159
15412,15,Berlin,https://d-nb.info/gnd/2004272-3,https://www.geonames.org/2950159
15412,13,Dresden,https://d-nb.info/gnd/37172-5,https://www.geonames.org/2935022
15412,58,Weimar,https://d-nb.info/gnd/4065105-8,https://www.geonames.org/2812482
15414,12,Jena,https://d-nb.info/gnd/4028557-1,https://www.geonames.org/2895044
15415,15,Berlin,https://d-nb.info/gnd/2004272-3,https://www.geonames.org/2950159
15415,229,Halle (Saale),https://d-nb.info/gnd/4023025-9,https://www.geonames.org/2911522
15415,98,Hamburg,https://d-nb.info/gnd/4023118-5,https://www.geonames.org/2911298
15415,12,Jena,https://d-nb.info/gnd/4028557-1,https://www.geonames.org/2895044
15415,22,Leipzig,https://d-nb.info/gnd/4035206-7,https://www.geonames.org/2879139
15417,15,Berlin,https://d-nb.info/gnd/2004272-3,https://www.geonames.org/2950159
15417,13,Dresden,https://d-nb.info/gnd/37172-5,https://www.geonames.org/2935022
15417,12,Jena,https://d-nb.info/gnd/4028557-1,https://www.geonames.org/2895044
15417,1524,Pillnitz,https://d-nb.info/gnd/4306696-3,https://www.geonames.org/2853707
15418,12,Jena,https://d-nb.info/gnd/4028557-1,https://www.geonames.org/2895044
15419,15,Berlin,https://d-nb.info/gnd/2004272-3,https://www.geonames.org/2950159
15419,12,Jena,https://d-nb.info/gnd/4028557-1,https://www.geonames.org/2895044
15419,25704,Megara,https://d-nb.info/gnd/4115070-3,
15421,12,Jena,https://d-nb.info/gnd/4028557-1,https://www.geonames.org/2895044
15422,259,Bad Bocklet,https://d-nb.info/gnd/4087853-3,https://www.geonames.org/2953540
15422,12,Jena,https://d-nb.info/gnd/4028557-1,https://www.geonames.org/2895044
15423,15,Berlin,https://d-nb.info/gnd/2004272-3,https://www.geonames.org/2950159
15423,10562,Landsberg (Warthe),https://d-nb.info/gnd/4034340-6,https://www.geonames.org/3098722
15424,15,Berlin,https://d-nb.info/gnd/2004272-3,https://www.geonames.org/2950159
15424,22,Leipzig,https://d-nb.info/gnd/4035206-7,https://www.geonames.org/2879139
15424,16,Wien,https://d-nb.info/gnd/4066009-6,
15425,8647,Camburg,https://d-nb.info/gnd/4284914-7,https://www.geonames.org/2940377
15426,12,Jena,https://d-nb.info/gnd/4028557-1,https://www.geonames.org/2895044
15427,259,Bad Bocklet,https://d-nb.info/gnd/4087853-3,https://www.geonames.org/2953540
15428,12,Jena,https://d-nb.info/gnd/4028557-1,https://www.geonames.org/2895044
15429,259,Bad Bocklet,https://d-nb.info/gnd/4087853-3,https://www.geonames.org/2953540
15429,12,Jena,https://d-nb.info/gnd/4028557-1,https://www.geonames.org/2895044
15430,12,Jena,https://d-nb.info/gnd/4028557-1,https://www.geonames.org/2895044
15431,12,Jena,https://d-nb.info/gnd/4028557-1,https://www.geonames.org/2895044
15432,259,Bad Bocklet,https://d-nb.info/gnd/4087853-3,https://www.geonames.org/2953540
15433,12,Jena,https://d-nb.info/gnd/4028557-1,https://www.geonames.org/2895044
15433,22,Leipzig,https://d-nb.info/gnd/4035206-7,https://www.geonames.org/2879139
15434,15,Berlin,https://d-nb.info/gnd/2004272-3,https://www.geonames.org/2950159
15434,12,Jena,https://d-nb.info/gnd/4028557-1,https://www.geonames.org/2895044
15435,12,Jena,https://d-nb.info/gnd/4028557-1,https://www.geonames.org/2895044
15436,12,Jena,https://d-nb.info/gnd/4028557-1,https://www.geonames.org/2895044
15436,22,Leipzig,https://d-nb.info/gnd/4035206-7,https://www.geonames.org/2879139
15436,58,Weimar,https://d-nb.info/gnd/4065105-8,https://www.geonames.org/2812482
15437,8647,Camburg,https://d-nb.info/gnd/4284914-7,https://www.geonames.org/2940377
15439,8647,Camburg,https://d-nb.info/gnd/4284914-7,https://www.geonames.org/2940377
15441,15,Berlin,https://d-nb.info/gnd/2004272-3,https://www.geonames.org/2950159
15441,12,Jena,https://d-nb.info/gnd/4028557-1,https://www.geonames.org/2895044
15442,12,Jena,https://d-nb.info/gnd/4028557-1,https://www.geonames.org/2895044
15443,15,Berlin,https://d-nb.info/gnd/2004272-3,https://www.geonames.org/2950159
15443,13,Dresden,https://d-nb.info/gnd/37172-5,https://www.geonames.org/2935022
15443,12,Jena,https://d-nb.info/gnd/4028557-1,https://www.geonames.org/2895044
15443,252,Meiningen,https://d-nb.info/gnd/4038453-6,
15443,58,Weimar,https://d-nb.info/gnd/4065105-8,https://www.geonames.org/2812482
15443,241,Weißenfels,https://d-nb.info/gnd/4065247-6,https://www.geonames.org/2811899
15444,8647,Camburg,https://d-nb.info/gnd/4284914-7,https://www.geonames.org/2940377
15445,15,Berlin,https://d-nb.info/gnd/2004272-3,https://www.geonames.org/2950159
15445,8647,Camburg,https://d-nb.info/gnd/4284914-7,https://www.geonames.org/2940377
15445,12,Jena,https://d-nb.info/gnd/4028557-1,https://www.geonames.org/2895044
15446,12,Jena,https://d-nb.info/gnd/4028557-1,https://www.geonames.org/2895044
15447,236,Bamberg,https://d-nb.info/gnd/2005630-8,https://www.geonames.org/2952984
15447,12,Jena,https://d-nb.info/gnd/4028557-1,https://www.geonames.org/2895044
15448,12,Jena,https://d-nb.info/gnd/4028557-1,https://www.geonames.org/2895044
15450,15,Berlin,https://d-nb.info/gnd/2004272-3,https://www.geonames.org/2950159
15451,12,Jena,https://d-nb.info/gnd/4028557-1,https://www.geonames.org/2895044
15452,15,Berlin,https://d-nb.info/gnd/2004272-3,https://www.geonames.org/2950159
15452,13,Dresden,https://d-nb.info/gnd/37172-5,https://www.geonames.org/2935022
15452,1633,Erfurt,https://d-nb.info/gnd/4015240-6,https://www.geonames.org/2929670
15452,12,Jena,https://d-nb.info/gnd/4028557-1,https://www.geonames.org/2895044
15452,22,Leipzig,https://d-nb.info/gnd/4035206-7,https://www.geonames.org/2879139
15452,171,Paris,https://d-nb.info/gnd/4044660-8,https://www.geonames.org/2988507
15454,15,Berlin,https://d-nb.info/gnd/2004272-3,https://www.geonames.org/2950159
15454,13,Dresden,https://d-nb.info/gnd/37172-5,https://www.geonames.org/2935022
15454,12,Jena,https://d-nb.info/gnd/4028557-1,https://www.geonames.org/2895044
15454,1379,Lübeck,https://d-nb.info/gnd/4036483-5,https://www.geonames.org/2875601
15455,15,Berlin,https://d-nb.info/gnd/2004272-3,https://www.geonames.org/2950159
15456,15,Berlin,https://d-nb.info/gnd/2004272-3,https://www.geonames.org/2950159
15457,13,Dresden,https://d-nb.info/gnd/37172-5,https://www.geonames.org/2935022
15457,327,Frankfurt am Main,https://d-nb.info/gnd/4018118-2,https://www.geonames.org/2925533
15457,229,Halle (Saale),https://d-nb.info/gnd/4023025-9,https://www.geonames.org/2911522
15457,12,Jena,https://d-nb.info/gnd/4028557-1,https://www.geonames.org/2895044
15458,15,Berlin,https://d-nb.info/gnd/2004272-3,https://www.geonames.org/2950159
15458,13,Dresden,https://d-nb.info/gnd/37172-5,https://www.geonames.org/2935022
15458,12,Jena,https://d-nb.info/gnd/4028557-1,https://www.geonames.org/2895044
15459,15,Berlin,https://d-nb.info/gnd/2004272-3,https://www.geonames.org/2950159
15459,13,Dresden,https://d-nb.info/gnd/37172-5,https://www.geonames.org/2935022
15459,229,Halle (Saale),https://d-nb.info/gnd/4023025-9,https://www.geonames.org/2911522
15459,12,Jena,https://d-nb.info/gnd/4028557-1,https://www.geonames.org/2895044
15462,171,Paris,https://d-nb.info/gnd/4044660-8,https://www.geonames.org/2988507
15464,15,Berlin,https://d-nb.info/gnd/2004272-3,https://www.geonames.org/2950159
15464,12,Jena,https://d-nb.info/gnd/4028557-1,https://www.geonames.org/2895044
15464,171,Paris,https://d-nb.info/gnd/4044660-8,https://www.geonames.org/2988507
15467,22,Leipzig,https://d-nb.info/gnd/4035206-7,https://www.geonames.org/2879139
15468,15,Berlin,https://d-nb.info/gnd/2004272-3,https://www.geonames.org/2950159
15468,13,Dresden,https://d-nb.info/gnd/37172-5,https://www.geonames.org/2935022
15468,229,Halle (Saale),https://d-nb.info/gnd/4023025-9,https://www.geonames.org/2911522
15468,12,Jena,https://d-nb.info/gnd/4028557-1,https://www.geonames.org/2895044
15468,22,Leipzig,https://d-nb.info/gnd/4035206-7,https://www.geonames.org/2879139
15469,15,Berlin,https://d-nb.info/gnd/2004272-3,https://www.geonames.org/2950159
15470,229,Halle (Saale),https://d-nb.info/gnd/4023025-9,https://www.geonames.org/2911522
15470,22,Leipzig,https://d-nb.info/gnd/4035206-7,https://www.geonames.org/2879139
15470,2275,Potsdam,https://d-nb.info/gnd/4046948-7,https://www.geonames.org/2852458
15471,13,Dresden,https://d-nb.info/gnd/37172-5,https://www.geonames.org/2935022
15472,15,Berlin,https://d-nb.info/gnd/2004272-3,https://www.geonames.org/2950159
15472,13,Dresden,https://d-nb.info/gnd/37172-5,https://www.geonames.org/2935022
15473,13,Dresden,https://d-nb.info/gnd/37172-5,https://www.geonames.org/2935022
15474,13,Dresden,https://d-nb.info/gnd/37172-5,https://www.geonames.org/2935022
15475,13,Dresden,https://d-nb.info/gnd/37172-5,https://www.geonames.org/2935022
15475,22,Leipzig,https://d-nb.info/gnd/4035206-7,https://www.geonames.org/2879139
15475,171,Paris,https://d-nb.info/gnd/4044660-8,https://www.geonames.org/2988507
15476,13,Dresden,https://d-nb.info/gnd/37172-5,https://www.geonames.org/2935022
15477,15,Berlin,https://d-nb.info/gnd/2004272-3,https://www.geonames.org/2950159
15477,13,Dresden,https://d-nb.info/gnd/37172-5,https://www.geonames.org/2935022
15478,15,Berlin,https://d-nb.info/gnd/2004272-3,https://www.geonames.org/2950159
15478,13,Dresden,https://d-nb.info/gnd/37172-5,https://www.geonames.org/2935022
15479,15,Berlin,https://d-nb.info/gnd/2004272-3,https://www.geonames.org/2950159
15479,13,Dresden,https://d-nb.info/gnd/37172-5,https://www.geonames.org/2935022
15479,12,Jena,https://d-nb.info/gnd/4028557-1,https://www.geonames.org/2895044
15479,171,Paris,https://d-nb.info/gnd/4044660-8,https://www.geonames.org/2988507
15481,15,Berlin,https://d-nb.info/gnd/2004272-3,https://www.geonames.org/2950159
15481,13,Dresden,https://d-nb.info/gnd/37172-5,https://www.geonames.org/2935022
15481,171,Paris,https://d-nb.info/gnd/4044660-8,https://www.geonames.org/2988507
15481,11655,Stolpe (Ostvorpommern),https://d-nb.info/gnd/7517555-1,
15482,15,Berlin,https://d-nb.info/gnd/2004272-3,https://www.geonames.org/2950159
15482,24054,Dieskau,https://d-nb.info/gnd/1075225221,
15482,13,Dresden,https://d-nb.info/gnd/37172-5,https://www.geonames.org/2935022
15482,22,Leipzig,https://d-nb.info/gnd/4035206-7,https://www.geonames.org/2879139
15482,171,Paris,https://d-nb.info/gnd/4044660-8,https://www.geonames.org/2988507
15482,11655,Stolpe (Ostvorpommern),https://d-nb.info/gnd/7517555-1,
15483,13,Dresden,https://d-nb.info/gnd/37172-5,https://www.geonames.org/2935022
15484,15,Berlin,https://d-nb.info/gnd/2004272-3,https://www.geonames.org/2950159
15484,13,Dresden,https://d-nb.info/gnd/37172-5,https://www.geonames.org/2935022
15484,12,Jena,https://d-nb.info/gnd/4028557-1,https://www.geonames.org/2895044
15484,171,Paris,https://d-nb.info/gnd/4044660-8,https://www.geonames.org/2988507
15484,1010,Prag,https://d-nb.info/gnd/4076310-9,
15484,16,Wien,https://d-nb.info/gnd/4066009-6,
15485,15,Berlin,https://d-nb.info/gnd/2004272-3,https://www.geonames.org/2950159
15485,13,Dresden,https://d-nb.info/gnd/37172-5,https://www.geonames.org/2935022
15485,12,Jena,https://d-nb.info/gnd/4028557-1,https://www.geonames.org/2895044
15485,22,Leipzig,https://d-nb.info/gnd/4035206-7,https://www.geonames.org/2879139
15486,15,Berlin,https://d-nb.info/gnd/2004272-3,https://www.geonames.org/2950159
15486,13,Dresden,https://d-nb.info/gnd/37172-5,https://www.geonames.org/2935022
15486,12,Jena,https://d-nb.info/gnd/4028557-1,https://www.geonames.org/2895044
15486,25872,Marly (Departement Moselle),https://d-nb.info/gnd/4365819-2,
15487,15,Berlin,https://d-nb.info/gnd/2004272-3,https://www.geonames.org/2950159
15487,13,Dresden,https://d-nb.info/gnd/37172-5,https://www.geonames.org/2935022
15487,22,Leipzig,https://d-nb.info/gnd/4035206-7,https://www.geonames.org/2879139
15487,171,Paris,https://d-nb.info/gnd/4044660-8,https://www.geonames.org/2988507
15487,241,Weißenfels,https://d-nb.info/gnd/4065247-6,https://www.geonames.org/2811899
15488,13,Dresden,https://d-nb.info/gnd/37172-5,https://www.geonames.org/2935022
15488,327,Frankfurt am Main,https://d-nb.info/gnd/4018118-2,https://www.geonames.org/2925533
15488,12,Jena,https://d-nb.info/gnd/4028557-1,https://www.geonames.org/2895044
15488,22,Leipzig,https://d-nb.info/gnd/4035206-7,https://www.geonames.org/2879139
15488,897,Mainz,https://d-nb.info/gnd/2018680-0,https://www.geonames.org/2874225
15488,171,Paris,https://d-nb.info/gnd/4044660-8,https://www.geonames.org/2988507
15489,15,Berlin,https://d-nb.info/gnd/2004272-3,https://www.geonames.org/2950159
15489,13,Dresden,https://d-nb.info/gnd/37172-5,https://www.geonames.org/2935022
15490,15,Berlin,https://d-nb.info/gnd/2004272-3,https://www.geonames.org/2950159
15490,13,Dresden,https://d-nb.info/gnd/37172-5,https://www.geonames.org/2935022
15490,12,Jena,https://d-nb.info/gnd/4028557-1,https://www.geonames.org/2895044
15490,171,Paris,https://d-nb.info/gnd/4044660-8,https://www.geonames.org/2988507
15491,13,Dresden,https://d-nb.info/gnd/37172-5,https://www.geonames.org/2935022
15491,327,Frankfurt am Main,https://d-nb.info/gnd/4018118-2,https://www.geonames.org/2925533
15491,12,Jena,https://d-nb.info/gnd/4028557-1,https://www.geonames.org/2895044
15491,2698,Marburg,https://d-nb.info/gnd/4037446-4,https://www.geonames.org/2873759
15491,171,Paris,https://d-nb.info/gnd/4044660-8,https://www.geonames.org/2988507
15492,13,Dresden,https://d-nb.info/gnd/37172-5,https://www.geonames.org/2935022
15492,22,Leipzig,https://d-nb.info/gnd/4035206-7,https://www.geonames.org/2879139
15493,13,Dresden,https://d-nb.info/gnd/37172-5,https://www.geonames.org/2935022
15493,12,Jena,https://d-nb.info/gnd/4028557-1,https://www.geonames.org/2895044
15493,22,Leipzig,https://d-nb.info/gnd/4035206-7,https://www.geonames.org/2879139
15493,1379,Lübeck,https://d-nb.info/gnd/4036483-5,https://www.geonames.org/2875601
15494,15,Berlin,https://d-nb.info/gnd/2004272-3,https://www.geonames.org/2950159
15494,8647,Camburg,https://d-nb.info/gnd/4284914-7,https://www.geonames.org/2940377
15494,13,Dresden,https://d-nb.info/gnd/37172-5,https://www.geonames.org/2935022
15494,58,Weimar,https://d-nb.info/gnd/4065105-8,https://www.geonames.org/2812482
15495,13,Dresden,https://d-nb.info/gnd/37172-5,https://www.geonames.org/2935022
15495,24061,Madura,https://d-nb.info/gnd/4275930-4,
15496,15,Berlin,https://d-nb.info/gnd/2004272-3,https://www.geonames.org/2950159
15496,24054,Dieskau,https://d-nb.info/gnd/1075225221,
15496,13,Dresden,https://d-nb.info/gnd/37172-5,https://www.geonames.org/2935022
15496,22,Leipzig,https://d-nb.info/gnd/4035206-7,https://www.geonames.org/2879139
15497,13,Dresden,https://d-nb.info/gnd/37172-5,https://www.geonames.org/2935022
15497,22,Leipzig,https://d-nb.info/gnd/4035206-7,https://www.geonames.org/2879139
15498,13,Dresden,https://d-nb.info/gnd/37172-5,https://www.geonames.org/2935022
15498,327,Frankfurt am Main,https://d-nb.info/gnd/4018118-2,https://www.geonames.org/2925533
15498,4958,Freiberg,https://d-nb.info/gnd/4018266-6,https://www.geonames.org/2925192
15498,22,Leipzig,https://d-nb.info/gnd/4035206-7,https://www.geonames.org/2879139
15498,897,Mainz,https://d-nb.info/gnd/2018680-0,https://www.geonames.org/2874225
15498,171,Paris,https://d-nb.info/gnd/4044660-8,https://www.geonames.org/2988507
15498,1524,Pillnitz,https://d-nb.info/gnd/4306696-3,https://www.geonames.org/2853707
15498,241,Weißenfels,https://d-nb.info/gnd/4065247-6,https://www.geonames.org/2811899
15499,22,Leipzig,https://d-nb.info/gnd/4035206-7,https://www.geonames.org/2879139
15504,171,Paris,https://d-nb.info/gnd/4044660-8,https://www.geonames.org/2988507
15505,171,Paris,https://d-nb.info/gnd/4044660-8,https://www.geonames.org/2988507
15505,3571,Versailles,https://d-nb.info/gnd/4063142-4,https://www.geonames.org/2969679
15506,171,Paris,https://d-nb.info/gnd/4044660-8,https://www.geonames.org/2988507
15507,171,Paris,https://d-nb.info/gnd/4044660-8,https://www.geonames.org/2988507
15507,10160,Paris-Auteuil,https://d-nb.info/gnd/4128607-8,
15510,171,Paris,https://d-nb.info/gnd/4044660-8,https://www.geonames.org/2988507
15513,171,Paris,https://d-nb.info/gnd/4044660-8,https://www.geonames.org/2988507
15516,327,Frankfurt am Main,https://d-nb.info/gnd/4018118-2,https://www.geonames.org/2925533
15516,171,Paris,https://d-nb.info/gnd/4044660-8,https://www.geonames.org/2988507
15520,171,Paris,https://d-nb.info/gnd/4044660-8,https://www.geonames.org/2988507
15520,3571,Versailles,https://d-nb.info/gnd/4063142-4,https://www.geonames.org/2969679
15526,327,Frankfurt am Main,https://d-nb.info/gnd/4018118-2,https://www.geonames.org/2925533
15526,171,Paris,https://d-nb.info/gnd/4044660-8,https://www.geonames.org/2988507
15526,3539,Varanasi (Benares),https://d-nb.info/gnd/4062337-3,
15527,289,Florenz,https://d-nb.info/gnd/4017581-9,
15527,171,Paris,https://d-nb.info/gnd/4044660-8,https://www.geonames.org/2988507
15527,355,Venedig,https://d-nb.info/gnd/4062501-1,
15528,22,Leipzig,https://d-nb.info/gnd/4035206-7,https://www.geonames.org/2879139
15528,171,Paris,https://d-nb.info/gnd/4044660-8,https://www.geonames.org/2988507
15530,13,Dresden,https://d-nb.info/gnd/37172-5,https://www.geonames.org/2935022
15530,4958,Freiberg,https://d-nb.info/gnd/4018266-6,https://www.geonames.org/2925192
15530,171,Paris,https://d-nb.info/gnd/4044660-8,https://www.geonames.org/2988507
15532,327,Frankfurt am Main,https://d-nb.info/gnd/4018118-2,https://www.geonames.org/2925533
15532,58,Weimar,https://d-nb.info/gnd/4065105-8,https://www.geonames.org/2812482
15533,327,Frankfurt am Main,https://d-nb.info/gnd/4018118-2,https://www.geonames.org/2925533
15533,171,Paris,https://d-nb.info/gnd/4044660-8,https://www.geonames.org/2988507
15533,58,Weimar,https://d-nb.info/gnd/4065105-8,https://www.geonames.org/2812482
15540,12,Jena,https://d-nb.info/gnd/4028557-1,https://www.geonames.org/2895044
15540,292,London,https://d-nb.info/gnd/4074335-4,
15540,171,Paris,https://d-nb.info/gnd/4044660-8,https://www.geonames.org/2988507
15541,171,Paris,https://d-nb.info/gnd/4044660-8,https://www.geonames.org/2988507
15542,171,Paris,https://d-nb.info/gnd/4044660-8,https://www.geonames.org/2988507
15545,171,Paris,https://d-nb.info/gnd/4044660-8,https://www.geonames.org/2988507
15549,13,Dresden,https://d-nb.info/gnd/37172-5,https://www.geonames.org/2935022
15549,171,Paris,https://d-nb.info/gnd/4044660-8,https://www.geonames.org/2988507
15549,8283,Vatikanstadt,https://d-nb.info/gnd/4062404-3,
15550,6613,Paris-Montmartre,https://d-nb.info/gnd/4102878-8,
15554,15,Berlin,https://d-nb.info/gnd/2004272-3,https://www.geonames.org/2950159
15554,13,Dresden,https://d-nb.info/gnd/37172-5,https://www.geonames.org/2935022
15554,171,Paris,https://d-nb.info/gnd/4044660-8,https://www.geonames.org/2988507
15555,15,Berlin,https://d-nb.info/gnd/2004272-3,https://www.geonames.org/2950159
15555,327,Frankfurt am Main,https://d-nb.info/gnd/4018118-2,https://www.geonames.org/2925533
15555,897,Mainz,https://d-nb.info/gnd/2018680-0,https://www.geonames.org/2874225
15555,171,Paris,https://d-nb.info/gnd/4044660-8,https://www.geonames.org/2988507
15557,171,Paris,https://d-nb.info/gnd/4044660-8,https://www.geonames.org/2988507
15558,171,Paris,https://d-nb.info/gnd/4044660-8,https://www.geonames.org/2988507
15560,171,Paris,https://d-nb.info/gnd/4044660-8,https://www.geonames.org/2988507
15563,327,Frankfurt am Main,https://d-nb.info/gnd/4018118-2,https://www.geonames.org/2925533
15563,171,Paris,https://d-nb.info/gnd/4044660-8,https://www.geonames.org/2988507
15566,171,Paris,https://d-nb.info/gnd/4044660-8,https://www.geonames.org/2988507
15567,13,Dresden,https://d-nb.info/gnd/37172-5,https://www.geonames.org/2935022
15567,22,Leipzig,https://d-nb.info/gnd/4035206-7,https://www.geonames.org/2879139
15567,171,Paris,https://d-nb.info/gnd/4044660-8,https://www.geonames.org/2988507
15567,58,Weimar,https://d-nb.info/gnd/4065105-8,https://www.geonames.org/2812482
15605,227,Zürich,https://d-nb.info/gnd/4068038-1,https://www.geonames.org/2657896
15612,227,Zürich,https://d-nb.info/gnd/4068038-1,https://www.geonames.org/2657896
15613,1370,Stuttgart,https://d-nb.info/gnd/4058282-6,https://www.geonames.org/2825297
15613,227,Zürich,https://d-nb.info/gnd/4068038-1,https://www.geonames.org/2657896
15614,24386,Flaach,https://d-nb.info/gnd/4236833-9,
15614,227,Zürich,https://d-nb.info/gnd/4068038-1,https://www.geonames.org/2657896
15616,226,Bern,https://d-nb.info/gnd/2004253-X,https://www.geonames.org/2661552
15616,665,Kopenhagen,https://d-nb.info/gnd/4032399-7,
15616,22,Leipzig,https://d-nb.info/gnd/4035206-7,https://www.geonames.org/2879139
15616,4395,Lissabon,https://d-nb.info/gnd/4035919-0,
15616,5227,Madrid,https://d-nb.info/gnd/4036862-2,
15616,540,Sankt Petersburg,https://d-nb.info/gnd/4267026-3,
15616,227,Zürich,https://d-nb.info/gnd/4068038-1,https://www.geonames.org/2657896
15618,24386,Flaach,https://d-nb.info/gnd/4236833-9,
15618,251,Schaffhausen,https://d-nb.info/gnd/4051993-4,https://www.geonames.org/2658761
15618,227,Zürich,https://d-nb.info/gnd/4068038-1,https://www.geonames.org/2657896
15620,24386,Flaach,https://d-nb.info/gnd/4236833-9,
15621,24386,Flaach,https://d-nb.info/gnd/4236833-9,
15621,24406,Olten,https://d-nb.info/gnd/4043506-4,
15621,227,Zürich,https://d-nb.info/gnd/4068038-1,https://www.geonames.org/2657896
15622,24386,Flaach,https://d-nb.info/gnd/4236833-9,
15625,227,Zürich,https://d-nb.info/gnd/4068038-1,https://www.geonames.org/2657896
15628,9241,Feldkirch,https://d-nb.info/gnd/4016680-6,
15628,1527,Konstanz,https://d-nb.info/gnd/4032215-4,
15628,24408,Sax (Sankt Gallen),,https://www.geonames.org/2658771
15628,251,Schaffhausen,https://d-nb.info/gnd/4051993-4,https://www.geonames.org/2658761
15628,1370,Stuttgart,https://d-nb.info/gnd/4058282-6,https://www.geonames.org/2825297
15629,24408,Sax (Sankt Gallen),,https://www.geonames.org/2658771
15629,251,Schaffhausen,https://d-nb.info/gnd/4051993-4,https://www.geonames.org/2658761
15629,1370,Stuttgart,https://d-nb.info/gnd/4058282-6,https://www.geonames.org/2825297
15629,227,Zürich,https://d-nb.info/gnd/4068038-1,https://www.geonames.org/2657896
15631,1370,Stuttgart,https://d-nb.info/gnd/4058282-6,https://www.geonames.org/2825297
15631,58,Weimar,https://d-nb.info/gnd/4065105-8,https://www.geonames.org/2812482
15631,227,Zürich,https://d-nb.info/gnd/4068038-1,https://www.geonames.org/2657896
15632,1370,Stuttgart,https://d-nb.info/gnd/4058282-6,https://www.geonames.org/2825297
15632,227,Zürich,https://d-nb.info/gnd/4068038-1,https://www.geonames.org/2657896
15636,25085,Kilchberg (Kanton Zürich),https://d-nb.info/gnd/4097898-9,
15636,260,Küssnacht am Rigi,https://d-nb.info/gnd/4098793-0,
15636,22,Leipzig,https://d-nb.info/gnd/4035206-7,https://www.geonames.org/2879139
15637,22,Leipzig,https://d-nb.info/gnd/4035206-7,https://www.geonames.org/2879139
15637,58,Weimar,https://d-nb.info/gnd/4065105-8,https://www.geonames.org/2812482
15637,227,Zürich,https://d-nb.info/gnd/4068038-1,https://www.geonames.org/2657896
15641,2106,Aarau,https://d-nb.info/gnd/2003554-8,
15641,226,Bern,https://d-nb.info/gnd/2004253-X,https://www.geonames.org/2661552
15641,327,Frankfurt am Main,https://d-nb.info/gnd/4018118-2,https://www.geonames.org/2925533
15641,14,Gotha,https://d-nb.info/gnd/4021652-4,https://www.geonames.org/2918752
15641,22,Leipzig,https://d-nb.info/gnd/4035206-7,https://www.geonames.org/2879139
15641,2440,Offenbach am Main,https://d-nb.info/gnd/4043359-6,https://www.geonames.org/2857807
15641,1370,Stuttgart,https://d-nb.info/gnd/4058282-6,https://www.geonames.org/2825297
15641,227,Zürich,https://d-nb.info/gnd/4068038-1,https://www.geonames.org/2657896
15644,14,Gotha,https://d-nb.info/gnd/4021652-4,https://www.geonames.org/2918752
15644,22,Leipzig,https://d-nb.info/gnd/4035206-7,https://www.geonames.org/2879139
15644,227,Zürich,https://d-nb.info/gnd/4068038-1,https://www.geonames.org/2657896
15646,22,Leipzig,https://d-nb.info/gnd/4035206-7,https://www.geonames.org/2879139
15646,58,Weimar,https://d-nb.info/gnd/4065105-8,https://www.geonames.org/2812482
15647,24431,Bad Muskau,https://d-nb.info/gnd/4040893-0,https://www.geonames.org/2953397
15647,13,Dresden,https://d-nb.info/gnd/37172-5,https://www.geonames.org/2935022
15647,22,Leipzig,https://d-nb.info/gnd/4035206-7,https://www.geonames.org/2879139
15647,227,Zürich,https://d-nb.info/gnd/4068038-1,https://www.geonames.org/2657896
15649,665,Kopenhagen,https://d-nb.info/gnd/4032399-7,
15649,22,Leipzig,https://d-nb.info/gnd/4035206-7,https://www.geonames.org/2879139
15651,327,Frankfurt am Main,https://d-nb.info/gnd/4018118-2,https://www.geonames.org/2925533
15651,22,Leipzig,https://d-nb.info/gnd/4035206-7,https://www.geonames.org/2879139
15651,2440,Offenbach am Main,https://d-nb.info/gnd/4043359-6,https://www.geonames.org/2857807
15651,58,Weimar,https://d-nb.info/gnd/4065105-8,https://www.geonames.org/2812482
15651,24434,Wurzen,https://d-nb.info/gnd/4119187-0,
15651,227,Zürich,https://d-nb.info/gnd/4068038-1,https://www.geonames.org/2657896
15653,22,Leipzig,https://d-nb.info/gnd/4035206-7,https://www.geonames.org/2879139
15654,13,Dresden,https://d-nb.info/gnd/37172-5,https://www.geonames.org/2935022
15654,665,Kopenhagen,https://d-nb.info/gnd/4032399-7,
15654,22,Leipzig,https://d-nb.info/gnd/4035206-7,https://www.geonames.org/2879139
15654,227,Zürich,https://d-nb.info/gnd/4068038-1,https://www.geonames.org/2657896
15655,22,Leipzig,https://d-nb.info/gnd/4035206-7,https://www.geonames.org/2879139
15655,10061,Rammenau,https://d-nb.info/gnd/4368618-7,https://www.geonames.org/2850648
15656,22,Leipzig,https://d-nb.info/gnd/4035206-7,https://www.geonames.org/2879139
15658,13,Dresden,https://d-nb.info/gnd/37172-5,https://www.geonames.org/2935022
15658,22,Leipzig,https://d-nb.info/gnd/4035206-7,https://www.geonames.org/2879139
15659,13,Dresden,https://d-nb.info/gnd/37172-5,https://www.geonames.org/2935022
15659,22,Leipzig,https://d-nb.info/gnd/4035206-7,https://www.geonames.org/2879139
15662,22,Leipzig,https://d-nb.info/gnd/4035206-7,https://www.geonames.org/2879139
15665,13,Dresden,https://d-nb.info/gnd/37172-5,https://www.geonames.org/2935022
15665,98,Hamburg,https://d-nb.info/gnd/4023118-5,https://www.geonames.org/2911298
15665,22,Leipzig,https://d-nb.info/gnd/4035206-7,https://www.geonames.org/2879139
15665,2440,Offenbach am Main,https://d-nb.info/gnd/4043359-6,https://www.geonames.org/2857807
15665,58,Weimar,https://d-nb.info/gnd/4065105-8,https://www.geonames.org/2812482
15665,227,Zürich,https://d-nb.info/gnd/4068038-1,https://www.geonames.org/2657896
15666,4240,Athen,https://d-nb.info/gnd/4003366-1,
15666,12,Jena,https://d-nb.info/gnd/4028557-1,https://www.geonames.org/2895044
15666,22,Leipzig,https://d-nb.info/gnd/4035206-7,https://www.geonames.org/2879139
15666,227,Zürich,https://d-nb.info/gnd/4068038-1,https://www.geonames.org/2657896
15667,13,Dresden,https://d-nb.info/gnd/37172-5,https://www.geonames.org/2935022
15667,22,Leipzig,https://d-nb.info/gnd/4035206-7,https://www.geonames.org/2879139
15668,16,Wien,https://d-nb.info/gnd/4066009-6,
15668,227,Zürich,https://d-nb.info/gnd/4068038-1,https://www.geonames.org/2657896
15671,13,Dresden,https://d-nb.info/gnd/37172-5,https://www.geonames.org/2935022
15671,22,Leipzig,https://d-nb.info/gnd/4035206-7,https://www.geonames.org/2879139
15671,227,Zürich,https://d-nb.info/gnd/4068038-1,https://www.geonames.org/2657896
15673,22,Leipzig,https://d-nb.info/gnd/4035206-7,https://www.geonames.org/2879139
15678,229,Halle (Saale),https://d-nb.info/gnd/4023025-9,https://www.geonames.org/2911522
15678,12,Jena,https://d-nb.info/gnd/4028557-1,https://www.geonames.org/2895044
15678,22,Leipzig,https://d-nb.info/gnd/4035206-7,https://www.geonames.org/2879139
15678,227,Zürich,https://d-nb.info/gnd/4068038-1,https://www.geonames.org/2657896
15679,13,Dresden,https://d-nb.info/gnd/37172-5,https://www.geonames.org/2935022
15679,22,Leipzig,https://d-nb.info/gnd/4035206-7,https://www.geonames.org/2879139
15679,227,Zürich,https://d-nb.info/gnd/4068038-1,https://www.geonames.org/2657896
15680,22,Leipzig,https://d-nb.info/gnd/4035206-7,https://www.geonames.org/2879139
15681,1999,Bremen,https://d-nb.info/gnd/35746-7,https://www.geonames.org/2944388
15681,22,Leipzig,https://d-nb.info/gnd/4035206-7,https://www.geonames.org/2879139
15681,24450,Sankt Gotthard (Pass),,https://www.geonames.org/2658828
15681,24408,Sax (Sankt Gallen),,https://www.geonames.org/2658771
15681,227,Zürich,https://d-nb.info/gnd/4068038-1,https://www.geonames.org/2657896
15684,22,Leipzig,https://d-nb.info/gnd/4035206-7,https://www.geonames.org/2879139
15684,10049,Montbéliard,https://d-nb.info/gnd/4074960-5,
15684,614,Tübingen,https://d-nb.info/gnd/4061147-4,https://www.geonames.org/2820860
15684,227,Zürich,https://d-nb.info/gnd/4068038-1,https://www.geonames.org/2657896
15687,1999,Bremen,https://d-nb.info/gnd/35746-7,https://www.geonames.org/2944388
15687,22,Leipzig,https://d-nb.info/gnd/4035206-7,https://www.geonames.org/2879139
15687,227,Zürich,https://d-nb.info/gnd/4068038-1,https://www.geonames.org/2657896
15689,13,Dresden,https://d-nb.info/gnd/37172-5,https://www.geonames.org/2935022
15689,22,Leipzig,https://d-nb.info/gnd/4035206-7,https://www.geonames.org/2879139
15692,13,Dresden,https://d-nb.info/gnd/37172-5,https://www.geonames.org/2935022
15692,22,Leipzig,https://d-nb.info/gnd/4035206-7,https://www.geonames.org/2879139
15692,227,Zürich,https://d-nb.info/gnd/4068038-1,https://www.geonames.org/2657896
15694,22,Leipzig,https://d-nb.info/gnd/4035206-7,https://www.geonames.org/2879139
15694,614,Tübingen,https://d-nb.info/gnd/4061147-4,https://www.geonames.org/2820860
15694,227,Zürich,https://d-nb.info/gnd/4068038-1,https://www.geonames.org/2657896
15697,13,Dresden,https://d-nb.info/gnd/37172-5,https://www.geonames.org/2935022
15697,665,Kopenhagen,https://d-nb.info/gnd/4032399-7,
15697,22,Leipzig,https://d-nb.info/gnd/4035206-7,https://www.geonames.org/2879139
15697,58,Weimar,https://d-nb.info/gnd/4065105-8,https://www.geonames.org/2812482
15697,227,Zürich,https://d-nb.info/gnd/4068038-1,https://www.geonames.org/2657896
15705,13,Dresden,https://d-nb.info/gnd/37172-5,https://www.geonames.org/2935022
15705,22,Leipzig,https://d-nb.info/gnd/4035206-7,https://www.geonames.org/2879139
15705,1678,Warschau,https://d-nb.info/gnd/4079048-4,https://www.geonames.org/756135
15706,22,Leipzig,https://d-nb.info/gnd/4035206-7,https://www.geonames.org/2879139
15706,1678,Warschau,https://d-nb.info/gnd/4079048-4,https://www.geonames.org/756135
15707,22,Leipzig,https://d-nb.info/gnd/4035206-7,https://www.geonames.org/2879139
15709,1678,Warschau,https://d-nb.info/gnd/4079048-4,https://www.geonames.org/756135
15711,13,Dresden,https://d-nb.info/gnd/37172-5,https://www.geonames.org/2935022
15711,1362,Königsberg,https://d-nb.info/gnd/4031541-1,https://www.geonames.org/554234
15711,22,Leipzig,https://d-nb.info/gnd/4035206-7,https://www.geonames.org/2879139
15711,1678,Warschau,https://d-nb.info/gnd/4079048-4,https://www.geonames.org/756135
15712,1362,Königsberg,https://d-nb.info/gnd/4031541-1,https://www.geonames.org/554234
15712,1678,Warschau,https://d-nb.info/gnd/4079048-4,https://www.geonames.org/756135
15713,1362,Königsberg,https://d-nb.info/gnd/4031541-1,https://www.geonames.org/554234
15713,22,Leipzig,https://d-nb.info/gnd/4035206-7,https://www.geonames.org/2879139
15713,24464,Radeberg,,https://www.geonames.org/2851079
15713,2528,Riga,https://d-nb.info/gnd/4050042-1,https://www.geonames.org/456172
15713,1678,Warschau,https://d-nb.info/gnd/4079048-4,https://www.geonames.org/756135
15713,227,Zürich,https://d-nb.info/gnd/4068038-1,https://www.geonames.org/2657896
15714,1362,Königsberg,https://d-nb.info/gnd/4031541-1,https://www.geonames.org/554234
15715,1362,Königsberg,https://d-nb.info/gnd/4031541-1,https://www.geonames.org/554234
15716,1362,Königsberg,https://d-nb.info/gnd/4031541-1,https://www.geonames.org/554234
15716,22,Leipzig,https://d-nb.info/gnd/4035206-7,https://www.geonames.org/2879139
15716,2528,Riga,https://d-nb.info/gnd/4050042-1,https://www.geonames.org/456172
15716,1678,Warschau,https://d-nb.info/gnd/4079048-4,https://www.geonames.org/756135
15717,13,Dresden,https://d-nb.info/gnd/37172-5,https://www.geonames.org/2935022
15717,1362,Königsberg,https://d-nb.info/gnd/4031541-1,https://www.geonames.org/554234
15717,22,Leipzig,https://d-nb.info/gnd/4035206-7,https://www.geonames.org/2879139
15717,1678,Warschau,https://d-nb.info/gnd/4079048-4,https://www.geonames.org/756135
15718,229,Halle (Saale),https://d-nb.info/gnd/4023025-9,https://www.geonames.org/2911522
15718,1362,Königsberg,https://d-nb.info/gnd/4031541-1,https://www.geonames.org/554234
15718,22,Leipzig,https://d-nb.info/gnd/4035206-7,https://www.geonames.org/2879139
15718,24461,Oppach,https://d-nb.info/gnd/4330635-4,https://www.geonames.org/2857182
15718,1678,Warschau,https://d-nb.info/gnd/4079048-4,https://www.geonames.org/756135
15720,1362,Königsberg,https://d-nb.info/gnd/4031541-1,https://www.geonames.org/554234
15721,1362,Königsberg,https://d-nb.info/gnd/4031541-1,https://www.geonames.org/554234
15721,24470,Krokowa,https://d-nb.info/gnd/4658005-0,
15725,24470,Krokowa,https://d-nb.info/gnd/4658005-0,
15725,1678,Warschau,https://d-nb.info/gnd/4079048-4,https://www.geonames.org/756135
15726,15,Berlin,https://d-nb.info/gnd/2004272-3,https://www.geonames.org/2950159
15726,229,Halle (Saale),https://d-nb.info/gnd/4023025-9,https://www.geonames.org/2911522
15726,1362,Königsberg,https://d-nb.info/gnd/4031541-1,https://www.geonames.org/554234
15726,24470,Krokowa,https://d-nb.info/gnd/4658005-0,
15726,2528,Riga,https://d-nb.info/gnd/4050042-1,https://www.geonames.org/456172
15727,24481,Bautzen,https://d-nb.info/gnd/4004968-1,
15727,66,Danzig (Gdańsk),https://d-nb.info/gnd/15739-9,https://www.geonames.org/3099434
15727,1362,Königsberg,https://d-nb.info/gnd/4031541-1,https://www.geonames.org/554234
15727,24470,Krokowa,https://d-nb.info/gnd/4658005-0,
15727,22,Leipzig,https://d-nb.info/gnd/4035206-7,https://www.geonames.org/2879139
15727,24482,Löbau,https://d-nb.info/gnd/4036125-1,
15727,24461,Oppach,https://d-nb.info/gnd/4330635-4,https://www.geonames.org/2857182
15727,1678,Warschau,https://d-nb.info/gnd/4079048-4,https://www.geonames.org/756135
15730,1362,Königsberg,https://d-nb.info/gnd/4031541-1,https://www.geonames.org/554234
15732,24470,Krokowa,https://d-nb.info/gnd/4658005-0,
15733,1362,Königsberg,https://d-nb.info/gnd/4031541-1,https://www.geonames.org/554234
15734,1362,Königsberg,https://d-nb.info/gnd/4031541-1,https://www.geonames.org/554234
15734,24470,Krokowa,https://d-nb.info/gnd/4658005-0,
15737,24470,Krokowa,https://d-nb.info/gnd/4658005-0,
15738,24470,Krokowa,https://d-nb.info/gnd/4658005-0,
15739,1362,Königsberg,https://d-nb.info/gnd/4031541-1,https://www.geonames.org/554234
15742,24460,Bischofswerda,https://d-nb.info/gnd/4283939-7,https://www.geonames.org/2948267
15742,66,Danzig (Gdańsk),https://d-nb.info/gnd/15739-9,https://www.geonames.org/3099434
15742,3308,Frankfurt (Oder),https://d-nb.info/gnd/4018122-4,https://www.geonames.org/2925535
15742,1362,Königsberg,https://d-nb.info/gnd/4031541-1,https://www.geonames.org/554234
15742,24470,Krokowa,https://d-nb.info/gnd/4658005-0,
15742,24491,Querfurt,https://d-nb.info/gnd/4048053-7,
15742,10061,Rammenau,https://d-nb.info/gnd/4368618-7,https://www.geonames.org/2850648
15743,24470,Krokowa,https://d-nb.info/gnd/4658005-0,
15744,66,Danzig (Gdańsk),https://d-nb.info/gnd/15739-9,https://www.geonames.org/3099434
15744,1362,Königsberg,https://d-nb.info/gnd/4031541-1,https://www.geonames.org/554234
15744,24470,Krokowa,https://d-nb.info/gnd/4658005-0,
15746,66,Danzig (Gdańsk),https://d-nb.info/gnd/15739-9,https://www.geonames.org/3099434
15746,1362,Königsberg,https://d-nb.info/gnd/4031541-1,https://www.geonames.org/554234
15746,24470,Krokowa,https://d-nb.info/gnd/4658005-0,
15749,229,Halle (Saale),https://d-nb.info/gnd/4023025-9,https://www.geonames.org/2911522
15749,24470,Krokowa,https://d-nb.info/gnd/4658005-0,
15749,22,Leipzig,https://d-nb.info/gnd/4035206-7,https://www.geonames.org/2879139
15752,1362,Königsberg,https://d-nb.info/gnd/4031541-1,https://www.geonames.org/554234
15752,24470,Krokowa,https://d-nb.info/gnd/4658005-0,
15753,15,Berlin,https://d-nb.info/gnd/2004272-3,https://www.geonames.org/2950159
15753,2,Göttingen,https://d-nb.info/gnd/4021477-1,https://www.geonames.org/2918632
15753,4467,Helmstedt,https://d-nb.info/gnd/4024344-8,
15753,12,Jena,https://d-nb.info/gnd/4028557-1,https://www.geonames.org/2895044
15753,1362,Königsberg,https://d-nb.info/gnd/4031541-1,https://www.geonames.org/554234
15753,22,Leipzig,https://d-nb.info/gnd/4035206-7,https://www.geonames.org/2879139
15754,15,Berlin,https://d-nb.info/gnd/2004272-3,https://www.geonames.org/2950159
15754,24503,Gielsdorf (Altlandsberg),https://d-nb.info/gnd/7739055-6,
15754,1362,Königsberg,https://d-nb.info/gnd/4031541-1,https://www.geonames.org/554234
15754,24470,Krokowa,https://d-nb.info/gnd/4658005-0,
15755,24470,Krokowa,https://d-nb.info/gnd/4658005-0,
15755,24506,Oliva,https://d-nb.info/gnd/4075642-7,
15758,15,Berlin,https://d-nb.info/gnd/2004272-3,https://www.geonames.org/2950159
15758,1362,Königsberg,https://d-nb.info/gnd/4031541-1,https://www.geonames.org/554234
15758,24470,Krokowa,https://d-nb.info/gnd/4658005-0,
15759,229,Halle (Saale),https://d-nb.info/gnd/4023025-9,https://www.geonames.org/2911522
15759,1362,Königsberg,https://d-nb.info/gnd/4031541-1,https://www.geonames.org/554234
15759,24470,Krokowa,https://d-nb.info/gnd/4658005-0,
15759,6704,Oels,https://d-nb.info/gnd/123180-7,
15759,26368,Tapiau,,https://www.geonames.org/557710
15760,24470,Krokowa,https://d-nb.info/gnd/4658005-0,
15760,614,Tübingen,https://d-nb.info/gnd/4061147-4,https://www.geonames.org/2820860
15761,1362,Königsberg,https://d-nb.info/gnd/4031541-1,https://www.geonames.org/554234
15761,24470,Krokowa,https://d-nb.info/gnd/4658005-0,
15764,1362,Königsberg,https://d-nb.info/gnd/4031541-1,https://www.geonames.org/554234
15764,24470,Krokowa,https://d-nb.info/gnd/4658005-0,
15765,66,Danzig (Gdańsk),https://d-nb.info/gnd/15739-9,https://www.geonames.org/3099434
15766,22,Leipzig,https://d-nb.info/gnd/4035206-7,https://www.geonames.org/2879139
15768,14,Gotha,https://d-nb.info/gnd/4021652-4,https://www.geonames.org/2918752
15768,1362,Königsberg,https://d-nb.info/gnd/4031541-1,https://www.geonames.org/554234
15773,2,Göttingen,https://d-nb.info/gnd/4021477-1,https://www.geonames.org/2918632
15773,12,Jena,https://d-nb.info/gnd/4028557-1,https://www.geonames.org/2895044
15773,1362,Königsberg,https://d-nb.info/gnd/4031541-1,https://www.geonames.org/554234
15774,6873,Kleve (Kreis Kleve),https://d-nb.info/gnd/4031156-9,
15774,227,Zürich,https://d-nb.info/gnd/4068038-1,https://www.geonames.org/2657896
15779,66,Danzig (Gdańsk),https://d-nb.info/gnd/15739-9,https://www.geonames.org/3099434
15779,98,Hamburg,https://d-nb.info/gnd/4023118-5,https://www.geonames.org/2911298
15779,1379,Lübeck,https://d-nb.info/gnd/4036483-5,https://www.geonames.org/2875601
15779,227,Zürich,https://d-nb.info/gnd/4068038-1,https://www.geonames.org/2657896
15780,15,Berlin,https://d-nb.info/gnd/2004272-3,https://www.geonames.org/2950159
15780,66,Danzig (Gdańsk),https://d-nb.info/gnd/15739-9,https://www.geonames.org/3099434
15780,98,Hamburg,https://d-nb.info/gnd/4023118-5,https://www.geonames.org/2911298
15780,22,Leipzig,https://d-nb.info/gnd/4035206-7,https://www.geonames.org/2879139
15780,1379,Lübeck,https://d-nb.info/gnd/4036483-5,https://www.geonames.org/2875601
15781,15,Berlin,https://d-nb.info/gnd/2004272-3,https://www.geonames.org/2950159
15781,12,Jena,https://d-nb.info/gnd/4028557-1,https://www.geonames.org/2895044
15781,22,Leipzig,https://d-nb.info/gnd/4035206-7,https://www.geonames.org/2879139
15782,15,Berlin,https://d-nb.info/gnd/2004272-3,https://www.geonames.org/2950159
15782,12,Jena,https://d-nb.info/gnd/4028557-1,https://www.geonames.org/2895044
15782,22,Leipzig,https://d-nb.info/gnd/4035206-7,https://www.geonames.org/2879139
15783,15,Berlin,https://d-nb.info/gnd/2004272-3,https://www.geonames.org/2950159
15783,66,Danzig (Gdańsk),https://d-nb.info/gnd/15739-9,https://www.geonames.org/3099434
15783,98,Hamburg,https://d-nb.info/gnd/4023118-5,https://www.geonames.org/2911298
15783,1362,Königsberg,https://d-nb.info/gnd/4031541-1,https://www.geonames.org/554234
15783,1379,Lübeck,https://d-nb.info/gnd/4036483-5,https://www.geonames.org/2875601
15783,227,Zürich,https://d-nb.info/gnd/4068038-1,https://www.geonames.org/2657896
15784,15,Berlin,https://d-nb.info/gnd/2004272-3,https://www.geonames.org/2950159
15784,1362,Königsberg,https://d-nb.info/gnd/4031541-1,https://www.geonames.org/554234
15784,22,Leipzig,https://d-nb.info/gnd/4035206-7,https://www.geonames.org/2879139
15785,98,Hamburg,https://d-nb.info/gnd/4023118-5,https://www.geonames.org/2911298
15785,1379,Lübeck,https://d-nb.info/gnd/4036483-5,https://www.geonames.org/2875601
15786,98,Hamburg,https://d-nb.info/gnd/4023118-5,https://www.geonames.org/2911298
15786,22,Leipzig,https://d-nb.info/gnd/4035206-7,https://www.geonames.org/2879139
15786,1379,Lübeck,https://d-nb.info/gnd/4036483-5,https://www.geonames.org/2875601
15786,227,Zürich,https://d-nb.info/gnd/4068038-1,https://www.geonames.org/2657896
15788,98,Hamburg,https://d-nb.info/gnd/4023118-5,https://www.geonames.org/2911298
15788,22,Leipzig,https://d-nb.info/gnd/4035206-7,https://www.geonames.org/2879139
15788,1379,Lübeck,https://d-nb.info/gnd/4036483-5,https://www.geonames.org/2875601
15788,24524,Oberwinterthur,https://d-nb.info/gnd/4497256-8,
15788,251,Schaffhausen,https://d-nb.info/gnd/4051993-4,https://www.geonames.org/2658761
15788,9472,Winterthur,https://d-nb.info/gnd/4066337-1,
15788,227,Zürich,https://d-nb.info/gnd/4068038-1,https://www.geonames.org/2657896
15789,15,Berlin,https://d-nb.info/gnd/2004272-3,https://www.geonames.org/2950159
15790,15,Berlin,https://d-nb.info/gnd/2004272-3,https://www.geonames.org/2950159
15790,13,Dresden,https://d-nb.info/gnd/37172-5,https://www.geonames.org/2935022
15790,327,Frankfurt am Main,https://d-nb.info/gnd/4018118-2,https://www.geonames.org/2925533
15790,14,Gotha,https://d-nb.info/gnd/4021652-4,https://www.geonames.org/2918752
15790,98,Hamburg,https://d-nb.info/gnd/4023118-5,https://www.geonames.org/2911298
15790,12,Jena,https://d-nb.info/gnd/4028557-1,https://www.geonames.org/2895044
15790,22,Leipzig,https://d-nb.info/gnd/4035206-7,https://www.geonames.org/2879139
15790,1379,Lübeck,https://d-nb.info/gnd/4036483-5,https://www.geonames.org/2875601
15790,251,Schaffhausen,https://d-nb.info/gnd/4051993-4,https://www.geonames.org/2658761
15790,227,Zürich,https://d-nb.info/gnd/4068038-1,https://www.geonames.org/2657896
15791,327,Frankfurt am Main,https://d-nb.info/gnd/4018118-2,https://www.geonames.org/2925533
15791,98,Hamburg,https://d-nb.info/gnd/4023118-5,https://www.geonames.org/2911298
15791,665,Kopenhagen,https://d-nb.info/gnd/4032399-7,
15791,22,Leipzig,https://d-nb.info/gnd/4035206-7,https://www.geonames.org/2879139
15791,24524,Oberwinterthur,https://d-nb.info/gnd/4497256-8,
15791,251,Schaffhausen,https://d-nb.info/gnd/4051993-4,https://www.geonames.org/2658761
15791,9472,Winterthur,https://d-nb.info/gnd/4066337-1,
15791,227,Zürich,https://d-nb.info/gnd/4068038-1,https://www.geonames.org/2657896
15792,1362,Königsberg,https://d-nb.info/gnd/4031541-1,https://www.geonames.org/554234
15793,14,Gotha,https://d-nb.info/gnd/4021652-4,https://www.geonames.org/2918752
15793,9472,Winterthur,https://d-nb.info/gnd/4066337-1,
15793,227,Zürich,https://d-nb.info/gnd/4068038-1,https://www.geonames.org/2657896
15794,2281,Dessau,https://d-nb.info/gnd/4011536-7,https://www.geonames.org/2937959
15794,10110,Eglisau,https://d-nb.info/gnd/4309348-6,
15794,327,Frankfurt am Main,https://d-nb.info/gnd/4018118-2,https://www.geonames.org/2925533
15794,14,Gotha,https://d-nb.info/gnd/4021652-4,https://www.geonames.org/2918752
15794,251,Schaffhausen,https://d-nb.info/gnd/4051993-4,https://www.geonames.org/2658761
15794,1370,Stuttgart,https://d-nb.info/gnd/4058282-6,https://www.geonames.org/2825297
15794,9472,Winterthur,https://d-nb.info/gnd/4066337-1,
15794,227,Zürich,https://d-nb.info/gnd/4068038-1,https://www.geonames.org/2657896
15795,10110,Eglisau,https://d-nb.info/gnd/4309348-6,
15795,327,Frankfurt am Main,https://d-nb.info/gnd/4018118-2,https://www.geonames.org/2925533
15795,665,Kopenhagen,https://d-nb.info/gnd/4032399-7,
15795,22,Leipzig,https://d-nb.info/gnd/4035206-7,https://www.geonames.org/2879139
15795,1370,Stuttgart,https://d-nb.info/gnd/4058282-6,https://www.geonames.org/2825297
15795,9472,Winterthur,https://d-nb.info/gnd/4066337-1,
15795,227,Zürich,https://d-nb.info/gnd/4068038-1,https://www.geonames.org/2657896
15797,327,Frankfurt am Main,https://d-nb.info/gnd/4018118-2,https://www.geonames.org/2925533
15797,14,Gotha,https://d-nb.info/gnd/4021652-4,https://www.geonames.org/2918752
15797,1362,Königsberg,https://d-nb.info/gnd/4031541-1,https://www.geonames.org/554234
15797,251,Schaffhausen,https://d-nb.info/gnd/4051993-4,https://www.geonames.org/2658761
15797,1370,Stuttgart,https://d-nb.info/gnd/4058282-6,https://www.geonames.org/2825297
15797,227,Zürich,https://d-nb.info/gnd/4068038-1,https://www.geonames.org/2657896
15798,251,Schaffhausen,https://d-nb.info/gnd/4051993-4,https://www.geonames.org/2658761
15798,1370,Stuttgart,https://d-nb.info/gnd/4058282-6,https://www.geonames.org/2825297
15798,614,Tübingen,https://d-nb.info/gnd/4061147-4,https://www.geonames.org/2820860
15799,227,Zürich,https://d-nb.info/gnd/4068038-1,https://www.geonames.org/2657896
15800,227,Zürich,https://d-nb.info/gnd/4068038-1,https://www.geonames.org/2657896
15802,13,Dresden,https://d-nb.info/gnd/37172-5,https://www.geonames.org/2935022
15802,227,Zürich,https://d-nb.info/gnd/4068038-1,https://www.geonames.org/2657896
15803,227,Zürich,https://d-nb.info/gnd/4068038-1,https://www.geonames.org/2657896
15804,227,Zürich,https://d-nb.info/gnd/4068038-1,https://www.geonames.org/2657896
15805,12,Jena,https://d-nb.info/gnd/4028557-1,https://www.geonames.org/2895044
15806,25085,Kilchberg (Kanton Zürich),https://d-nb.info/gnd/4097898-9,
15806,227,Zürich,https://d-nb.info/gnd/4068038-1,https://www.geonames.org/2657896
15807,227,Zürich,https://d-nb.info/gnd/4068038-1,https://www.geonames.org/2657896
15810,1362,Königsberg,https://d-nb.info/gnd/4031541-1,https://www.geonames.org/554234
15810,227,Zürich,https://d-nb.info/gnd/4068038-1,https://www.geonames.org/2657896
15811,15,Berlin,https://d-nb.info/gnd/2004272-3,https://www.geonames.org/2950159
15811,66,Danzig (Gdańsk),https://d-nb.info/gnd/15739-9,https://www.geonames.org/3099434
15811,13,Dresden,https://d-nb.info/gnd/37172-5,https://www.geonames.org/2935022
15811,1633,Erfurt,https://d-nb.info/gnd/4015240-6,https://www.geonames.org/2929670
15811,327,Frankfurt am Main,https://d-nb.info/gnd/4018118-2,https://www.geonames.org/2925533
15811,14,Gotha,https://d-nb.info/gnd/4021652-4,https://www.geonames.org/2918752
15811,12,Jena,https://d-nb.info/gnd/4028557-1,https://www.geonames.org/2895044
15811,1362,Königsberg,https://d-nb.info/gnd/4031541-1,https://www.geonames.org/554234
15811,22,Leipzig,https://d-nb.info/gnd/4035206-7,https://www.geonames.org/2879139
15811,1370,Stuttgart,https://d-nb.info/gnd/4058282-6,https://www.geonames.org/2825297
15811,614,Tübingen,https://d-nb.info/gnd/4061147-4,https://www.geonames.org/2820860
15811,58,Weimar,https://d-nb.info/gnd/4065105-8,https://www.geonames.org/2812482
15811,227,Zürich,https://d-nb.info/gnd/4068038-1,https://www.geonames.org/2657896
15814,226,Bern,https://d-nb.info/gnd/2004253-X,https://www.geonames.org/2661552
15819,2106,Aarau,https://d-nb.info/gnd/2003554-8,
15819,392,Basel,https://d-nb.info/gnd/2005687-4,
15819,226,Bern,https://d-nb.info/gnd/2004253-X,https://www.geonames.org/2661552
15819,280,Genf,https://d-nb.info/gnd/4020137-5,
15819,665,Kopenhagen,https://d-nb.info/gnd/4032399-7,
15819,9987,Neuenburg (Schweiz),https://d-nb.info/gnd/4075303-7,
15819,27077,Nidau,https://d-nb.info/gnd/4406126-2,
15819,2538,Solothurn,https://d-nb.info/gnd/4055458-2,
15819,227,Zürich,https://d-nb.info/gnd/4068038-1,https://www.geonames.org/2657896
15821,227,Zürich,https://d-nb.info/gnd/4068038-1,https://www.geonames.org/2657896
15822,226,Bern,https://d-nb.info/gnd/2004253-X,https://www.geonames.org/2661552
15822,227,Zürich,https://d-nb.info/gnd/4068038-1,https://www.geonames.org/2657896
15825,566,Erlangen,https://d-nb.info/gnd/4015299-6,https://www.geonames.org/2929567
15825,227,Zürich,https://d-nb.info/gnd/4068038-1,https://www.geonames.org/2657896
15828,15,Berlin,https://d-nb.info/gnd/2004272-3,https://www.geonames.org/2950159
15828,227,Zürich,https://d-nb.info/gnd/4068038-1,https://www.geonames.org/2657896
15836,12,Jena,https://d-nb.info/gnd/4028557-1,https://www.geonames.org/2895044
15836,133,Kiel,https://d-nb.info/gnd/4030481-4,https://www.geonames.org/2891122
15836,227,Zürich,https://d-nb.info/gnd/4068038-1,https://www.geonames.org/2657896
15838,12,Jena,https://d-nb.info/gnd/4028557-1,https://www.geonames.org/2895044
15838,16,Wien,https://d-nb.info/gnd/4066009-6,
15839,24491,Querfurt,https://d-nb.info/gnd/4048053-7,
15839,5296,Schulpforte,https://d-nb.info/gnd/1048249190,
15839,23776,Wohlsborn,,https://www.geonames.org/2807033
15839,227,Zürich,https://d-nb.info/gnd/4068038-1,https://www.geonames.org/2657896
15840,12,Jena,https://d-nb.info/gnd/4028557-1,https://www.geonames.org/2895044
15841,25067,Schloss Rohrbach (Ilmtal-Weinstraße),,
15841,227,Zürich,https://d-nb.info/gnd/4068038-1,https://www.geonames.org/2657896
15842,227,Zürich,https://d-nb.info/gnd/4068038-1,https://www.geonames.org/2657896
15845,227,Zürich,https://d-nb.info/gnd/4068038-1,https://www.geonames.org/2657896
15848,12,Jena,https://d-nb.info/gnd/4028557-1,https://www.geonames.org/2895044
15848,22,Leipzig,https://d-nb.info/gnd/4035206-7,https://www.geonames.org/2879139
15848,227,Zürich,https://d-nb.info/gnd/4068038-1,https://www.geonames.org/2657896
15850,22,Leipzig,https://d-nb.info/gnd/4035206-7,https://www.geonames.org/2879139
15852,12,Jena,https://d-nb.info/gnd/4028557-1,https://www.geonames.org/2895044
15852,133,Kiel,https://d-nb.info/gnd/4030481-4,https://www.geonames.org/2891122
15854,12,Jena,https://d-nb.info/gnd/4028557-1,https://www.geonames.org/2895044
15854,58,Weimar,https://d-nb.info/gnd/4065105-8,https://www.geonames.org/2812482
15854,227,Zürich,https://d-nb.info/gnd/4068038-1,https://www.geonames.org/2657896
15859,14,Gotha,https://d-nb.info/gnd/4021652-4,https://www.geonames.org/2918752
15861,14,Gotha,https://d-nb.info/gnd/4021652-4,https://www.geonames.org/2918752
15861,12,Jena,https://d-nb.info/gnd/4028557-1,https://www.geonames.org/2895044
15861,58,Weimar,https://d-nb.info/gnd/4065105-8,https://www.geonames.org/2812482
15861,227,Zürich,https://d-nb.info/gnd/4068038-1,https://www.geonames.org/2657896
15862,98,Hamburg,https://d-nb.info/gnd/4023118-5,https://www.geonames.org/2911298
15862,12,Jena,https://d-nb.info/gnd/4028557-1,https://www.geonames.org/2895044
15862,133,Kiel,https://d-nb.info/gnd/4030481-4,https://www.geonames.org/2891122
15862,227,Zürich,https://d-nb.info/gnd/4068038-1,https://www.geonames.org/2657896
15863,12,Jena,https://d-nb.info/gnd/4028557-1,https://www.geonames.org/2895044
15863,227,Zürich,https://d-nb.info/gnd/4068038-1,https://www.geonames.org/2657896
15864,14,Gotha,https://d-nb.info/gnd/4021652-4,https://www.geonames.org/2918752
15864,12,Jena,https://d-nb.info/gnd/4028557-1,https://www.geonames.org/2895044
15868,12,Jena,https://d-nb.info/gnd/4028557-1,https://www.geonames.org/2895044
15868,227,Zürich,https://d-nb.info/gnd/4068038-1,https://www.geonames.org/2657896
15869,12,Jena,https://d-nb.info/gnd/4028557-1,https://www.geonames.org/2895044
15869,227,Zürich,https://d-nb.info/gnd/4068038-1,https://www.geonames.org/2657896
15870,14,Gotha,https://d-nb.info/gnd/4021652-4,https://www.geonames.org/2918752
15870,12,Jena,https://d-nb.info/gnd/4028557-1,https://www.geonames.org/2895044
15870,58,Weimar,https://d-nb.info/gnd/4065105-8,https://www.geonames.org/2812482
15870,227,Zürich,https://d-nb.info/gnd/4068038-1,https://www.geonames.org/2657896
15871,12,Jena,https://d-nb.info/gnd/4028557-1,https://www.geonames.org/2895044
15871,58,Weimar,https://d-nb.info/gnd/4065105-8,https://www.geonames.org/2812482
15874,25075,Tuttlingen,https://d-nb.info/gnd/4061293-4,
15875,12,Jena,https://d-nb.info/gnd/4028557-1,https://www.geonames.org/2895044
15875,1370,Stuttgart,https://d-nb.info/gnd/4058282-6,https://www.geonames.org/2825297
15875,614,Tübingen,https://d-nb.info/gnd/4061147-4,https://www.geonames.org/2820860
15877,66,Danzig (Gdańsk),https://d-nb.info/gnd/15739-9,https://www.geonames.org/3099434
15877,12,Jena,https://d-nb.info/gnd/4028557-1,https://www.geonames.org/2895044
15877,665,Kopenhagen,https://d-nb.info/gnd/4032399-7,
15877,1370,Stuttgart,https://d-nb.info/gnd/4058282-6,https://www.geonames.org/2825297
15877,25075,Tuttlingen,https://d-nb.info/gnd/4061293-4,
15877,227,Zürich,https://d-nb.info/gnd/4068038-1,https://www.geonames.org/2657896
15878,25076,Frankenthal (Pfalz),https://d-nb.info/gnd/4018114-5,
15878,327,Frankfurt am Main,https://d-nb.info/gnd/4018118-2,https://www.geonames.org/2925533
15878,14,Gotha,https://d-nb.info/gnd/4021652-4,https://www.geonames.org/2918752
15878,12,Jena,https://d-nb.info/gnd/4028557-1,https://www.geonames.org/2895044
15878,25077,Kortrijk,https://d-nb.info/gnd/4032537-4,
15878,897,Mainz,https://d-nb.info/gnd/2018680-0,https://www.geonames.org/2874225
15878,988,Mannheim,https://d-nb.info/gnd/4037372-1,
15878,25079,Namur,https://d-nb.info/gnd/4117763-0,
15878,25078,Oudenaarde,https://d-nb.info/gnd/4116835-5,
15878,1370,Stuttgart,https://d-nb.info/gnd/4058282-6,https://www.geonames.org/2825297
15878,227,Zürich,https://d-nb.info/gnd/4068038-1,https://www.geonames.org/2657896
15879,327,Frankfurt am Main,https://d-nb.info/gnd/4018118-2,https://www.geonames.org/2925533
15879,12,Jena,https://d-nb.info/gnd/4028557-1,https://www.geonames.org/2895044
15879,25085,Kilchberg (Kanton Zürich),https://d-nb.info/gnd/4097898-9,
15879,1370,Stuttgart,https://d-nb.info/gnd/4058282-6,https://www.geonames.org/2825297
15879,25081,Walenstadt,https://d-nb.info/gnd/4398231-1,
15879,227,Zürich,https://d-nb.info/gnd/4068038-1,https://www.geonames.org/2657896
15882,12,Jena,https://d-nb.info/gnd/4028557-1,https://www.geonames.org/2895044
15882,227,Zürich,https://d-nb.info/gnd/4068038-1,https://www.geonames.org/2657896
15884,12,Jena,https://d-nb.info/gnd/4028557-1,https://www.geonames.org/2895044
15884,58,Weimar,https://d-nb.info/gnd/4065105-8,https://www.geonames.org/2812482
15884,227,Zürich,https://d-nb.info/gnd/4068038-1,https://www.geonames.org/2657896
15886,392,Basel,https://d-nb.info/gnd/2005687-4,
15886,327,Frankfurt am Main,https://d-nb.info/gnd/4018118-2,https://www.geonames.org/2925533
15886,25092,Frauenfeld,https://d-nb.info/gnd/4018220-4,
15886,12,Jena,https://d-nb.info/gnd/4028557-1,https://www.geonames.org/2895044
15886,25093,La Chaux-de-Fonds,https://d-nb.info/gnd/4033953-1,
15886,227,Zürich,https://d-nb.info/gnd/4068038-1,https://www.geonames.org/2657896
15889,12,Jena,https://d-nb.info/gnd/4028557-1,https://www.geonames.org/2895044
15889,251,Schaffhausen,https://d-nb.info/gnd/4051993-4,https://www.geonames.org/2658761
15889,227,Zürich,https://d-nb.info/gnd/4068038-1,https://www.geonames.org/2657896
15895,226,Bern,https://d-nb.info/gnd/2004253-X,https://www.geonames.org/2661552
15895,12,Jena,https://d-nb.info/gnd/4028557-1,https://www.geonames.org/2895044
15895,233,Luzern,https://d-nb.info/gnd/4036733-2,
15895,227,Zürich,https://d-nb.info/gnd/4068038-1,https://www.geonames.org/2657896
15896,327,Frankfurt am Main,https://d-nb.info/gnd/4018118-2,https://www.geonames.org/2925533
15896,12,Jena,https://d-nb.info/gnd/4028557-1,https://www.geonames.org/2895044
15896,22,Leipzig,https://d-nb.info/gnd/4035206-7,https://www.geonames.org/2879139
15898,12,Jena,https://d-nb.info/gnd/4028557-1,https://www.geonames.org/2895044
15898,1362,Königsberg,https://d-nb.info/gnd/4031541-1,https://www.geonames.org/554234
15898,22,Leipzig,https://d-nb.info/gnd/4035206-7,https://www.geonames.org/2879139
15898,227,Zürich,https://d-nb.info/gnd/4068038-1,https://www.geonames.org/2657896
15902,58,Weimar,https://d-nb.info/gnd/4065105-8,https://www.geonames.org/2812482
15902,227,Zürich,https://d-nb.info/gnd/4068038-1,https://www.geonames.org/2657896
15903,12,Jena,https://d-nb.info/gnd/4028557-1,https://www.geonames.org/2895044
15905,58,Weimar,https://d-nb.info/gnd/4065105-8,https://www.geonames.org/2812482
15906,12,Jena,https://d-nb.info/gnd/4028557-1,https://www.geonames.org/2895044
15906,58,Weimar,https://d-nb.info/gnd/4065105-8,https://www.geonames.org/2812482
15907,12,Jena,https://d-nb.info/gnd/4028557-1,https://www.geonames.org/2895044
15907,5296,Schulpforte,https://d-nb.info/gnd/1048249190,
15907,58,Weimar,https://d-nb.info/gnd/4065105-8,https://www.geonames.org/2812482
15908,12,Jena,https://d-nb.info/gnd/4028557-1,https://www.geonames.org/2895044
15909,227,Zürich,https://d-nb.info/gnd/4068038-1,https://www.geonames.org/2657896
15910,12,Jena,https://d-nb.info/gnd/4028557-1,https://www.geonames.org/2895044
15910,58,Weimar,https://d-nb.info/gnd/4065105-8,https://www.geonames.org/2812482
15910,227,Zürich,https://d-nb.info/gnd/4068038-1,https://www.geonames.org/2657896
15911,365,Eisenach,https://d-nb.info/gnd/2009365-2,
15911,12,Jena,https://d-nb.info/gnd/4028557-1,https://www.geonames.org/2895044
15911,58,Weimar,https://d-nb.info/gnd/4065105-8,https://www.geonames.org/2812482
15911,227,Zürich,https://d-nb.info/gnd/4068038-1,https://www.geonames.org/2657896
15912,12,Jena,https://d-nb.info/gnd/4028557-1,https://www.geonames.org/2895044
15912,22,Leipzig,https://d-nb.info/gnd/4035206-7,https://www.geonames.org/2879139
15912,26511,Schönewerda,,https://www.geonames.org/2836676
15913,12,Jena,https://d-nb.info/gnd/4028557-1,https://www.geonames.org/2895044
15916,12,Jena,https://d-nb.info/gnd/4028557-1,https://www.geonames.org/2895044
15917,12,Jena,https://d-nb.info/gnd/4028557-1,https://www.geonames.org/2895044
15917,133,Kiel,https://d-nb.info/gnd/4030481-4,https://www.geonames.org/2891122
15917,58,Weimar,https://d-nb.info/gnd/4065105-8,https://www.geonames.org/2812482
15917,227,Zürich,https://d-nb.info/gnd/4068038-1,https://www.geonames.org/2657896
15921,327,Frankfurt am Main,https://d-nb.info/gnd/4018118-2,https://www.geonames.org/2925533
15921,12,Jena,https://d-nb.info/gnd/4028557-1,https://www.geonames.org/2895044
15921,1362,Königsberg,https://d-nb.info/gnd/4031541-1,https://www.geonames.org/554234
15921,233,Luzern,https://d-nb.info/gnd/4036733-2,
15921,171,Paris,https://d-nb.info/gnd/4044660-8,https://www.geonames.org/2988507
15921,1370,Stuttgart,https://d-nb.info/gnd/4058282-6,https://www.geonames.org/2825297
15921,227,Zürich,https://d-nb.info/gnd/4068038-1,https://www.geonames.org/2657896
15923,12,Jena,https://d-nb.info/gnd/4028557-1,https://www.geonames.org/2895044
15925,12,Jena,https://d-nb.info/gnd/4028557-1,https://www.geonames.org/2895044
15925,1370,Stuttgart,https://d-nb.info/gnd/4058282-6,https://www.geonames.org/2825297
15925,227,Zürich,https://d-nb.info/gnd/4068038-1,https://www.geonames.org/2657896
15926,12,Jena,https://d-nb.info/gnd/4028557-1,https://www.geonames.org/2895044
15928,327,Frankfurt am Main,https://d-nb.info/gnd/4018118-2,https://www.geonames.org/2925533
15928,12,Jena,https://d-nb.info/gnd/4028557-1,https://www.geonames.org/2895044
15929,6630,Antwerpen,https://d-nb.info/gnd/4002364-3,
15929,280,Genf,https://d-nb.info/gnd/4020137-5,
15929,12,Jena,https://d-nb.info/gnd/4028557-1,https://www.geonames.org/2895044
15929,1379,Lübeck,https://d-nb.info/gnd/4036483-5,https://www.geonames.org/2875601
15929,227,Zürich,https://d-nb.info/gnd/4068038-1,https://www.geonames.org/2657896
15930,12,Jena,https://d-nb.info/gnd/4028557-1,https://www.geonames.org/2895044
15930,5289,Meißen,https://d-nb.info/gnd/4038474-3,https://www.geonames.org/2872155
15930,8567,Wittenberg,https://d-nb.info/gnd/4066640-2,https://www.geonames.org/7303020
15931,10110,Eglisau,https://d-nb.info/gnd/4309348-6,
15931,12,Jena,https://d-nb.info/gnd/4028557-1,https://www.geonames.org/2895044
15931,58,Weimar,https://d-nb.info/gnd/4065105-8,https://www.geonames.org/2812482
15931,9472,Winterthur,https://d-nb.info/gnd/4066337-1,
15931,227,Zürich,https://d-nb.info/gnd/4068038-1,https://www.geonames.org/2657896
15933,15,Berlin,https://d-nb.info/gnd/2004272-3,https://www.geonames.org/2950159
15936,327,Frankfurt am Main,https://d-nb.info/gnd/4018118-2,https://www.geonames.org/2925533
15936,12,Jena,https://d-nb.info/gnd/4028557-1,https://www.geonames.org/2895044
15936,232,Ulm,https://d-nb.info/gnd/4061529-7,
15936,227,Zürich,https://d-nb.info/gnd/4068038-1,https://www.geonames.org/2657896
15937,12,Jena,https://d-nb.info/gnd/4028557-1,https://www.geonames.org/2895044
15937,5289,Meißen,https://d-nb.info/gnd/4038474-3,https://www.geonames.org/2872155
15941,12,Jena,https://d-nb.info/gnd/4028557-1,https://www.geonames.org/2895044
15942,12,Jena,https://d-nb.info/gnd/4028557-1,https://www.geonames.org/2895044
15943,12,Jena,https://d-nb.info/gnd/4028557-1,https://www.geonames.org/2895044
15945,12,Jena,https://d-nb.info/gnd/4028557-1,https://www.geonames.org/2895044
15946,12,Jena,https://d-nb.info/gnd/4028557-1,https://www.geonames.org/2895044
15946,1362,Königsberg,https://d-nb.info/gnd/4031541-1,https://www.geonames.org/554234
15947,15,Berlin,https://d-nb.info/gnd/2004272-3,https://www.geonames.org/2950159
15948,12,Jena,https://d-nb.info/gnd/4028557-1,https://www.geonames.org/2895044
15948,58,Weimar,https://d-nb.info/gnd/4065105-8,https://www.geonames.org/2812482
15952,12,Jena,https://d-nb.info/gnd/4028557-1,https://www.geonames.org/2895044
15953,12,Jena,https://d-nb.info/gnd/4028557-1,https://www.geonames.org/2895044
15953,58,Weimar,https://d-nb.info/gnd/4065105-8,https://www.geonames.org/2812482
15954,12,Jena,https://d-nb.info/gnd/4028557-1,https://www.geonames.org/2895044
15954,58,Weimar,https://d-nb.info/gnd/4065105-8,https://www.geonames.org/2812482
15955,12,Jena,https://d-nb.info/gnd/4028557-1,https://www.geonames.org/2895044
15956,12,Jena,https://d-nb.info/gnd/4028557-1,https://www.geonames.org/2895044
15956,5289,Meißen,https://d-nb.info/gnd/4038474-3,https://www.geonames.org/2872155
15957,12,Jena,https://d-nb.info/gnd/4028557-1,https://www.geonames.org/2895044
15958,58,Weimar,https://d-nb.info/gnd/4065105-8,https://www.geonames.org/2812482
15959,14,Gotha,https://d-nb.info/gnd/4021652-4,https://www.geonames.org/2918752
15959,411,Rudolstadt,https://d-nb.info/gnd/4105066-6,https://www.geonames.org/2843355
15960,58,Weimar,https://d-nb.info/gnd/4065105-8,https://www.geonames.org/2812482
15962,12,Jena,https://d-nb.info/gnd/4028557-1,https://www.geonames.org/2895044
15964,58,Weimar,https://d-nb.info/gnd/4065105-8,https://www.geonames.org/2812482
15965,2930,Coburg,https://d-nb.info/gnd/4010325-0,
15965,14,Gotha,https://d-nb.info/gnd/4021652-4,https://www.geonames.org/2918752
15965,12,Jena,https://d-nb.info/gnd/4028557-1,https://www.geonames.org/2895044
15965,252,Meiningen,https://d-nb.info/gnd/4038453-6,
15965,58,Weimar,https://d-nb.info/gnd/4065105-8,https://www.geonames.org/2812482
15967,58,Weimar,https://d-nb.info/gnd/4065105-8,https://www.geonames.org/2812482
15968,574,Heidelberg,https://d-nb.info/gnd/4023996-2,
15968,12,Jena,https://d-nb.info/gnd/4028557-1,https://www.geonames.org/2895044
15969,58,Weimar,https://d-nb.info/gnd/4065105-8,https://www.geonames.org/2812482
15970,2930,Coburg,https://d-nb.info/gnd/4010325-0,
15970,14,Gotha,https://d-nb.info/gnd/4021652-4,https://www.geonames.org/2918752
15970,12,Jena,https://d-nb.info/gnd/4028557-1,https://www.geonames.org/2895044
15970,252,Meiningen,https://d-nb.info/gnd/4038453-6,
15970,58,Weimar,https://d-nb.info/gnd/4065105-8,https://www.geonames.org/2812482
15971,12,Jena,https://d-nb.info/gnd/4028557-1,https://www.geonames.org/2895044
15971,5289,Meißen,https://d-nb.info/gnd/4038474-3,https://www.geonames.org/2872155
15972,12,Jena,https://d-nb.info/gnd/4028557-1,https://www.geonames.org/2895044
15972,133,Kiel,https://d-nb.info/gnd/4030481-4,https://www.geonames.org/2891122
15978,12,Jena,https://d-nb.info/gnd/4028557-1,https://www.geonames.org/2895044
15979,58,Weimar,https://d-nb.info/gnd/4065105-8,https://www.geonames.org/2812482
15980,12,Jena,https://d-nb.info/gnd/4028557-1,https://www.geonames.org/2895044
15981,2,Göttingen,https://d-nb.info/gnd/4021477-1,https://www.geonames.org/2918632
15981,5253,Hildesheim,https://d-nb.info/gnd/4024881-1,
15981,12,Jena,https://d-nb.info/gnd/4028557-1,https://www.geonames.org/2895044
15982,12,Jena,https://d-nb.info/gnd/4028557-1,https://www.geonames.org/2895044
15983,12,Jena,https://d-nb.info/gnd/4028557-1,https://www.geonames.org/2895044
15984,12,Jena,https://d-nb.info/gnd/4028557-1,https://www.geonames.org/2895044
15984,5289,Meißen,https://d-nb.info/gnd/4038474-3,https://www.geonames.org/2872155
15984,10061,Rammenau,https://d-nb.info/gnd/4368618-7,https://www.geonames.org/2850648
15984,5296,Schulpforte,https://d-nb.info/gnd/1048249190,
15985,12,Jena,https://d-nb.info/gnd/4028557-1,https://www.geonames.org/2895044
15986,12,Jena,https://d-nb.info/gnd/4028557-1,https://www.geonames.org/2895044
15986,5289,Meißen,https://d-nb.info/gnd/4038474-3,https://www.geonames.org/2872155
15988,227,Zürich,https://d-nb.info/gnd/4068038-1,https://www.geonames.org/2657896
15989,5289,Meißen,https://d-nb.info/gnd/4038474-3,https://www.geonames.org/2872155
15992,1999,Bremen,https://d-nb.info/gnd/35746-7,https://www.geonames.org/2944388
15992,12,Jena,https://d-nb.info/gnd/4028557-1,https://www.geonames.org/2895044
15992,2917,Oßmannstedt,https://d-nb.info/gnd/4640284-6,https://www.geonames.org/2856837
15992,58,Weimar,https://d-nb.info/gnd/4065105-8,https://www.geonames.org/2812482
15993,12,Jena,https://d-nb.info/gnd/4028557-1,https://www.geonames.org/2895044
15993,22,Leipzig,https://d-nb.info/gnd/4035206-7,https://www.geonames.org/2879139
15994,12,Jena,https://d-nb.info/gnd/4028557-1,https://www.geonames.org/2895044
15996,1999,Bremen,https://d-nb.info/gnd/35746-7,https://www.geonames.org/2944388
15996,12,Jena,https://d-nb.info/gnd/4028557-1,https://www.geonames.org/2895044
15996,2917,Oßmannstedt,https://d-nb.info/gnd/4640284-6,https://www.geonames.org/2856837
15996,58,Weimar,https://d-nb.info/gnd/4065105-8,https://www.geonames.org/2812482
15997,10173,Auerstedt,https://d-nb.info/gnd/4079866-5,
15997,12,Jena,https://d-nb.info/gnd/4028557-1,https://www.geonames.org/2895044
15997,22,Leipzig,https://d-nb.info/gnd/4035206-7,https://www.geonames.org/2879139
15997,262,Naumburg (Saale),https://d-nb.info/gnd/4041445-0,
15997,2917,Oßmannstedt,https://d-nb.info/gnd/4640284-6,https://www.geonames.org/2856837
15997,58,Weimar,https://d-nb.info/gnd/4065105-8,https://www.geonames.org/2812482
15998,10173,Auerstedt,https://d-nb.info/gnd/4079866-5,
15998,12,Jena,https://d-nb.info/gnd/4028557-1,https://www.geonames.org/2895044
15998,22,Leipzig,https://d-nb.info/gnd/4035206-7,https://www.geonames.org/2879139
15998,5289,Meißen,https://d-nb.info/gnd/4038474-3,https://www.geonames.org/2872155
15998,262,Naumburg (Saale),https://d-nb.info/gnd/4041445-0,
15998,2917,Oßmannstedt,https://d-nb.info/gnd/4640284-6,https://www.geonames.org/2856837
15999,15,Berlin,https://d-nb.info/gnd/2004272-3,https://www.geonames.org/2950159
16002,2,Göttingen,https://d-nb.info/gnd/4021477-1,https://www.geonames.org/2918632
16002,5253,Hildesheim,https://d-nb.info/gnd/4024881-1,
16002,12,Jena,https://d-nb.info/gnd/4028557-1,https://www.geonames.org/2895044
16002,27904,Jena-Ziegenhain,https://d-nb.info/gnd/7570850-4,
16004,12,Jena,https://d-nb.info/gnd/4028557-1,https://www.geonames.org/2895044
16004,2917,Oßmannstedt,https://d-nb.info/gnd/4640284-6,https://www.geonames.org/2856837
16004,58,Weimar,https://d-nb.info/gnd/4065105-8,https://www.geonames.org/2812482
16004,227,Zürich,https://d-nb.info/gnd/4068038-1,https://www.geonames.org/2657896
16005,22,Leipzig,https://d-nb.info/gnd/4035206-7,https://www.geonames.org/2879139
16005,2917,Oßmannstedt,https://d-nb.info/gnd/4640284-6,https://www.geonames.org/2856837
16005,614,Tübingen,https://d-nb.info/gnd/4061147-4,https://www.geonames.org/2820860
16005,58,Weimar,https://d-nb.info/gnd/4065105-8,https://www.geonames.org/2812482
16006,1100,Gießen,https://d-nb.info/gnd/4020989-1,https://www.geonames.org/2920512
16007,12,Jena,https://d-nb.info/gnd/4028557-1,https://www.geonames.org/2895044
16007,2917,Oßmannstedt,https://d-nb.info/gnd/4640284-6,https://www.geonames.org/2856837
16010,2917,Oßmannstedt,https://d-nb.info/gnd/4640284-6,https://www.geonames.org/2856837
16011,12,Jena,https://d-nb.info/gnd/4028557-1,https://www.geonames.org/2895044
16011,2917,Oßmannstedt,https://d-nb.info/gnd/4640284-6,https://www.geonames.org/2856837
16011,58,Weimar,https://d-nb.info/gnd/4065105-8,https://www.geonames.org/2812482
16013,12,Jena,https://d-nb.info/gnd/4028557-1,https://www.geonames.org/2895044
16013,2917,Oßmannstedt,https://d-nb.info/gnd/4640284-6,https://www.geonames.org/2856837
16015,2917,Oßmannstedt,https://d-nb.info/gnd/4640284-6,https://www.geonames.org/2856837
16016,12,Jena,https://d-nb.info/gnd/4028557-1,https://www.geonames.org/2895044
16016,2917,Oßmannstedt,https://d-nb.info/gnd/4640284-6,https://www.geonames.org/2856837
16017,12,Jena,https://d-nb.info/gnd/4028557-1,https://www.geonames.org/2895044
16017,2917,Oßmannstedt,https://d-nb.info/gnd/4640284-6,https://www.geonames.org/2856837
16017,5296,Schulpforte,https://d-nb.info/gnd/1048249190,
16017,58,Weimar,https://d-nb.info/gnd/4065105-8,https://www.geonames.org/2812482
16018,226,Bern,https://d-nb.info/gnd/2004253-X,https://www.geonames.org/2661552
16018,12,Jena,https://d-nb.info/gnd/4028557-1,https://www.geonames.org/2895044
16018,227,Zürich,https://d-nb.info/gnd/4068038-1,https://www.geonames.org/2657896
16020,12,Jena,https://d-nb.info/gnd/4028557-1,https://www.geonames.org/2895044
16020,58,Weimar,https://d-nb.info/gnd/4065105-8,https://www.geonames.org/2812482
16020,227,Zürich,https://d-nb.info/gnd/4068038-1,https://www.geonames.org/2657896
16023,226,Bern,https://d-nb.info/gnd/2004253-X,https://www.geonames.org/2661552
16023,12,Jena,https://d-nb.info/gnd/4028557-1,https://www.geonames.org/2895044
16023,2917,Oßmannstedt,https://d-nb.info/gnd/4640284-6,https://www.geonames.org/2856837
16024,12,Jena,https://d-nb.info/gnd/4028557-1,https://www.geonames.org/2895044
16027,12,Jena,https://d-nb.info/gnd/4028557-1,https://www.geonames.org/2895044
16027,58,Weimar,https://d-nb.info/gnd/4065105-8,https://www.geonames.org/2812482
16027,227,Zürich,https://d-nb.info/gnd/4068038-1,https://www.geonames.org/2657896
16028,12,Jena,https://d-nb.info/gnd/4028557-1,https://www.geonames.org/2895044
16028,133,Kiel,https://d-nb.info/gnd/4030481-4,https://www.geonames.org/2891122
16028,227,Zürich,https://d-nb.info/gnd/4068038-1,https://www.geonames.org/2657896
16030,236,Bamberg,https://d-nb.info/gnd/2005630-8,https://www.geonames.org/2952984
16030,12,Jena,https://d-nb.info/gnd/4028557-1,https://www.geonames.org/2895044
16033,66,Danzig (Gdańsk),https://d-nb.info/gnd/15739-9,https://www.geonames.org/3099434
16033,13,Dresden,https://d-nb.info/gnd/37172-5,https://www.geonames.org/2935022
16033,12,Jena,https://d-nb.info/gnd/4028557-1,https://www.geonames.org/2895044
16033,58,Weimar,https://d-nb.info/gnd/4065105-8,https://www.geonames.org/2812482
16034,12,Jena,https://d-nb.info/gnd/4028557-1,https://www.geonames.org/2895044
16034,58,Weimar,https://d-nb.info/gnd/4065105-8,https://www.geonames.org/2812482
16035,2917,Oßmannstedt,https://d-nb.info/gnd/4640284-6,https://www.geonames.org/2856837
16035,58,Weimar,https://d-nb.info/gnd/4065105-8,https://www.geonames.org/2812482
16036,12,Jena,https://d-nb.info/gnd/4028557-1,https://www.geonames.org/2895044
16036,2917,Oßmannstedt,https://d-nb.info/gnd/4640284-6,https://www.geonames.org/2856837
16038,2917,Oßmannstedt,https://d-nb.info/gnd/4640284-6,https://www.geonames.org/2856837
16038,58,Weimar,https://d-nb.info/gnd/4065105-8,https://www.geonames.org/2812482
16040,12,Jena,https://d-nb.info/gnd/4028557-1,https://www.geonames.org/2895044
16040,58,Weimar,https://d-nb.info/gnd/4065105-8,https://www.geonames.org/2812482
16040,227,Zürich,https://d-nb.info/gnd/4068038-1,https://www.geonames.org/2657896
16043,12,Jena,https://d-nb.info/gnd/4028557-1,https://www.geonames.org/2895044
16043,227,Zürich,https://d-nb.info/gnd/4068038-1,https://www.geonames.org/2657896
16044,12,Jena,https://d-nb.info/gnd/4028557-1,https://www.geonames.org/2895044
16047,12,Jena,https://d-nb.info/gnd/4028557-1,https://www.geonames.org/2895044
16047,26366,Stäfa,https://d-nb.info/gnd/4118778-7,
16048,2917,Oßmannstedt,https://d-nb.info/gnd/4640284-6,https://www.geonames.org/2856837
16050,12,Jena,https://d-nb.info/gnd/4028557-1,https://www.geonames.org/2895044
16050,1362,Königsberg,https://d-nb.info/gnd/4031541-1,https://www.geonames.org/554234
16050,26368,Tapiau,,https://www.geonames.org/557710
16052,1999,Bremen,https://d-nb.info/gnd/35746-7,https://www.geonames.org/2944388
16053,1633,Erfurt,https://d-nb.info/gnd/4015240-6,https://www.geonames.org/2929670
16053,12,Jena,https://d-nb.info/gnd/4028557-1,https://www.geonames.org/2895044
16053,58,Weimar,https://d-nb.info/gnd/4065105-8,https://www.geonames.org/2812482
16053,230,Würzburg,https://d-nb.info/gnd/4067037-5,https://www.geonames.org/2805615
16053,227,Zürich,https://d-nb.info/gnd/4068038-1,https://www.geonames.org/2657896
16055,12,Jena,https://d-nb.info/gnd/4028557-1,https://www.geonames.org/2895044
16056,673,Oldenburg (Oldenburg),https://d-nb.info/gnd/4043457-6,https://www.geonames.org/2857458
16057,12,Jena,https://d-nb.info/gnd/4028557-1,https://www.geonames.org/2895044
16057,227,Zürich,https://d-nb.info/gnd/4068038-1,https://www.geonames.org/2657896
16058,12,Jena,https://d-nb.info/gnd/4028557-1,https://www.geonames.org/2895044
16059,12,Jena,https://d-nb.info/gnd/4028557-1,https://www.geonames.org/2895044
16061,12,Jena,https://d-nb.info/gnd/4028557-1,https://www.geonames.org/2895044
16062,12,Jena,https://d-nb.info/gnd/4028557-1,https://www.geonames.org/2895044
16065,12,Jena,https://d-nb.info/gnd/4028557-1,https://www.geonames.org/2895044
16065,133,Kiel,https://d-nb.info/gnd/4030481-4,https://www.geonames.org/2891122
16066,12,Jena,https://d-nb.info/gnd/4028557-1,https://www.geonames.org/2895044
16066,58,Weimar,https://d-nb.info/gnd/4065105-8,https://www.geonames.org/2812482
16067,24460,Bischofswerda,https://d-nb.info/gnd/4283939-7,https://www.geonames.org/2948267
16067,13,Dresden,https://d-nb.info/gnd/37172-5,https://www.geonames.org/2935022
16067,12,Jena,https://d-nb.info/gnd/4028557-1,https://www.geonames.org/2895044
16067,22,Leipzig,https://d-nb.info/gnd/4035206-7,https://www.geonames.org/2879139
16067,10061,Rammenau,https://d-nb.info/gnd/4368618-7,https://www.geonames.org/2850648
16069,12,Jena,https://d-nb.info/gnd/4028557-1,https://www.geonames.org/2895044
16069,22,Leipzig,https://d-nb.info/gnd/4035206-7,https://www.geonames.org/2879139
16069,614,Tübingen,https://d-nb.info/gnd/4061147-4,https://www.geonames.org/2820860
16070,1868,Altona,https://d-nb.info/gnd/2048384-3,https://www.geonames.org/2911296
16070,2091,Eutin,https://d-nb.info/gnd/4015796-9,https://www.geonames.org/2928381
16070,98,Hamburg,https://d-nb.info/gnd/4023118-5,https://www.geonames.org/2911298
16072,133,Kiel,https://d-nb.info/gnd/4030481-4,https://www.geonames.org/2891122
16072,58,Weimar,https://d-nb.info/gnd/4065105-8,https://www.geonames.org/2812482
16073,66,Danzig (Gdańsk),https://d-nb.info/gnd/15739-9,https://www.geonames.org/3099434
16073,12,Jena,https://d-nb.info/gnd/4028557-1,https://www.geonames.org/2895044
16073,2917,Oßmannstedt,https://d-nb.info/gnd/4640284-6,https://www.geonames.org/2856837
16073,58,Weimar,https://d-nb.info/gnd/4065105-8,https://www.geonames.org/2812482
16075,12,Jena,https://d-nb.info/gnd/4028557-1,https://www.geonames.org/2895044
16075,227,Zürich,https://d-nb.info/gnd/4068038-1,https://www.geonames.org/2657896
16076,12,Jena,https://d-nb.info/gnd/4028557-1,https://www.geonames.org/2895044
16078,12,Jena,https://d-nb.info/gnd/4028557-1,https://www.geonames.org/2895044
16078,227,Zürich,https://d-nb.info/gnd/4068038-1,https://www.geonames.org/2657896
16079,2776,Giebichenstein,https://d-nb.info/gnd/5026901-X,https://www.geonames.org/2920649
16079,98,Hamburg,https://d-nb.info/gnd/4023118-5,https://www.geonames.org/2911298
16079,12,Jena,https://d-nb.info/gnd/4028557-1,https://www.geonames.org/2895044
16081,98,Hamburg,https://d-nb.info/gnd/4023118-5,https://www.geonames.org/2911298
16081,12,Jena,https://d-nb.info/gnd/4028557-1,https://www.geonames.org/2895044
16082,133,Kiel,https://d-nb.info/gnd/4030481-4,https://www.geonames.org/2891122
16082,665,Kopenhagen,https://d-nb.info/gnd/4032399-7,
16085,12,Jena,https://d-nb.info/gnd/4028557-1,https://www.geonames.org/2895044
16087,12,Jena,https://d-nb.info/gnd/4028557-1,https://www.geonames.org/2895044
16090,15,Berlin,https://d-nb.info/gnd/2004272-3,https://www.geonames.org/2950159
16090,2776,Giebichenstein,https://d-nb.info/gnd/5026901-X,https://www.geonames.org/2920649
16091,98,Hamburg,https://d-nb.info/gnd/4023118-5,https://www.geonames.org/2911298
16091,12,Jena,https://d-nb.info/gnd/4028557-1,https://www.geonames.org/2895044
16093,12,Jena,https://d-nb.info/gnd/4028557-1,https://www.geonames.org/2895044
16094,12,Jena,https://d-nb.info/gnd/4028557-1,https://www.geonames.org/2895044
16098,1999,Bremen,https://d-nb.info/gnd/35746-7,https://www.geonames.org/2944388
16098,12,Jena,https://d-nb.info/gnd/4028557-1,https://www.geonames.org/2895044
16098,1362,Königsberg,https://d-nb.info/gnd/4031541-1,https://www.geonames.org/554234
16098,5986,Triest,https://d-nb.info/gnd/4078411-3,
16098,227,Zürich,https://d-nb.info/gnd/4068038-1,https://www.geonames.org/2657896
16099,1999,Bremen,https://d-nb.info/gnd/35746-7,https://www.geonames.org/2944388
16099,12,Jena,https://d-nb.info/gnd/4028557-1,https://www.geonames.org/2895044
16099,1362,Königsberg,https://d-nb.info/gnd/4031541-1,https://www.geonames.org/554234
16099,5986,Triest,https://d-nb.info/gnd/4078411-3,
16100,12,Jena,https://d-nb.info/gnd/4028557-1,https://www.geonames.org/2895044
16100,10061,Rammenau,https://d-nb.info/gnd/4368618-7,https://www.geonames.org/2850648
16103,12,Jena,https://d-nb.info/gnd/4028557-1,https://www.geonames.org/2895044
16104,13,Dresden,https://d-nb.info/gnd/37172-5,https://www.geonames.org/2935022
16104,98,Hamburg,https://d-nb.info/gnd/4023118-5,https://www.geonames.org/2911298
16106,5779,Görlitz,https://d-nb.info/gnd/4021441-2,https://www.geonames.org/2918987
16106,12,Jena,https://d-nb.info/gnd/4028557-1,https://www.geonames.org/2895044
16107,133,Kiel,https://d-nb.info/gnd/4030481-4,https://www.geonames.org/2891122
16109,12,Jena,https://d-nb.info/gnd/4028557-1,https://www.geonames.org/2895044
16109,227,Zürich,https://d-nb.info/gnd/4068038-1,https://www.geonames.org/2657896
16110,1362,Königsberg,https://d-nb.info/gnd/4031541-1,https://www.geonames.org/554234
16111,12,Jena,https://d-nb.info/gnd/4028557-1,https://www.geonames.org/2895044
16113,12,Jena,https://d-nb.info/gnd/4028557-1,https://www.geonames.org/2895044
16113,411,Rudolstadt,https://d-nb.info/gnd/4105066-6,https://www.geonames.org/2843355
16114,1999,Bremen,https://d-nb.info/gnd/35746-7,https://www.geonames.org/2944388
16114,13,Dresden,https://d-nb.info/gnd/37172-5,https://www.geonames.org/2935022
16114,2,Göttingen,https://d-nb.info/gnd/4021477-1,https://www.geonames.org/2918632
16114,12,Jena,https://d-nb.info/gnd/4028557-1,https://www.geonames.org/2895044
16114,227,Zürich,https://d-nb.info/gnd/4068038-1,https://www.geonames.org/2657896
16116,12,Jena,https://d-nb.info/gnd/4028557-1,https://www.geonames.org/2895044
16116,10061,Rammenau,https://d-nb.info/gnd/4368618-7,https://www.geonames.org/2850648
16117,12,Jena,https://d-nb.info/gnd/4028557-1,https://www.geonames.org/2895044
16117,227,Zürich,https://d-nb.info/gnd/4068038-1,https://www.geonames.org/2657896
16121,12,Jena,https://d-nb.info/gnd/4028557-1,https://www.geonames.org/2895044
16121,351,Nürnberg,https://d-nb.info/gnd/4042742-0,https://www.geonames.org/2861650
16124,12,Jena,https://d-nb.info/gnd/4028557-1,https://www.geonames.org/2895044
16126,12,Jena,https://d-nb.info/gnd/4028557-1,https://www.geonames.org/2895044
16130,98,Hamburg,https://d-nb.info/gnd/4023118-5,https://www.geonames.org/2911298
16131,2,Göttingen,https://d-nb.info/gnd/4021477-1,https://www.geonames.org/2918632
16131,12,Jena,https://d-nb.info/gnd/4028557-1,https://www.geonames.org/2895044
16133,1999,Bremen,https://d-nb.info/gnd/35746-7,https://www.geonames.org/2944388
16133,12,Jena,https://d-nb.info/gnd/4028557-1,https://www.geonames.org/2895044
16133,673,Oldenburg (Oldenburg),https://d-nb.info/gnd/4043457-6,https://www.geonames.org/2857458
16134,1999,Bremen,https://d-nb.info/gnd/35746-7,https://www.geonames.org/2944388
16134,12,Jena,https://d-nb.info/gnd/4028557-1,https://www.geonames.org/2895044
16137,2,Göttingen,https://d-nb.info/gnd/4021477-1,https://www.geonames.org/2918632
16137,12,Jena,https://d-nb.info/gnd/4028557-1,https://www.geonames.org/2895044
16139,12,Jena,https://d-nb.info/gnd/4028557-1,https://www.geonames.org/2895044
16139,22,Leipzig,https://d-nb.info/gnd/4035206-7,https://www.geonames.org/2879139
16139,227,Zürich,https://d-nb.info/gnd/4068038-1,https://www.geonames.org/2657896
16140,2,Göttingen,https://d-nb.info/gnd/4021477-1,https://www.geonames.org/2918632
16140,12,Jena,https://d-nb.info/gnd/4028557-1,https://www.geonames.org/2895044
16142,12,Jena,https://d-nb.info/gnd/4028557-1,https://www.geonames.org/2895044
16143,1999,Bremen,https://d-nb.info/gnd/35746-7,https://www.geonames.org/2944388
16143,12,Jena,https://d-nb.info/gnd/4028557-1,https://www.geonames.org/2895044
16143,1379,Lübeck,https://d-nb.info/gnd/4036483-5,https://www.geonames.org/2875601
16144,2,Göttingen,https://d-nb.info/gnd/4021477-1,https://www.geonames.org/2918632
16144,12,Jena,https://d-nb.info/gnd/4028557-1,https://www.geonames.org/2895044
16144,8567,Wittenberg,https://d-nb.info/gnd/4066640-2,https://www.geonames.org/7303020
16146,12,Jena,https://d-nb.info/gnd/4028557-1,https://www.geonames.org/2895044
16147,12,Jena,https://d-nb.info/gnd/4028557-1,https://www.geonames.org/2895044
16147,171,Paris,https://d-nb.info/gnd/4044660-8,https://www.geonames.org/2988507
16147,4713,Rastatt,https://d-nb.info/gnd/4048445-2,https://www.geonames.org/2850257
16149,226,Bern,https://d-nb.info/gnd/2004253-X,https://www.geonames.org/2661552
16149,12,Jena,https://d-nb.info/gnd/4028557-1,https://www.geonames.org/2895044
16149,665,Kopenhagen,https://d-nb.info/gnd/4032399-7,
16151,12,Jena,https://d-nb.info/gnd/4028557-1,https://www.geonames.org/2895044
16151,133,Kiel,https://d-nb.info/gnd/4030481-4,https://www.geonames.org/2891122
16151,411,Rudolstadt,https://d-nb.info/gnd/4105066-6,https://www.geonames.org/2843355
16151,412,Schwarzburg,https://d-nb.info/gnd/4314502-4,https://www.geonames.org/2835105
16151,16,Wien,https://d-nb.info/gnd/4066009-6,
16152,12,Jena,https://d-nb.info/gnd/4028557-1,https://www.geonames.org/2895044
16152,1362,Königsberg,https://d-nb.info/gnd/4031541-1,https://www.geonames.org/554234
16157,10023,Hirschberg im Riesengebirge,https://d-nb.info/gnd/4025049-0,
16157,12,Jena,https://d-nb.info/gnd/4028557-1,https://www.geonames.org/2895044
16157,633,Karlsbad,https://d-nb.info/gnd/4029705-6,https://www.geonames.org/3073803
16157,26541,Schwäbisch Hall,,https://www.geonames.org/2835481
16159,2,Göttingen,https://d-nb.info/gnd/4021477-1,https://www.geonames.org/2918632
16159,229,Halle (Saale),https://d-nb.info/gnd/4023025-9,https://www.geonames.org/2911522
16159,6074,Jerusalem,https://d-nb.info/gnd/4028586-8,
16159,1362,Königsberg,https://d-nb.info/gnd/4031541-1,https://www.geonames.org/554234
16159,540,Sankt Petersburg,https://d-nb.info/gnd/4267026-3,
16166,4945,Eger,https://d-nb.info/gnd/4013597-4,
16166,633,Karlsbad,https://d-nb.info/gnd/4029705-6,https://www.geonames.org/3073803
16166,26546,Ronneburg,,https://www.geonames.org/2845229
16170,4945,Eger,https://d-nb.info/gnd/4013597-4,
16170,12,Jena,https://d-nb.info/gnd/4028557-1,https://www.geonames.org/2895044
16170,633,Karlsbad,https://d-nb.info/gnd/4029705-6,https://www.geonames.org/3073803
16170,22,Leipzig,https://d-nb.info/gnd/4035206-7,https://www.geonames.org/2879139
16174,12,Jena,https://d-nb.info/gnd/4028557-1,https://www.geonames.org/2895044
16174,633,Karlsbad,https://d-nb.info/gnd/4029705-6,https://www.geonames.org/3073803
16175,12,Jena,https://d-nb.info/gnd/4028557-1,https://www.geonames.org/2895044
16175,351,Nürnberg,https://d-nb.info/gnd/4042742-0,https://www.geonames.org/2861650
16176,12,Jena,https://d-nb.info/gnd/4028557-1,https://www.geonames.org/2895044
16177,13,Dresden,https://d-nb.info/gnd/37172-5,https://www.geonames.org/2935022
16177,12,Jena,https://d-nb.info/gnd/4028557-1,https://www.geonames.org/2895044
16178,13,Dresden,https://d-nb.info/gnd/37172-5,https://www.geonames.org/2935022
16179,13,Dresden,https://d-nb.info/gnd/37172-5,https://www.geonames.org/2935022
16179,327,Frankfurt am Main,https://d-nb.info/gnd/4018118-2,https://www.geonames.org/2925533
16179,12,Jena,https://d-nb.info/gnd/4028557-1,https://www.geonames.org/2895044
16180,327,Frankfurt am Main,https://d-nb.info/gnd/4018118-2,https://www.geonames.org/2925533
16180,897,Mainz,https://d-nb.info/gnd/2018680-0,https://www.geonames.org/2874225
16180,171,Paris,https://d-nb.info/gnd/4044660-8,https://www.geonames.org/2988507
16182,24460,Bischofswerda,https://d-nb.info/gnd/4283939-7,https://www.geonames.org/2948267
16182,13,Dresden,https://d-nb.info/gnd/37172-5,https://www.geonames.org/2935022
16182,12,Jena,https://d-nb.info/gnd/4028557-1,https://www.geonames.org/2895044
16182,22,Leipzig,https://d-nb.info/gnd/4035206-7,https://www.geonames.org/2879139
16182,10061,Rammenau,https://d-nb.info/gnd/4368618-7,https://www.geonames.org/2850648
16183,13,Dresden,https://d-nb.info/gnd/37172-5,https://www.geonames.org/2935022
16183,365,Eisenach,https://d-nb.info/gnd/2009365-2,
16183,1633,Erfurt,https://d-nb.info/gnd/4015240-6,https://www.geonames.org/2929670
16183,12,Jena,https://d-nb.info/gnd/4028557-1,https://www.geonames.org/2895044
16183,22,Leipzig,https://d-nb.info/gnd/4035206-7,https://www.geonames.org/2879139
16183,262,Naumburg (Saale),https://d-nb.info/gnd/4041445-0,
16185,12,Jena,https://d-nb.info/gnd/4028557-1,https://www.geonames.org/2895044
16186,327,Frankfurt am Main,https://d-nb.info/gnd/4018118-2,https://www.geonames.org/2925533
16186,26554,Großröhrsdorf,,https://www.geonames.org/2915124
16186,26553,Kamieniec Zabkowicki,https://d-nb.info/gnd/4440371-9,
16186,5289,Meißen,https://d-nb.info/gnd/4038474-3,https://www.geonames.org/2872155
16186,10061,Rammenau,https://d-nb.info/gnd/4368618-7,https://www.geonames.org/2850648
16187,24460,Bischofswerda,https://d-nb.info/gnd/4283939-7,https://www.geonames.org/2948267
16187,13,Dresden,https://d-nb.info/gnd/37172-5,https://www.geonames.org/2935022
16187,327,Frankfurt am Main,https://d-nb.info/gnd/4018118-2,https://www.geonames.org/2925533
16187,12,Jena,https://d-nb.info/gnd/4028557-1,https://www.geonames.org/2895044
16187,22,Leipzig,https://d-nb.info/gnd/4035206-7,https://www.geonames.org/2879139
16187,10061,Rammenau,https://d-nb.info/gnd/4368618-7,https://www.geonames.org/2850648
16189,60,Braunschweig,https://d-nb.info/gnd/42808-5,https://www.geonames.org/2945024
16189,10098,Chemnitz,https://d-nb.info/gnd/4029702-0,
16189,13,Dresden,https://d-nb.info/gnd/37172-5,https://www.geonames.org/2935022
16189,10328,Elberfeld,https://d-nb.info/gnd/4070734-9,
16189,1633,Erfurt,https://d-nb.info/gnd/4015240-6,https://www.geonames.org/2929670
16189,327,Frankfurt am Main,https://d-nb.info/gnd/4018118-2,https://www.geonames.org/2925533
16189,12,Jena,https://d-nb.info/gnd/4028557-1,https://www.geonames.org/2895044
16190,10328,Elberfeld,https://d-nb.info/gnd/4070734-9,
16190,12,Jena,https://d-nb.info/gnd/4028557-1,https://www.geonames.org/2895044
16190,22,Leipzig,https://d-nb.info/gnd/4035206-7,https://www.geonames.org/2879139
16190,171,Paris,https://d-nb.info/gnd/4044660-8,https://www.geonames.org/2988507
16191,12,Jena,https://d-nb.info/gnd/4028557-1,https://www.geonames.org/2895044
16193,327,Frankfurt am Main,https://d-nb.info/gnd/4018118-2,https://www.geonames.org/2925533
16193,12,Jena,https://d-nb.info/gnd/4028557-1,https://www.geonames.org/2895044
16193,351,Nürnberg,https://d-nb.info/gnd/4042742-0,https://www.geonames.org/2861650
16194,26557,Landau,,https://www.geonames.org/2881646
16194,897,Mainz,https://d-nb.info/gnd/2018680-0,https://www.geonames.org/2874225
16195,22,Leipzig,https://d-nb.info/gnd/4035206-7,https://www.geonames.org/2879139
16196,12,Jena,https://d-nb.info/gnd/4028557-1,https://www.geonames.org/2895044
16197,12,Jena,https://d-nb.info/gnd/4028557-1,https://www.geonames.org/2895044
16199,12,Jena,https://d-nb.info/gnd/4028557-1,https://www.geonames.org/2895044
16199,22,Leipzig,https://d-nb.info/gnd/4035206-7,https://www.geonames.org/2879139
16200,12,Jena,https://d-nb.info/gnd/4028557-1,https://www.geonames.org/2895044
16200,614,Tübingen,https://d-nb.info/gnd/4061147-4,https://www.geonames.org/2820860
16201,12,Jena,https://d-nb.info/gnd/4028557-1,https://www.geonames.org/2895044
16202,12,Jena,https://d-nb.info/gnd/4028557-1,https://www.geonames.org/2895044
16206,12,Jena,https://d-nb.info/gnd/4028557-1,https://www.geonames.org/2895044
16209,10328,Elberfeld,https://d-nb.info/gnd/4070734-9,
16209,171,Paris,https://d-nb.info/gnd/4044660-8,https://www.geonames.org/2988507
16210,15,Berlin,https://d-nb.info/gnd/2004272-3,https://www.geonames.org/2950159
16210,2930,Coburg,https://d-nb.info/gnd/4010325-0,
16210,12,Jena,https://d-nb.info/gnd/4028557-1,https://www.geonames.org/2895044
16210,897,Mainz,https://d-nb.info/gnd/2018680-0,https://www.geonames.org/2874225
16210,8707,Saalfeld/Saale,https://d-nb.info/gnd/4051087-6,https://www.geonames.org/6551284
16211,12,Jena,https://d-nb.info/gnd/4028557-1,https://www.geonames.org/2895044
16211,58,Weimar,https://d-nb.info/gnd/4065105-8,https://www.geonames.org/2812482
16212,2,Göttingen,https://d-nb.info/gnd/4021477-1,https://www.geonames.org/2918632
16213,2,Göttingen,https://d-nb.info/gnd/4021477-1,https://www.geonames.org/2918632
16215,365,Eisenach,https://d-nb.info/gnd/2009365-2,
16215,6460,Rinteln,https://d-nb.info/gnd/4050107-3,https://www.geonames.org/2846523
16218,2,Göttingen,https://d-nb.info/gnd/4021477-1,https://www.geonames.org/2918632
16218,173,Hannover,https://d-nb.info/gnd/4023349-2,https://www.geonames.org/2910831
16219,12,Jena,https://d-nb.info/gnd/4028557-1,https://www.geonames.org/2895044
16221,229,Halle (Saale),https://d-nb.info/gnd/4023025-9,https://www.geonames.org/2911522
16224,12,Jena,https://d-nb.info/gnd/4028557-1,https://www.geonames.org/2895044
16225,327,Frankfurt am Main,https://d-nb.info/gnd/4018118-2,https://www.geonames.org/2925533
16225,12,Jena,https://d-nb.info/gnd/4028557-1,https://www.geonames.org/2895044
16225,292,London,https://d-nb.info/gnd/4074335-4,
16225,897,Mainz,https://d-nb.info/gnd/2018680-0,https://www.geonames.org/2874225
16229,26581,Altdorf b. Nürnberg,https://d-nb.info/gnd/4001388-1,https://www.geonames.org/2958024
16229,173,Hannover,https://d-nb.info/gnd/4023349-2,https://www.geonames.org/2910831
16229,12,Jena,https://d-nb.info/gnd/4028557-1,https://www.geonames.org/2895044
16230,2776,Giebichenstein,https://d-nb.info/gnd/5026901-X,https://www.geonames.org/2920649
16230,229,Halle (Saale),https://d-nb.info/gnd/4023025-9,https://www.geonames.org/2911522
16231,12,Jena,https://d-nb.info/gnd/4028557-1,https://www.geonames.org/2895044
16232,12,Jena,https://d-nb.info/gnd/4028557-1,https://www.geonames.org/2895044
16233,12,Jena,https://d-nb.info/gnd/4028557-1,https://www.geonames.org/2895044
16233,351,Nürnberg,https://d-nb.info/gnd/4042742-0,https://www.geonames.org/2861650
16234,2091,Eutin,https://d-nb.info/gnd/4015796-9,https://www.geonames.org/2928381
16234,98,Hamburg,https://d-nb.info/gnd/4023118-5,https://www.geonames.org/2911298
16234,1362,Königsberg,https://d-nb.info/gnd/4031541-1,https://www.geonames.org/554234
16237,12,Jena,https://d-nb.info/gnd/4028557-1,https://www.geonames.org/2895044
16238,226,Bern,https://d-nb.info/gnd/2004253-X,https://www.geonames.org/2661552
16239,12,Jena,https://d-nb.info/gnd/4028557-1,https://www.geonames.org/2895044
16239,351,Nürnberg,https://d-nb.info/gnd/4042742-0,https://www.geonames.org/2861650
16240,12,Jena,https://d-nb.info/gnd/4028557-1,https://www.geonames.org/2895044
16241,12,Jena,https://d-nb.info/gnd/4028557-1,https://www.geonames.org/2895044
16242,13,Dresden,https://d-nb.info/gnd/37172-5,https://www.geonames.org/2935022
16242,1362,Königsberg,https://d-nb.info/gnd/4031541-1,https://www.geonames.org/554234
16243,2091,Eutin,https://d-nb.info/gnd/4015796-9,https://www.geonames.org/2928381
16243,98,Hamburg,https://d-nb.info/gnd/4023118-5,https://www.geonames.org/2911298
16243,133,Kiel,https://d-nb.info/gnd/4030481-4,https://www.geonames.org/2891122
16246,392,Basel,https://d-nb.info/gnd/2005687-4,
16246,12,Jena,https://d-nb.info/gnd/4028557-1,https://www.geonames.org/2895044
16246,897,Mainz,https://d-nb.info/gnd/2018680-0,https://www.geonames.org/2874225
16246,440,Straßburg,https://d-nb.info/gnd/4057878-1,
16247,989,Aachen,https://d-nb.info/gnd/2027976-0,
16247,12,Jena,https://d-nb.info/gnd/4028557-1,https://www.geonames.org/2895044
16247,133,Kiel,https://d-nb.info/gnd/4030481-4,https://www.geonames.org/2891122
16248,12,Jena,https://d-nb.info/gnd/4028557-1,https://www.geonames.org/2895044
16248,227,Zürich,https://d-nb.info/gnd/4068038-1,https://www.geonames.org/2657896
16249,12,Jena,https://d-nb.info/gnd/4028557-1,https://www.geonames.org/2895044
16250,12,Jena,https://d-nb.info/gnd/4028557-1,https://www.geonames.org/2895044
16250,351,Nürnberg,https://d-nb.info/gnd/4042742-0,https://www.geonames.org/2861650
16252,12,Jena,https://d-nb.info/gnd/4028557-1,https://www.geonames.org/2895044
16253,12,Jena,https://d-nb.info/gnd/4028557-1,https://www.geonames.org/2895044
16254,327,Frankfurt am Main,https://d-nb.info/gnd/4018118-2,https://www.geonames.org/2925533
16254,12,Jena,https://d-nb.info/gnd/4028557-1,https://www.geonames.org/2895044
16254,4713,Rastatt,https://d-nb.info/gnd/4048445-2,https://www.geonames.org/2850257
16255,60,Braunschweig,https://d-nb.info/gnd/42808-5,https://www.geonames.org/2945024
16255,4467,Helmstedt,https://d-nb.info/gnd/4024344-8,
16255,12,Jena,https://d-nb.info/gnd/4028557-1,https://www.geonames.org/2895044
16255,351,Nürnberg,https://d-nb.info/gnd/4042742-0,https://www.geonames.org/2861650
16255,1783,Salzburg,https://d-nb.info/gnd/4076982-3,https://www.geonames.org/2766824
16257,1868,Altona,https://d-nb.info/gnd/2048384-3,https://www.geonames.org/2911296
16257,13,Dresden,https://d-nb.info/gnd/37172-5,https://www.geonames.org/2935022
16257,98,Hamburg,https://d-nb.info/gnd/4023118-5,https://www.geonames.org/2911298
16257,12,Jena,https://d-nb.info/gnd/4028557-1,https://www.geonames.org/2895044
16257,133,Kiel,https://d-nb.info/gnd/4030481-4,https://www.geonames.org/2891122
16257,22,Leipzig,https://d-nb.info/gnd/4035206-7,https://www.geonames.org/2879139
16257,411,Rudolstadt,https://d-nb.info/gnd/4105066-6,https://www.geonames.org/2843355
16257,58,Weimar,https://d-nb.info/gnd/4065105-8,https://www.geonames.org/2812482
16258,12,Jena,https://d-nb.info/gnd/4028557-1,https://www.geonames.org/2895044
16258,58,Weimar,https://d-nb.info/gnd/4065105-8,https://www.geonames.org/2812482
16259,12,Jena,https://d-nb.info/gnd/4028557-1,https://www.geonames.org/2895044
16259,351,Nürnberg,https://d-nb.info/gnd/4042742-0,https://www.geonames.org/2861650
16260,2091,Eutin,https://d-nb.info/gnd/4015796-9,https://www.geonames.org/2928381
16260,98,Hamburg,https://d-nb.info/gnd/4023118-5,https://www.geonames.org/2911298
16260,12,Jena,https://d-nb.info/gnd/4028557-1,https://www.geonames.org/2895044
16260,58,Weimar,https://d-nb.info/gnd/4065105-8,https://www.geonames.org/2812482
16262,12,Jena,https://d-nb.info/gnd/4028557-1,https://www.geonames.org/2895044
16263,15,Berlin,https://d-nb.info/gnd/2004272-3,https://www.geonames.org/2950159
16263,13,Dresden,https://d-nb.info/gnd/37172-5,https://www.geonames.org/2935022
16263,992,Düsseldorf,https://d-nb.info/gnd/2029588-1,
16263,98,Hamburg,https://d-nb.info/gnd/4023118-5,https://www.geonames.org/2911298
16263,12,Jena,https://d-nb.info/gnd/4028557-1,https://www.geonames.org/2895044
16263,354,München,https://d-nb.info/gnd/4127793-4,
16264,327,Frankfurt am Main,https://d-nb.info/gnd/4018118-2,https://www.geonames.org/2925533
16264,12,Jena,https://d-nb.info/gnd/4028557-1,https://www.geonames.org/2895044
16264,897,Mainz,https://d-nb.info/gnd/2018680-0,https://www.geonames.org/2874225
16264,6838,Wesel,https://d-nb.info/gnd/4065697-4,
16429,15,Berlin,https://d-nb.info/gnd/2004272-3,https://www.geonames.org/2950159
16429,22,Leipzig,https://d-nb.info/gnd/4035206-7,https://www.geonames.org/2879139
16429,614,Tübingen,https://d-nb.info/gnd/4061147-4,https://www.geonames.org/2820860
16433,1678,Warschau,https://d-nb.info/gnd/4079048-4,https://www.geonames.org/756135
16437,15,Berlin,https://d-nb.info/gnd/2004272-3,https://www.geonames.org/2950159
16438,15,Berlin,https://d-nb.info/gnd/2004272-3,https://www.geonames.org/2950159
16438,12,Jena,https://d-nb.info/gnd/4028557-1,https://www.geonames.org/2895044
16438,133,Kiel,https://d-nb.info/gnd/4030481-4,https://www.geonames.org/2891122
16439,15,Berlin,https://d-nb.info/gnd/2004272-3,https://www.geonames.org/2950159
16442,614,Tübingen,https://d-nb.info/gnd/4061147-4,https://www.geonames.org/2820860
16445,15,Berlin,https://d-nb.info/gnd/2004272-3,https://www.geonames.org/2950159
16445,12,Jena,https://d-nb.info/gnd/4028557-1,https://www.geonames.org/2895044
16446,15,Berlin,https://d-nb.info/gnd/2004272-3,https://www.geonames.org/2950159
16447,15,Berlin,https://d-nb.info/gnd/2004272-3,https://www.geonames.org/2950159
16447,1018,Breslau,https://d-nb.info/gnd/2005949-8,https://www.geonames.org/3081368
16447,98,Hamburg,https://d-nb.info/gnd/4023118-5,https://www.geonames.org/2911298
16447,1362,Königsberg,https://d-nb.info/gnd/4031541-1,https://www.geonames.org/554234
16447,22,Leipzig,https://d-nb.info/gnd/4035206-7,https://www.geonames.org/2879139
16447,614,Tübingen,https://d-nb.info/gnd/4061147-4,https://www.geonames.org/2820860
16448,15,Berlin,https://d-nb.info/gnd/2004272-3,https://www.geonames.org/2950159
16450,2,Göttingen,https://d-nb.info/gnd/4021477-1,https://www.geonames.org/2918632
16452,15,Berlin,https://d-nb.info/gnd/2004272-3,https://www.geonames.org/2950159
16456,15,Berlin,https://d-nb.info/gnd/2004272-3,https://www.geonames.org/2950159
16456,12,Jena,https://d-nb.info/gnd/4028557-1,https://www.geonames.org/2895044
16457,15,Berlin,https://d-nb.info/gnd/2004272-3,https://www.geonames.org/2950159
16459,327,Frankfurt am Main,https://d-nb.info/gnd/4018118-2,https://www.geonames.org/2925533
16459,22,Leipzig,https://d-nb.info/gnd/4035206-7,https://www.geonames.org/2879139
16459,351,Nürnberg,https://d-nb.info/gnd/4042742-0,https://www.geonames.org/2861650
16460,15,Berlin,https://d-nb.info/gnd/2004272-3,https://www.geonames.org/2950159
16460,98,Hamburg,https://d-nb.info/gnd/4023118-5,https://www.geonames.org/2911298
16460,12,Jena,https://d-nb.info/gnd/4028557-1,https://www.geonames.org/2895044
16460,133,Kiel,https://d-nb.info/gnd/4030481-4,https://www.geonames.org/2891122
16465,22,Leipzig,https://d-nb.info/gnd/4035206-7,https://www.geonames.org/2879139
16469,15,Berlin,https://d-nb.info/gnd/2004272-3,https://www.geonames.org/2950159
16469,12,Jena,https://d-nb.info/gnd/4028557-1,https://www.geonames.org/2895044
16470,15,Berlin,https://d-nb.info/gnd/2004272-3,https://www.geonames.org/2950159
16470,22,Leipzig,https://d-nb.info/gnd/4035206-7,https://www.geonames.org/2879139
16470,614,Tübingen,https://d-nb.info/gnd/4061147-4,https://www.geonames.org/2820860
16471,12,Jena,https://d-nb.info/gnd/4028557-1,https://www.geonames.org/2895044
16471,2242,Stralsund,https://d-nb.info/gnd/4057860-4,https://www.geonames.org/2826287
16471,26685,Wiek,,https://www.geonames.org/2809509
16472,15,Berlin,https://d-nb.info/gnd/2004272-3,https://www.geonames.org/2950159
16472,614,Tübingen,https://d-nb.info/gnd/4061147-4,https://www.geonames.org/2820860
16473,15,Berlin,https://d-nb.info/gnd/2004272-3,https://www.geonames.org/2950159
16473,12,Jena,https://d-nb.info/gnd/4028557-1,https://www.geonames.org/2895044
16473,614,Tübingen,https://d-nb.info/gnd/4061147-4,https://www.geonames.org/2820860
16476,15,Berlin,https://d-nb.info/gnd/2004272-3,https://www.geonames.org/2950159
16482,15,Berlin,https://d-nb.info/gnd/2004272-3,https://www.geonames.org/2950159
16482,2275,Potsdam,https://d-nb.info/gnd/4046948-7,https://www.geonames.org/2852458
16483,15,Berlin,https://d-nb.info/gnd/2004272-3,https://www.geonames.org/2950159
16483,2275,Potsdam,https://d-nb.info/gnd/4046948-7,https://www.geonames.org/2852458
16483,614,Tübingen,https://d-nb.info/gnd/4061147-4,https://www.geonames.org/2820860
16485,15,Berlin,https://d-nb.info/gnd/2004272-3,https://www.geonames.org/2950159
16485,26689,Couvet,,https://www.geonames.org/2661086
16485,13,Dresden,https://d-nb.info/gnd/37172-5,https://www.geonames.org/2935022
16485,26688,Les Ponts-de-Martel,,https://www.geonames.org/2659917
16485,9987,Neuenburg (Schweiz),https://d-nb.info/gnd/4075303-7,
16485,2275,Potsdam,https://d-nb.info/gnd/4046948-7,https://www.geonames.org/2852458
16487,15,Berlin,https://d-nb.info/gnd/2004272-3,https://www.geonames.org/2950159
16487,13,Dresden,https://d-nb.info/gnd/37172-5,https://www.geonames.org/2935022
16487,22,Leipzig,https://d-nb.info/gnd/4035206-7,https://www.geonames.org/2879139
16487,614,Tübingen,https://d-nb.info/gnd/4061147-4,https://www.geonames.org/2820860
16491,15,Berlin,https://d-nb.info/gnd/2004272-3,https://www.geonames.org/2950159
16495,15,Berlin,https://d-nb.info/gnd/2004272-3,https://www.geonames.org/2950159
16499,15,Berlin,https://d-nb.info/gnd/2004272-3,https://www.geonames.org/2950159
16500,15,Berlin,https://d-nb.info/gnd/2004272-3,https://www.geonames.org/2950159
16501,15,Berlin,https://d-nb.info/gnd/2004272-3,https://www.geonames.org/2950159
16501,1786,Brünn,https://d-nb.info/gnd/2047399-0,
16501,351,Nürnberg,https://d-nb.info/gnd/4042742-0,https://www.geonames.org/2861650
16501,16,Wien,https://d-nb.info/gnd/4066009-6,
16505,15,Berlin,https://d-nb.info/gnd/2004272-3,https://www.geonames.org/2950159
16505,12,Jena,https://d-nb.info/gnd/4028557-1,https://www.geonames.org/2895044
16505,22,Leipzig,https://d-nb.info/gnd/4035206-7,https://www.geonames.org/2879139
16510,15,Berlin,https://d-nb.info/gnd/2004272-3,https://www.geonames.org/2950159
16510,22,Leipzig,https://d-nb.info/gnd/4035206-7,https://www.geonames.org/2879139
16511,15,Berlin,https://d-nb.info/gnd/2004272-3,https://www.geonames.org/2950159
16511,22,Leipzig,https://d-nb.info/gnd/4035206-7,https://www.geonames.org/2879139
16511,614,Tübingen,https://d-nb.info/gnd/4061147-4,https://www.geonames.org/2820860
16514,15,Berlin,https://d-nb.info/gnd/2004272-3,https://www.geonames.org/2950159
16514,12,Jena,https://d-nb.info/gnd/4028557-1,https://www.geonames.org/2895044
16516,12,Jena,https://d-nb.info/gnd/4028557-1,https://www.geonames.org/2895044
16518,15,Berlin,https://d-nb.info/gnd/2004272-3,https://www.geonames.org/2950159
16520,15,Berlin,https://d-nb.info/gnd/2004272-3,https://www.geonames.org/2950159
16522,15,Berlin,https://d-nb.info/gnd/2004272-3,https://www.geonames.org/2950159
16522,10184,Besançon,https://d-nb.info/gnd/4005972-8,
16522,22,Leipzig,https://d-nb.info/gnd/4035206-7,https://www.geonames.org/2879139
16523,15,Berlin,https://d-nb.info/gnd/2004272-3,https://www.geonames.org/2950159
16523,10184,Besançon,https://d-nb.info/gnd/4005972-8,
16523,22,Leipzig,https://d-nb.info/gnd/4035206-7,https://www.geonames.org/2879139
16523,26688,Les Ponts-de-Martel,,https://www.geonames.org/2659917
16523,614,Tübingen,https://d-nb.info/gnd/4061147-4,https://www.geonames.org/2820860
16526,22,Leipzig,https://d-nb.info/gnd/4035206-7,https://www.geonames.org/2879139
16531,392,Basel,https://d-nb.info/gnd/2005687-4,
16531,15,Berlin,https://d-nb.info/gnd/2004272-3,https://www.geonames.org/2950159
16531,10184,Besançon,https://d-nb.info/gnd/4005972-8,
16531,614,Tübingen,https://d-nb.info/gnd/4061147-4,https://www.geonames.org/2820860
16531,25075,Tuttlingen,https://d-nb.info/gnd/4061293-4,
16532,15,Berlin,https://d-nb.info/gnd/2004272-3,https://www.geonames.org/2950159
16535,12,Jena,https://d-nb.info/gnd/4028557-1,https://www.geonames.org/2895044
16536,15,Berlin,https://d-nb.info/gnd/2004272-3,https://www.geonames.org/2950159
16536,12,Jena,https://d-nb.info/gnd/4028557-1,https://www.geonames.org/2895044
16537,15,Berlin,https://d-nb.info/gnd/2004272-3,https://www.geonames.org/2950159
16537,26656,Elstra,,https://www.geonames.org/2930672
16537,12,Jena,https://d-nb.info/gnd/4028557-1,https://www.geonames.org/2895044
16588,24534,Frauenberg,https://d-nb.info/gnd/4583114-2,
16588,2698,Marburg,https://d-nb.info/gnd/4037446-4,https://www.geonames.org/2873759
16589,2698,Marburg,https://d-nb.info/gnd/4037446-4,https://www.geonames.org/2873759
16590,2699,Clausthal,https://d-nb.info/gnd/4070033-1,
16590,14,Gotha,https://d-nb.info/gnd/4021652-4,https://www.geonames.org/2918752
16590,2,Göttingen,https://d-nb.info/gnd/4021477-1,https://www.geonames.org/2918632
16590,897,Mainz,https://d-nb.info/gnd/2018680-0,https://www.geonames.org/2874225
16590,2698,Marburg,https://d-nb.info/gnd/4037446-4,https://www.geonames.org/2873759
16590,279,Neapel,https://d-nb.info/gnd/4041476-0,
16590,356,Rom,https://d-nb.info/gnd/4050471-2,https://www.geonames.org/3169070
16591,2,Göttingen,https://d-nb.info/gnd/4021477-1,https://www.geonames.org/2918632
16591,173,Hannover,https://d-nb.info/gnd/4023349-2,https://www.geonames.org/2910831
16591,2698,Marburg,https://d-nb.info/gnd/4037446-4,https://www.geonames.org/2873759
16592,26006,Bovenden,https://d-nb.info/gnd/4007879-6,
16592,2698,Marburg,https://d-nb.info/gnd/4037446-4,https://www.geonames.org/2873759
16593,1378,Amsterdam,https://d-nb.info/gnd/4001783-7,https://www.geonames.org/2759794
16593,14,Gotha,https://d-nb.info/gnd/4021652-4,https://www.geonames.org/2918752
16593,2,Göttingen,https://d-nb.info/gnd/4021477-1,https://www.geonames.org/2918632
16593,98,Hamburg,https://d-nb.info/gnd/4023118-5,https://www.geonames.org/2911298
16593,897,Mainz,https://d-nb.info/gnd/2018680-0,https://www.geonames.org/2874225
16593,2698,Marburg,https://d-nb.info/gnd/4037446-4,https://www.geonames.org/2873759
16593,171,Paris,https://d-nb.info/gnd/4044660-8,https://www.geonames.org/2988507
16593,58,Weimar,https://d-nb.info/gnd/4065105-8,https://www.geonames.org/2812482
16594,2,Göttingen,https://d-nb.info/gnd/4021477-1,https://www.geonames.org/2918632
16594,2698,Marburg,https://d-nb.info/gnd/4037446-4,https://www.geonames.org/2873759
16595,14,Gotha,https://d-nb.info/gnd/4021652-4,https://www.geonames.org/2918752
16596,14,Gotha,https://d-nb.info/gnd/4021652-4,https://www.geonames.org/2918752
16596,2,Göttingen,https://d-nb.info/gnd/4021477-1,https://www.geonames.org/2918632
16596,897,Mainz,https://d-nb.info/gnd/2018680-0,https://www.geonames.org/2874225
16596,279,Neapel,https://d-nb.info/gnd/4041476-0,
16597,2,Göttingen,https://d-nb.info/gnd/4021477-1,https://www.geonames.org/2918632
16597,9773,Mühlhausen/Thüringen,https://d-nb.info/gnd/4040466-3,
16598,14,Gotha,https://d-nb.info/gnd/4021652-4,https://www.geonames.org/2918752
16599,15,Berlin,https://d-nb.info/gnd/2004272-3,https://www.geonames.org/2950159
16599,14,Gotha,https://d-nb.info/gnd/4021652-4,https://www.geonames.org/2918752
16600,2,Göttingen,https://d-nb.info/gnd/4021477-1,https://www.geonames.org/2918632
16601,14,Gotha,https://d-nb.info/gnd/4021652-4,https://www.geonames.org/2918752
16601,2,Göttingen,https://d-nb.info/gnd/4021477-1,https://www.geonames.org/2918632
16601,897,Mainz,https://d-nb.info/gnd/2018680-0,https://www.geonames.org/2874225
16602,15,Berlin,https://d-nb.info/gnd/2004272-3,https://www.geonames.org/2950159
16602,2,Göttingen,https://d-nb.info/gnd/4021477-1,https://www.geonames.org/2918632
16602,98,Hamburg,https://d-nb.info/gnd/4023118-5,https://www.geonames.org/2911298
16602,173,Hannover,https://d-nb.info/gnd/4023349-2,https://www.geonames.org/2910831
16602,897,Mainz,https://d-nb.info/gnd/2018680-0,https://www.geonames.org/2874225
16603,15,Berlin,https://d-nb.info/gnd/2004272-3,https://www.geonames.org/2950159
16603,14,Gotha,https://d-nb.info/gnd/4021652-4,https://www.geonames.org/2918752
16603,2,Göttingen,https://d-nb.info/gnd/4021477-1,https://www.geonames.org/2918632
16603,98,Hamburg,https://d-nb.info/gnd/4023118-5,https://www.geonames.org/2911298
16603,1591,Koblenz,https://d-nb.info/gnd/4031410-8,
16603,5125,Lüneburg,https://d-nb.info/gnd/4036512-8,
16603,897,Mainz,https://d-nb.info/gnd/2018680-0,https://www.geonames.org/2874225
16603,987,Spa,https://d-nb.info/gnd/4139786-1,
16604,3846,Bad Ems,https://d-nb.info/gnd/4014614-5,
16604,26235,Bad Schwalbach,https://d-nb.info/gnd/4053707-9,
16604,2,Göttingen,https://d-nb.info/gnd/4021477-1,https://www.geonames.org/2918632
16604,173,Hannover,https://d-nb.info/gnd/4023349-2,https://www.geonames.org/2910831
16604,1591,Koblenz,https://d-nb.info/gnd/4031410-8,
16604,897,Mainz,https://d-nb.info/gnd/2018680-0,https://www.geonames.org/2874225
16605,897,Mainz,https://d-nb.info/gnd/2018680-0,https://www.geonames.org/2874225
16606,897,Mainz,https://d-nb.info/gnd/2018680-0,https://www.geonames.org/2874225
16606,3175,Worms,https://d-nb.info/gnd/4066942-7,
16607,327,Frankfurt am Main,https://d-nb.info/gnd/4018118-2,https://www.geonames.org/2925533
16607,2,Göttingen,https://d-nb.info/gnd/4021477-1,https://www.geonames.org/2918632
16607,897,Mainz,https://d-nb.info/gnd/2018680-0,https://www.geonames.org/2874225
16607,24644,Oppenheim,https://d-nb.info/gnd/4043637-8,
16607,2349,Speyer,https://d-nb.info/gnd/4056179-3,
16607,440,Straßburg,https://d-nb.info/gnd/4057878-1,
16607,3175,Worms,https://d-nb.info/gnd/4066942-7,
16608,15,Berlin,https://d-nb.info/gnd/2004272-3,https://www.geonames.org/2950159
16608,5914,Lille,https://d-nb.info/gnd/4114418-1,
16608,24645,Longwy,https://d-nb.info/gnd/4036313-2,
16608,897,Mainz,https://d-nb.info/gnd/2018680-0,https://www.geonames.org/2874225
16608,2401,Verdun,https://d-nb.info/gnd/4062709-3,
16608,3175,Worms,https://d-nb.info/gnd/4066942-7,
16609,327,Frankfurt am Main,https://d-nb.info/gnd/4018118-2,https://www.geonames.org/2925533
16609,14,Gotha,https://d-nb.info/gnd/4021652-4,https://www.geonames.org/2918752
16609,897,Mainz,https://d-nb.info/gnd/2018680-0,https://www.geonames.org/2874225
16609,440,Straßburg,https://d-nb.info/gnd/4057878-1,
16610,327,Frankfurt am Main,https://d-nb.info/gnd/4018118-2,https://www.geonames.org/2925533
16610,897,Mainz,https://d-nb.info/gnd/2018680-0,https://www.geonames.org/2874225
16610,988,Mannheim,https://d-nb.info/gnd/4037372-1,
16611,60,Braunschweig,https://d-nb.info/gnd/42808-5,https://www.geonames.org/2945024
16611,327,Frankfurt am Main,https://d-nb.info/gnd/4018118-2,https://www.geonames.org/2925533
16611,14,Gotha,https://d-nb.info/gnd/4021652-4,https://www.geonames.org/2918752
16611,897,Mainz,https://d-nb.info/gnd/2018680-0,https://www.geonames.org/2874225
16611,988,Mannheim,https://d-nb.info/gnd/4037372-1,
16612,327,Frankfurt am Main,https://d-nb.info/gnd/4018118-2,https://www.geonames.org/2925533
16612,24650,Königstein im Taunus,https://d-nb.info/gnd/4031559-9,
16612,897,Mainz,https://d-nb.info/gnd/2018680-0,https://www.geonames.org/2874225
16613,1633,Erfurt,https://d-nb.info/gnd/4015240-6,https://www.geonames.org/2929670
16613,24650,Königstein im Taunus,https://d-nb.info/gnd/4031559-9,
16614,15,Berlin,https://d-nb.info/gnd/2004272-3,https://www.geonames.org/2950159
16614,1633,Erfurt,https://d-nb.info/gnd/4015240-6,https://www.geonames.org/2929670
16614,24650,Königstein im Taunus,https://d-nb.info/gnd/4031559-9,
16615,24650,Königstein im Taunus,https://d-nb.info/gnd/4031559-9,
16616,1633,Erfurt,https://d-nb.info/gnd/4015240-6,https://www.geonames.org/2929670
16616,14,Gotha,https://d-nb.info/gnd/4021652-4,https://www.geonames.org/2918752
16616,24650,Königstein im Taunus,https://d-nb.info/gnd/4031559-9,
16616,897,Mainz,https://d-nb.info/gnd/2018680-0,https://www.geonames.org/2874225
16617,327,Frankfurt am Main,https://d-nb.info/gnd/4018118-2,https://www.geonames.org/2925533
16617,24650,Königstein im Taunus,https://d-nb.info/gnd/4031559-9,
16617,897,Mainz,https://d-nb.info/gnd/2018680-0,https://www.geonames.org/2874225
16617,440,Straßburg,https://d-nb.info/gnd/4057878-1,
16618,327,Frankfurt am Main,https://d-nb.info/gnd/4018118-2,https://www.geonames.org/2925533
16618,24650,Königstein im Taunus,https://d-nb.info/gnd/4031559-9,
16618,4893,Kronberg im Taunus,https://d-nb.info/gnd/4033265-2,https://www.geonames.org/6557732
16618,897,Mainz,https://d-nb.info/gnd/2018680-0,https://www.geonames.org/2874225
16619,15,Berlin,https://d-nb.info/gnd/2004272-3,https://www.geonames.org/2950159
16619,327,Frankfurt am Main,https://d-nb.info/gnd/4018118-2,https://www.geonames.org/2925533
16619,14,Gotha,https://d-nb.info/gnd/4021652-4,https://www.geonames.org/2918752
16619,24650,Königstein im Taunus,https://d-nb.info/gnd/4031559-9,
16619,4893,Kronberg im Taunus,https://d-nb.info/gnd/4033265-2,https://www.geonames.org/6557732
16619,897,Mainz,https://d-nb.info/gnd/2018680-0,https://www.geonames.org/2874225
16619,988,Mannheim,https://d-nb.info/gnd/4037372-1,
16619,171,Paris,https://d-nb.info/gnd/4044660-8,https://www.geonames.org/2988507
16620,327,Frankfurt am Main,https://d-nb.info/gnd/4018118-2,https://www.geonames.org/2925533
16620,4893,Kronberg im Taunus,https://d-nb.info/gnd/4033265-2,https://www.geonames.org/6557732
16620,897,Mainz,https://d-nb.info/gnd/2018680-0,https://www.geonames.org/2874225
16621,327,Frankfurt am Main,https://d-nb.info/gnd/4018118-2,https://www.geonames.org/2925533
16621,14,Gotha,https://d-nb.info/gnd/4021652-4,https://www.geonames.org/2918752
16621,897,Mainz,https://d-nb.info/gnd/2018680-0,https://www.geonames.org/2874225
16622,15,Berlin,https://d-nb.info/gnd/2004272-3,https://www.geonames.org/2950159
16622,327,Frankfurt am Main,https://d-nb.info/gnd/4018118-2,https://www.geonames.org/2925533
16622,14,Gotha,https://d-nb.info/gnd/4021652-4,https://www.geonames.org/2918752
16622,2,Göttingen,https://d-nb.info/gnd/4021477-1,https://www.geonames.org/2918632
16622,24650,Königstein im Taunus,https://d-nb.info/gnd/4031559-9,
16622,22,Leipzig,https://d-nb.info/gnd/4035206-7,https://www.geonames.org/2879139
16622,897,Mainz,https://d-nb.info/gnd/2018680-0,https://www.geonames.org/2874225
16623,8360,Altenburg (Thüringen),https://d-nb.info/gnd/4001409-5,https://www.geonames.org/2957773
16623,15,Berlin,https://d-nb.info/gnd/2004272-3,https://www.geonames.org/2950159
16623,14,Gotha,https://d-nb.info/gnd/4021652-4,https://www.geonames.org/2918752
16623,22,Leipzig,https://d-nb.info/gnd/4035206-7,https://www.geonames.org/2879139
16623,4890,Lucka,https://d-nb.info/gnd/4263805-7,https://www.geonames.org/2875512
16624,22,Leipzig,https://d-nb.info/gnd/4035206-7,https://www.geonames.org/2879139
16625,1378,Amsterdam,https://d-nb.info/gnd/4001783-7,https://www.geonames.org/2759794
16625,15,Berlin,https://d-nb.info/gnd/2004272-3,https://www.geonames.org/2950159
16625,327,Frankfurt am Main,https://d-nb.info/gnd/4018118-2,https://www.geonames.org/2925533
16625,14,Gotha,https://d-nb.info/gnd/4021652-4,https://www.geonames.org/2918752
16625,897,Mainz,https://d-nb.info/gnd/2018680-0,https://www.geonames.org/2874225
16626,4890,Lucka,https://d-nb.info/gnd/4263805-7,https://www.geonames.org/2875512
16627,9089,Georgenthal/Thür. Wald,https://d-nb.info/gnd/4092821-4,
16627,4890,Lucka,https://d-nb.info/gnd/4263805-7,https://www.geonames.org/2875512
16627,171,Paris,https://d-nb.info/gnd/4044660-8,https://www.geonames.org/2988507
16627,10155,Schnepfenthal,https://d-nb.info/gnd/2113072-3,
16628,22,Leipzig,https://d-nb.info/gnd/4035206-7,https://www.geonames.org/2879139
16629,15,Berlin,https://d-nb.info/gnd/2004272-3,https://www.geonames.org/2950159
16629,14,Gotha,https://d-nb.info/gnd/4021652-4,https://www.geonames.org/2918752
16629,173,Hannover,https://d-nb.info/gnd/4023349-2,https://www.geonames.org/2910831
16629,22,Leipzig,https://d-nb.info/gnd/4035206-7,https://www.geonames.org/2879139
16630,14,Gotha,https://d-nb.info/gnd/4021652-4,https://www.geonames.org/2918752
16631,15,Berlin,https://d-nb.info/gnd/2004272-3,https://www.geonames.org/2950159
16631,14,Gotha,https://d-nb.info/gnd/4021652-4,https://www.geonames.org/2918752
16631,24650,Königstein im Taunus,https://d-nb.info/gnd/4031559-9,
16631,9987,Neuenburg (Schweiz),https://d-nb.info/gnd/4075303-7,
16631,171,Paris,https://d-nb.info/gnd/4044660-8,https://www.geonames.org/2988507
16631,227,Zürich,https://d-nb.info/gnd/4068038-1,https://www.geonames.org/2657896
16632,15,Berlin,https://d-nb.info/gnd/2004272-3,https://www.geonames.org/2950159
16632,327,Frankfurt am Main,https://d-nb.info/gnd/4018118-2,https://www.geonames.org/2925533
16632,14,Gotha,https://d-nb.info/gnd/4021652-4,https://www.geonames.org/2918752
16632,24650,Königstein im Taunus,https://d-nb.info/gnd/4031559-9,
16632,897,Mainz,https://d-nb.info/gnd/2018680-0,https://www.geonames.org/2874225
16632,2698,Marburg,https://d-nb.info/gnd/4037446-4,https://www.geonames.org/2873759
16633,15,Berlin,https://d-nb.info/gnd/2004272-3,https://www.geonames.org/2950159
16633,13,Dresden,https://d-nb.info/gnd/37172-5,https://www.geonames.org/2935022
16633,14,Gotha,https://d-nb.info/gnd/4021652-4,https://www.geonames.org/2918752
16633,1010,Prag,https://d-nb.info/gnd/4076310-9,
16633,2528,Riga,https://d-nb.info/gnd/4050042-1,https://www.geonames.org/456172
16633,282,Teplitz,https://d-nb.info/gnd/4059481-6,https://www.geonames.org/3064288
16634,15,Berlin,https://d-nb.info/gnd/2004272-3,https://www.geonames.org/2950159
16634,13,Dresden,https://d-nb.info/gnd/37172-5,https://www.geonames.org/2935022
16634,14,Gotha,https://d-nb.info/gnd/4021652-4,https://www.geonames.org/2918752
16634,98,Hamburg,https://d-nb.info/gnd/4023118-5,https://www.geonames.org/2911298
16634,22,Leipzig,https://d-nb.info/gnd/4035206-7,https://www.geonames.org/2879139
16634,897,Mainz,https://d-nb.info/gnd/2018680-0,https://www.geonames.org/2874225
16634,9987,Neuenburg (Schweiz),https://d-nb.info/gnd/4075303-7,
16634,171,Paris,https://d-nb.info/gnd/4044660-8,https://www.geonames.org/2988507
16634,58,Weimar,https://d-nb.info/gnd/4065105-8,https://www.geonames.org/2812482
16634,16,Wien,https://d-nb.info/gnd/4066009-6,
16636,1018,Breslau,https://d-nb.info/gnd/2005949-8,https://www.geonames.org/3081368
16636,13,Dresden,https://d-nb.info/gnd/37172-5,https://www.geonames.org/2935022
16636,1633,Erfurt,https://d-nb.info/gnd/4015240-6,https://www.geonames.org/2929670
16636,14,Gotha,https://d-nb.info/gnd/4021652-4,https://www.geonames.org/2918752
16636,2,Göttingen,https://d-nb.info/gnd/4021477-1,https://www.geonames.org/2918632
16636,633,Karlsbad,https://d-nb.info/gnd/4029705-6,https://www.geonames.org/3073803
16636,22,Leipzig,https://d-nb.info/gnd/4035206-7,https://www.geonames.org/2879139
16636,6838,Wesel,https://d-nb.info/gnd/4065697-4,
16637,14,Gotha,https://d-nb.info/gnd/4021652-4,https://www.geonames.org/2918752
16638,24694,Bad Grund - Eisdorf,https://d-nb.info/gnd/7636945-6,
16638,60,Braunschweig,https://d-nb.info/gnd/42808-5,https://www.geonames.org/2945024
16638,26304,Dingelstädt,https://d-nb.info/gnd/4230922-0,
16638,24692,Gieboldehausen,https://d-nb.info/gnd/4203899-6,
16638,14,Gotha,https://d-nb.info/gnd/4021652-4,https://www.geonames.org/2918752
16638,2,Göttingen,https://d-nb.info/gnd/4021477-1,https://www.geonames.org/2918632
16638,24693,Katlenburg-Lindau,https://d-nb.info/gnd/4030035-3,
16638,24697,Lutter am Barenberge,https://d-nb.info/gnd/4595560-8,
16638,897,Mainz,https://d-nb.info/gnd/2018680-0,https://www.geonames.org/2874225
16638,9773,Mühlhausen/Thüringen,https://d-nb.info/gnd/4040466-3,
16638,24695,Seesen,https://d-nb.info/gnd/4054193-9,
16638,26305,Worbis,https://d-nb.info/gnd/4066930-0,
16639,60,Braunschweig,https://d-nb.info/gnd/42808-5,https://www.geonames.org/2945024
16639,58,Weimar,https://d-nb.info/gnd/4065105-8,https://www.geonames.org/2812482
16639,2701,Wolfenbüttel,https://d-nb.info/gnd/2026423-9,
16640,60,Braunschweig,https://d-nb.info/gnd/42808-5,https://www.geonames.org/2945024
16640,58,Weimar,https://d-nb.info/gnd/4065105-8,https://www.geonames.org/2812482
16640,2701,Wolfenbüttel,https://d-nb.info/gnd/2026423-9,
16641,60,Braunschweig,https://d-nb.info/gnd/42808-5,https://www.geonames.org/2945024
16642,15,Berlin,https://d-nb.info/gnd/2004272-3,https://www.geonames.org/2950159
16642,60,Braunschweig,https://d-nb.info/gnd/42808-5,https://www.geonames.org/2945024
16644,60,Braunschweig,https://d-nb.info/gnd/42808-5,https://www.geonames.org/2945024
16644,1018,Breslau,https://d-nb.info/gnd/2005949-8,https://www.geonames.org/3081368
16644,14,Gotha,https://d-nb.info/gnd/4021652-4,https://www.geonames.org/2918752
16644,229,Halle (Saale),https://d-nb.info/gnd/4023025-9,https://www.geonames.org/2911522
16644,98,Hamburg,https://d-nb.info/gnd/4023118-5,https://www.geonames.org/2911298
16644,173,Hannover,https://d-nb.info/gnd/4023349-2,https://www.geonames.org/2910831
16644,3141,Magdeburg,https://d-nb.info/gnd/4036934-1,
16644,5896,Salzdahlum,https://d-nb.info/gnd/135729-3,
16644,2701,Wolfenbüttel,https://d-nb.info/gnd/2026423-9,
16645,1378,Amsterdam,https://d-nb.info/gnd/4001783-7,https://www.geonames.org/2759794
16645,60,Braunschweig,https://d-nb.info/gnd/42808-5,https://www.geonames.org/2945024
16645,14,Gotha,https://d-nb.info/gnd/4021652-4,https://www.geonames.org/2918752
16645,58,Weimar,https://d-nb.info/gnd/4065105-8,https://www.geonames.org/2812482
16646,14,Gotha,https://d-nb.info/gnd/4021652-4,https://www.geonames.org/2918752
16646,2,Göttingen,https://d-nb.info/gnd/4021477-1,https://www.geonames.org/2918632
16647,60,Braunschweig,https://d-nb.info/gnd/42808-5,https://www.geonames.org/2945024
16648,60,Braunschweig,https://d-nb.info/gnd/42808-5,https://www.geonames.org/2945024
16648,2755,"Harburg, Elbe",https://d-nb.info/gnd/4094727-0,https://www.geonames.org/2910685
16648,58,Weimar,https://d-nb.info/gnd/4065105-8,https://www.geonames.org/2812482
16649,60,Braunschweig,https://d-nb.info/gnd/42808-5,https://www.geonames.org/2945024
16649,14,Gotha,https://d-nb.info/gnd/4021652-4,https://www.geonames.org/2918752
16650,15,Berlin,https://d-nb.info/gnd/2004272-3,https://www.geonames.org/2950159
16650,24830,Bôle,https://d-nb.info/gnd/4688766-0,
16650,22,Leipzig,https://d-nb.info/gnd/4035206-7,https://www.geonames.org/2879139
16650,171,Paris,https://d-nb.info/gnd/4044660-8,https://www.geonames.org/2988507
16650,227,Zürich,https://d-nb.info/gnd/4068038-1,https://www.geonames.org/2657896
16651,14,Gotha,https://d-nb.info/gnd/4021652-4,https://www.geonames.org/2918752
16651,12,Jena,https://d-nb.info/gnd/4028557-1,https://www.geonames.org/2895044
16651,411,Rudolstadt,https://d-nb.info/gnd/4105066-6,https://www.geonames.org/2843355
16652,2396,Darmstadt,https://d-nb.info/gnd/4011077-1,
16652,12,Jena,https://d-nb.info/gnd/4028557-1,https://www.geonames.org/2895044
16652,58,Weimar,https://d-nb.info/gnd/4065105-8,https://www.geonames.org/2812482
16653,2,Göttingen,https://d-nb.info/gnd/4021477-1,https://www.geonames.org/2918632
16653,229,Halle (Saale),https://d-nb.info/gnd/4023025-9,https://www.geonames.org/2911522
16653,12,Jena,https://d-nb.info/gnd/4028557-1,https://www.geonames.org/2895044
16654,60,Braunschweig,https://d-nb.info/gnd/42808-5,https://www.geonames.org/2945024
16654,13,Dresden,https://d-nb.info/gnd/37172-5,https://www.geonames.org/2935022
16654,12,Jena,https://d-nb.info/gnd/4028557-1,https://www.geonames.org/2895044
16654,171,Paris,https://d-nb.info/gnd/4044660-8,https://www.geonames.org/2988507
16654,58,Weimar,https://d-nb.info/gnd/4065105-8,https://www.geonames.org/2812482
16655,12,Jena,https://d-nb.info/gnd/4028557-1,https://www.geonames.org/2895044
16655,22,Leipzig,https://d-nb.info/gnd/4035206-7,https://www.geonames.org/2879139
16655,58,Weimar,https://d-nb.info/gnd/4065105-8,https://www.geonames.org/2812482
16656,2281,Dessau,https://d-nb.info/gnd/4011536-7,https://www.geonames.org/2937959
16656,12,Jena,https://d-nb.info/gnd/4028557-1,https://www.geonames.org/2895044
16656,22,Leipzig,https://d-nb.info/gnd/4035206-7,https://www.geonames.org/2879139
16656,897,Mainz,https://d-nb.info/gnd/2018680-0,https://www.geonames.org/2874225
16657,2776,Giebichenstein,https://d-nb.info/gnd/5026901-X,https://www.geonames.org/2920649
16657,14,Gotha,https://d-nb.info/gnd/4021652-4,https://www.geonames.org/2918752
16657,229,Halle (Saale),https://d-nb.info/gnd/4023025-9,https://www.geonames.org/2911522
16657,12,Jena,https://d-nb.info/gnd/4028557-1,https://www.geonames.org/2895044
16657,133,Kiel,https://d-nb.info/gnd/4030481-4,https://www.geonames.org/2891122
16657,22,Leipzig,https://d-nb.info/gnd/4035206-7,https://www.geonames.org/2879139
16657,351,Nürnberg,https://d-nb.info/gnd/4042742-0,https://www.geonames.org/2861650
16658,12,Jena,https://d-nb.info/gnd/4028557-1,https://www.geonames.org/2895044
16658,58,Weimar,https://d-nb.info/gnd/4065105-8,https://www.geonames.org/2812482
16659,15,Berlin,https://d-nb.info/gnd/2004272-3,https://www.geonames.org/2950159
16659,12,Jena,https://d-nb.info/gnd/4028557-1,https://www.geonames.org/2895044
16659,58,Weimar,https://d-nb.info/gnd/4065105-8,https://www.geonames.org/2812482
16660,60,Braunschweig,https://d-nb.info/gnd/42808-5,https://www.geonames.org/2945024
16660,13,Dresden,https://d-nb.info/gnd/37172-5,https://www.geonames.org/2935022
16660,14,Gotha,https://d-nb.info/gnd/4021652-4,https://www.geonames.org/2918752
16660,98,Hamburg,https://d-nb.info/gnd/4023118-5,https://www.geonames.org/2911298
16660,12,Jena,https://d-nb.info/gnd/4028557-1,https://www.geonames.org/2895044
16660,58,Weimar,https://d-nb.info/gnd/4065105-8,https://www.geonames.org/2812482
16662,15,Berlin,https://d-nb.info/gnd/2004272-3,https://www.geonames.org/2950159
16662,13,Dresden,https://d-nb.info/gnd/37172-5,https://www.geonames.org/2935022
16662,673,Oldenburg (Oldenburg),https://d-nb.info/gnd/4043457-6,https://www.geonames.org/2857458
16664,14,Gotha,https://d-nb.info/gnd/4021652-4,https://www.geonames.org/2918752
16664,12,Jena,https://d-nb.info/gnd/4028557-1,https://www.geonames.org/2895044
16664,673,Oldenburg (Oldenburg),https://d-nb.info/gnd/4043457-6,https://www.geonames.org/2857458
16664,540,Sankt Petersburg,https://d-nb.info/gnd/4267026-3,
16664,58,Weimar,https://d-nb.info/gnd/4065105-8,https://www.geonames.org/2812482
16665,15,Berlin,https://d-nb.info/gnd/2004272-3,https://www.geonames.org/2950159
16665,2281,Dessau,https://d-nb.info/gnd/4011536-7,https://www.geonames.org/2937959
16665,13,Dresden,https://d-nb.info/gnd/37172-5,https://www.geonames.org/2935022
16665,229,Halle (Saale),https://d-nb.info/gnd/4023025-9,https://www.geonames.org/2911522
16665,12,Jena,https://d-nb.info/gnd/4028557-1,https://www.geonames.org/2895044
16666,12,Jena,https://d-nb.info/gnd/4028557-1,https://www.geonames.org/2895044
16667,12,Jena,https://d-nb.info/gnd/4028557-1,https://www.geonames.org/2895044
16668,14,Gotha,https://d-nb.info/gnd/4021652-4,https://www.geonames.org/2918752
16668,12,Jena,https://d-nb.info/gnd/4028557-1,https://www.geonames.org/2895044
16668,58,Weimar,https://d-nb.info/gnd/4065105-8,https://www.geonames.org/2812482
16669,60,Braunschweig,https://d-nb.info/gnd/42808-5,https://www.geonames.org/2945024
16669,12,Jena,https://d-nb.info/gnd/4028557-1,https://www.geonames.org/2895044
16670,12,Jena,https://d-nb.info/gnd/4028557-1,https://www.geonames.org/2895044
16670,1362,Königsberg,https://d-nb.info/gnd/4031541-1,https://www.geonames.org/554234
16670,58,Weimar,https://d-nb.info/gnd/4065105-8,https://www.geonames.org/2812482
16671,15,Berlin,https://d-nb.info/gnd/2004272-3,https://www.geonames.org/2950159
16671,327,Frankfurt am Main,https://d-nb.info/gnd/4018118-2,https://www.geonames.org/2925533
16671,12,Jena,https://d-nb.info/gnd/4028557-1,https://www.geonames.org/2895044
16672,14,Gotha,https://d-nb.info/gnd/4021652-4,https://www.geonames.org/2918752
16672,12,Jena,https://d-nb.info/gnd/4028557-1,https://www.geonames.org/2895044
16673,12,Jena,https://d-nb.info/gnd/4028557-1,https://www.geonames.org/2895044
16673,22,Leipzig,https://d-nb.info/gnd/4035206-7,https://www.geonames.org/2879139
16673,262,Naumburg (Saale),https://d-nb.info/gnd/4041445-0,
16674,226,Bern,https://d-nb.info/gnd/2004253-X,https://www.geonames.org/2661552
16674,60,Braunschweig,https://d-nb.info/gnd/42808-5,https://www.geonames.org/2945024
16674,12,Jena,https://d-nb.info/gnd/4028557-1,https://www.geonames.org/2895044
16675,15,Berlin,https://d-nb.info/gnd/2004272-3,https://www.geonames.org/2950159
16675,12,Jena,https://d-nb.info/gnd/4028557-1,https://www.geonames.org/2895044
16675,171,Paris,https://d-nb.info/gnd/4044660-8,https://www.geonames.org/2988507
16676,14,Gotha,https://d-nb.info/gnd/4021652-4,https://www.geonames.org/2918752
16676,12,Jena,https://d-nb.info/gnd/4028557-1,https://www.geonames.org/2895044
16677,12,Jena,https://d-nb.info/gnd/4028557-1,https://www.geonames.org/2895044
16677,58,Weimar,https://d-nb.info/gnd/4065105-8,https://www.geonames.org/2812482
16678,15,Berlin,https://d-nb.info/gnd/2004272-3,https://www.geonames.org/2950159
16678,58,Weimar,https://d-nb.info/gnd/4065105-8,https://www.geonames.org/2812482
16678,16,Wien,https://d-nb.info/gnd/4066009-6,
16679,15,Berlin,https://d-nb.info/gnd/2004272-3,https://www.geonames.org/2950159
16679,13,Dresden,https://d-nb.info/gnd/37172-5,https://www.geonames.org/2935022
16680,13,Dresden,https://d-nb.info/gnd/37172-5,https://www.geonames.org/2935022
16680,14,Gotha,https://d-nb.info/gnd/4021652-4,https://www.geonames.org/2918752
16680,12,Jena,https://d-nb.info/gnd/4028557-1,https://www.geonames.org/2895044
16680,58,Weimar,https://d-nb.info/gnd/4065105-8,https://www.geonames.org/2812482
16681,15,Berlin,https://d-nb.info/gnd/2004272-3,https://www.geonames.org/2950159
16681,13,Dresden,https://d-nb.info/gnd/37172-5,https://www.geonames.org/2935022
16681,14,Gotha,https://d-nb.info/gnd/4021652-4,https://www.geonames.org/2918752
16681,12,Jena,https://d-nb.info/gnd/4028557-1,https://www.geonames.org/2895044
16681,58,Weimar,https://d-nb.info/gnd/4065105-8,https://www.geonames.org/2812482
16682,14,Gotha,https://d-nb.info/gnd/4021652-4,https://www.geonames.org/2918752
16682,12,Jena,https://d-nb.info/gnd/4028557-1,https://www.geonames.org/2895044
16683,15,Berlin,https://d-nb.info/gnd/2004272-3,https://www.geonames.org/2950159
16683,1633,Erfurt,https://d-nb.info/gnd/4015240-6,https://www.geonames.org/2929670
16683,12,Jena,https://d-nb.info/gnd/4028557-1,https://www.geonames.org/2895044
16683,22,Leipzig,https://d-nb.info/gnd/4035206-7,https://www.geonames.org/2879139
16683,58,Weimar,https://d-nb.info/gnd/4065105-8,https://www.geonames.org/2812482
16684,12,Jena,https://d-nb.info/gnd/4028557-1,https://www.geonames.org/2895044
16684,58,Weimar,https://d-nb.info/gnd/4065105-8,https://www.geonames.org/2812482
16685,15,Berlin,https://d-nb.info/gnd/2004272-3,https://www.geonames.org/2950159
16685,12,Jena,https://d-nb.info/gnd/4028557-1,https://www.geonames.org/2895044
16686,1018,Breslau,https://d-nb.info/gnd/2005949-8,https://www.geonames.org/3081368
16686,2281,Dessau,https://d-nb.info/gnd/4011536-7,https://www.geonames.org/2937959
16686,12,Jena,https://d-nb.info/gnd/4028557-1,https://www.geonames.org/2895044
16686,22,Leipzig,https://d-nb.info/gnd/4035206-7,https://www.geonames.org/2879139
16686,58,Weimar,https://d-nb.info/gnd/4065105-8,https://www.geonames.org/2812482
16687,12,Jena,https://d-nb.info/gnd/4028557-1,https://www.geonames.org/2895044
16687,4713,Rastatt,https://d-nb.info/gnd/4048445-2,https://www.geonames.org/2850257
16688,15,Berlin,https://d-nb.info/gnd/2004272-3,https://www.geonames.org/2950159
16688,8343,Dornburg/Saale,https://d-nb.info/gnd/4091159-7,https://www.geonames.org/2935741
16688,4958,Freiberg,https://d-nb.info/gnd/4018266-6,https://www.geonames.org/2925192
16688,12,Jena,https://d-nb.info/gnd/4028557-1,https://www.geonames.org/2895044
16688,1517,Kassel,https://d-nb.info/gnd/4029869-3,
16688,4713,Rastatt,https://d-nb.info/gnd/4048445-2,https://www.geonames.org/2850257
16688,241,Weißenfels,https://d-nb.info/gnd/4065247-6,https://www.geonames.org/2811899
16689,2281,Dessau,https://d-nb.info/gnd/4011536-7,https://www.geonames.org/2937959
16689,24054,Dieskau,https://d-nb.info/gnd/1075225221,
16689,173,Hannover,https://d-nb.info/gnd/4023349-2,https://www.geonames.org/2910831
16689,12,Jena,https://d-nb.info/gnd/4028557-1,https://www.geonames.org/2895044
16689,16,Wien,https://d-nb.info/gnd/4066009-6,
16690,1999,Bremen,https://d-nb.info/gnd/35746-7,https://www.geonames.org/2944388
16690,2281,Dessau,https://d-nb.info/gnd/4011536-7,https://www.geonames.org/2937959
16690,13,Dresden,https://d-nb.info/gnd/37172-5,https://www.geonames.org/2935022
16690,14,Gotha,https://d-nb.info/gnd/4021652-4,https://www.geonames.org/2918752
16690,98,Hamburg,https://d-nb.info/gnd/4023118-5,https://www.geonames.org/2911298
16690,12,Jena,https://d-nb.info/gnd/4028557-1,https://www.geonames.org/2895044
16690,22,Leipzig,https://d-nb.info/gnd/4035206-7,https://www.geonames.org/2879139
16691,15,Berlin,https://d-nb.info/gnd/2004272-3,https://www.geonames.org/2950159
16691,60,Braunschweig,https://d-nb.info/gnd/42808-5,https://www.geonames.org/2945024
16691,2281,Dessau,https://d-nb.info/gnd/4011536-7,https://www.geonames.org/2937959
16691,14,Gotha,https://d-nb.info/gnd/4021652-4,https://www.geonames.org/2918752
16691,2,Göttingen,https://d-nb.info/gnd/4021477-1,https://www.geonames.org/2918632
16691,12,Jena,https://d-nb.info/gnd/4028557-1,https://www.geonames.org/2895044
16691,58,Weimar,https://d-nb.info/gnd/4065105-8,https://www.geonames.org/2812482
16692,2281,Dessau,https://d-nb.info/gnd/4011536-7,https://www.geonames.org/2937959
16692,365,Eisenach,https://d-nb.info/gnd/2009365-2,
16692,2,Göttingen,https://d-nb.info/gnd/4021477-1,https://www.geonames.org/2918632
16692,12,Jena,https://d-nb.info/gnd/4028557-1,https://www.geonames.org/2895044
16692,1517,Kassel,https://d-nb.info/gnd/4029869-3,
16693,15,Berlin,https://d-nb.info/gnd/2004272-3,https://www.geonames.org/2950159
16693,13,Dresden,https://d-nb.info/gnd/37172-5,https://www.geonames.org/2935022
16693,2,Göttingen,https://d-nb.info/gnd/4021477-1,https://www.geonames.org/2918632
16693,12,Jena,https://d-nb.info/gnd/4028557-1,https://www.geonames.org/2895044
16693,22,Leipzig,https://d-nb.info/gnd/4035206-7,https://www.geonames.org/2879139
16694,15,Berlin,https://d-nb.info/gnd/2004272-3,https://www.geonames.org/2950159
16694,2281,Dessau,https://d-nb.info/gnd/4011536-7,https://www.geonames.org/2937959
16694,12,Jena,https://d-nb.info/gnd/4028557-1,https://www.geonames.org/2895044
16694,22,Leipzig,https://d-nb.info/gnd/4035206-7,https://www.geonames.org/2879139
16695,15,Berlin,https://d-nb.info/gnd/2004272-3,https://www.geonames.org/2950159
16695,2281,Dessau,https://d-nb.info/gnd/4011536-7,https://www.geonames.org/2937959
16695,13,Dresden,https://d-nb.info/gnd/37172-5,https://www.geonames.org/2935022
16695,12,Jena,https://d-nb.info/gnd/4028557-1,https://www.geonames.org/2895044
16695,22,Leipzig,https://d-nb.info/gnd/4035206-7,https://www.geonames.org/2879139
16696,12,Jena,https://d-nb.info/gnd/4028557-1,https://www.geonames.org/2895044
16696,58,Weimar,https://d-nb.info/gnd/4065105-8,https://www.geonames.org/2812482
16697,15,Berlin,https://d-nb.info/gnd/2004272-3,https://www.geonames.org/2950159
16697,2281,Dessau,https://d-nb.info/gnd/4011536-7,https://www.geonames.org/2937959
16697,12,Jena,https://d-nb.info/gnd/4028557-1,https://www.geonames.org/2895044
16697,171,Paris,https://d-nb.info/gnd/4044660-8,https://www.geonames.org/2988507
16698,15,Berlin,https://d-nb.info/gnd/2004272-3,https://www.geonames.org/2950159
16698,12,Jena,https://d-nb.info/gnd/4028557-1,https://www.geonames.org/2895044
16699,15,Berlin,https://d-nb.info/gnd/2004272-3,https://www.geonames.org/2950159
16699,2281,Dessau,https://d-nb.info/gnd/4011536-7,https://www.geonames.org/2937959
16699,14,Gotha,https://d-nb.info/gnd/4021652-4,https://www.geonames.org/2918752
16699,12,Jena,https://d-nb.info/gnd/4028557-1,https://www.geonames.org/2895044
16700,13,Dresden,https://d-nb.info/gnd/37172-5,https://www.geonames.org/2935022
16700,2776,Giebichenstein,https://d-nb.info/gnd/5026901-X,https://www.geonames.org/2920649
16700,14,Gotha,https://d-nb.info/gnd/4021652-4,https://www.geonames.org/2918752
16700,12,Jena,https://d-nb.info/gnd/4028557-1,https://www.geonames.org/2895044
16700,22,Leipzig,https://d-nb.info/gnd/4035206-7,https://www.geonames.org/2879139
16701,12,Jena,https://d-nb.info/gnd/4028557-1,https://www.geonames.org/2895044
16702,4240,Athen,https://d-nb.info/gnd/4003366-1,
16702,12,Jena,https://d-nb.info/gnd/4028557-1,https://www.geonames.org/2895044
16703,15,Berlin,https://d-nb.info/gnd/2004272-3,https://www.geonames.org/2950159
16703,2281,Dessau,https://d-nb.info/gnd/4011536-7,https://www.geonames.org/2937959
16703,13,Dresden,https://d-nb.info/gnd/37172-5,https://www.geonames.org/2935022
16703,2,Göttingen,https://d-nb.info/gnd/4021477-1,https://www.geonames.org/2918632
16703,12,Jena,https://d-nb.info/gnd/4028557-1,https://www.geonames.org/2895044
16703,58,Weimar,https://d-nb.info/gnd/4065105-8,https://www.geonames.org/2812482
16704,12,Jena,https://d-nb.info/gnd/4028557-1,https://www.geonames.org/2895044
16705,259,Bad Bocklet,https://d-nb.info/gnd/4087853-3,https://www.geonames.org/2953540
16705,236,Bamberg,https://d-nb.info/gnd/2005630-8,https://www.geonames.org/2952984
16705,566,Erlangen,https://d-nb.info/gnd/4015299-6,https://www.geonames.org/2929567
16705,14,Gotha,https://d-nb.info/gnd/4021652-4,https://www.geonames.org/2918752
16705,12,Jena,https://d-nb.info/gnd/4028557-1,https://www.geonames.org/2895044
16705,24989,Schloss Altenburg (Bayern),,
16705,24987,Schloss Seehof (Memmelsdorf),https://d-nb.info/gnd/4054133-2,
16705,230,Würzburg,https://d-nb.info/gnd/4067037-5,https://www.geonames.org/2805615
16706,236,Bamberg,https://d-nb.info/gnd/2005630-8,https://www.geonames.org/2952984
16706,14,Gotha,https://d-nb.info/gnd/4021652-4,https://www.geonames.org/2918752
16707,4331,Bad Lauchstädt,https://d-nb.info/gnd/4034704-7,https://www.geonames.org/2953412
16707,22,Leipzig,https://d-nb.info/gnd/4035206-7,https://www.geonames.org/2879139
16708,236,Bamberg,https://d-nb.info/gnd/2005630-8,https://www.geonames.org/2952984
16708,14,Gotha,https://d-nb.info/gnd/4021652-4,https://www.geonames.org/2918752
16708,2,Göttingen,https://d-nb.info/gnd/4021477-1,https://www.geonames.org/2918632
16708,12,Jena,https://d-nb.info/gnd/4028557-1,https://www.geonames.org/2895044
16710,60,Braunschweig,https://d-nb.info/gnd/42808-5,https://www.geonames.org/2945024
16710,4250,Celle,https://d-nb.info/gnd/4009657-9,
16710,2,Göttingen,https://d-nb.info/gnd/4021477-1,https://www.geonames.org/2918632
16710,98,Hamburg,https://d-nb.info/gnd/4023118-5,https://www.geonames.org/2911298
16710,173,Hannover,https://d-nb.info/gnd/4023349-2,https://www.geonames.org/2910831
16710,2755,"Harburg, Elbe",https://d-nb.info/gnd/4094727-0,https://www.geonames.org/2910685
16710,4330,Holle-Söder,https://d-nb.info/gnd/7536603-4,
16710,279,Neapel,https://d-nb.info/gnd/4041476-0,
16710,24993,Wienhausen,https://d-nb.info/gnd/4066038-2,
16711,60,Braunschweig,https://d-nb.info/gnd/42808-5,https://www.geonames.org/2945024
16712,15,Berlin,https://d-nb.info/gnd/2004272-3,https://www.geonames.org/2950159
16712,60,Braunschweig,https://d-nb.info/gnd/42808-5,https://www.geonames.org/2945024
16712,13,Dresden,https://d-nb.info/gnd/37172-5,https://www.geonames.org/2935022
16712,22,Leipzig,https://d-nb.info/gnd/4035206-7,https://www.geonames.org/2879139
16712,58,Weimar,https://d-nb.info/gnd/4065105-8,https://www.geonames.org/2812482
16713,15,Berlin,https://d-nb.info/gnd/2004272-3,https://www.geonames.org/2950159
16713,60,Braunschweig,https://d-nb.info/gnd/42808-5,https://www.geonames.org/2945024
16713,2755,"Harburg, Elbe",https://d-nb.info/gnd/4094727-0,https://www.geonames.org/2910685
16713,12,Jena,https://d-nb.info/gnd/4028557-1,https://www.geonames.org/2895044
16713,22,Leipzig,https://d-nb.info/gnd/4035206-7,https://www.geonames.org/2879139
16713,171,Paris,https://d-nb.info/gnd/4044660-8,https://www.geonames.org/2988507
16713,58,Weimar,https://d-nb.info/gnd/4065105-8,https://www.geonames.org/2812482
16714,12,Jena,https://d-nb.info/gnd/4028557-1,https://www.geonames.org/2895044
16714,58,Weimar,https://d-nb.info/gnd/4065105-8,https://www.geonames.org/2812482
16715,15,Berlin,https://d-nb.info/gnd/2004272-3,https://www.geonames.org/2950159
16715,12,Jena,https://d-nb.info/gnd/4028557-1,https://www.geonames.org/2895044
16716,12,Jena,https://d-nb.info/gnd/4028557-1,https://www.geonames.org/2895044
16716,58,Weimar,https://d-nb.info/gnd/4065105-8,https://www.geonames.org/2812482
16717,15,Berlin,https://d-nb.info/gnd/2004272-3,https://www.geonames.org/2950159
16717,12,Jena,https://d-nb.info/gnd/4028557-1,https://www.geonames.org/2895044
16718,12,Jena,https://d-nb.info/gnd/4028557-1,https://www.geonames.org/2895044
16718,411,Rudolstadt,https://d-nb.info/gnd/4105066-6,https://www.geonames.org/2843355
16719,12,Jena,https://d-nb.info/gnd/4028557-1,https://www.geonames.org/2895044
16720,12,Jena,https://d-nb.info/gnd/4028557-1,https://www.geonames.org/2895044
16720,58,Weimar,https://d-nb.info/gnd/4065105-8,https://www.geonames.org/2812482
16721,13,Dresden,https://d-nb.info/gnd/37172-5,https://www.geonames.org/2935022
16721,12,Jena,https://d-nb.info/gnd/4028557-1,https://www.geonames.org/2895044
16722,15,Berlin,https://d-nb.info/gnd/2004272-3,https://www.geonames.org/2950159
16722,13,Dresden,https://d-nb.info/gnd/37172-5,https://www.geonames.org/2935022
16722,171,Paris,https://d-nb.info/gnd/4044660-8,https://www.geonames.org/2988507
16723,12,Jena,https://d-nb.info/gnd/4028557-1,https://www.geonames.org/2895044
16723,58,Weimar,https://d-nb.info/gnd/4065105-8,https://www.geonames.org/2812482
16724,4331,Bad Lauchstädt,https://d-nb.info/gnd/4034704-7,https://www.geonames.org/2953412
16724,15,Berlin,https://d-nb.info/gnd/2004272-3,https://www.geonames.org/2950159
16724,13,Dresden,https://d-nb.info/gnd/37172-5,https://www.geonames.org/2935022
16724,2776,Giebichenstein,https://d-nb.info/gnd/5026901-X,https://www.geonames.org/2920649
16724,12,Jena,https://d-nb.info/gnd/4028557-1,https://www.geonames.org/2895044
16724,171,Paris,https://d-nb.info/gnd/4044660-8,https://www.geonames.org/2988507
16724,58,Weimar,https://d-nb.info/gnd/4065105-8,https://www.geonames.org/2812482
16725,4331,Bad Lauchstädt,https://d-nb.info/gnd/4034704-7,https://www.geonames.org/2953412
16725,13,Dresden,https://d-nb.info/gnd/37172-5,https://www.geonames.org/2935022
16725,12,Jena,https://d-nb.info/gnd/4028557-1,https://www.geonames.org/2895044
16726,236,Bamberg,https://d-nb.info/gnd/2005630-8,https://www.geonames.org/2952984
16726,13,Dresden,https://d-nb.info/gnd/37172-5,https://www.geonames.org/2935022
16726,12,Jena,https://d-nb.info/gnd/4028557-1,https://www.geonames.org/2895044
16726,58,Weimar,https://d-nb.info/gnd/4065105-8,https://www.geonames.org/2812482
16727,259,Bad Bocklet,https://d-nb.info/gnd/4087853-3,https://www.geonames.org/2953540
16727,12,Jena,https://d-nb.info/gnd/4028557-1,https://www.geonames.org/2895044
16727,292,London,https://d-nb.info/gnd/4074335-4,
16727,2698,Marburg,https://d-nb.info/gnd/4037446-4,https://www.geonames.org/2873759
16727,58,Weimar,https://d-nb.info/gnd/4065105-8,https://www.geonames.org/2812482
16727,16,Wien,https://d-nb.info/gnd/4066009-6,
16728,15,Berlin,https://d-nb.info/gnd/2004272-3,https://www.geonames.org/2950159
16728,60,Braunschweig,https://d-nb.info/gnd/42808-5,https://www.geonames.org/2945024
16728,1732,Dorpat,https://d-nb.info/gnd/501107-3,
16728,12,Jena,https://d-nb.info/gnd/4028557-1,https://www.geonames.org/2895044
16728,58,Weimar,https://d-nb.info/gnd/4065105-8,https://www.geonames.org/2812482
17528,15,Berlin,https://d-nb.info/gnd/2004272-3,https://www.geonames.org/2950159
17528,27055,Gnadenfrei,,https://www.geonames.org/3089025
17530,15,Berlin,https://d-nb.info/gnd/2004272-3,https://www.geonames.org/2950159
17530,27061,Drossen,,https://www.geonames.org/3089832
17530,327,Frankfurt am Main,https://d-nb.info/gnd/4018118-2,https://www.geonames.org/2925533
17530,12,Jena,https://d-nb.info/gnd/4028557-1,https://www.geonames.org/2895044
17532,15,Berlin,https://d-nb.info/gnd/2004272-3,https://www.geonames.org/2950159
17532,1018,Breslau,https://d-nb.info/gnd/2005949-8,https://www.geonames.org/3081368
17532,27065,Reichenbach (Schlesien),,https://www.geonames.org/3099828
17532,3395,Schweidnitz,https://d-nb.info/gnd/117693-6,https://www.geonames.org/3084093
17534,27061,Drossen,,https://www.geonames.org/3089832
17536,27061,Drossen,,https://www.geonames.org/3089832
17537,15,Berlin,https://d-nb.info/gnd/2004272-3,https://www.geonames.org/2950159
17543,15,Berlin,https://d-nb.info/gnd/2004272-3,https://www.geonames.org/2950159
17543,27061,Drossen,,https://www.geonames.org/3089832
17543,27078,Finckenstein,,https://www.geonames.org/3096799
17543,229,Halle (Saale),https://d-nb.info/gnd/4023025-9,https://www.geonames.org/2911522
17543,1362,Königsberg,https://d-nb.info/gnd/4031541-1,https://www.geonames.org/554234
17543,27095,Küstrin,,https://www.geonames.org/3095057
17543,10562,Landsberg (Warthe),https://d-nb.info/gnd/4034340-6,https://www.geonames.org/3098722
17543,22,Leipzig,https://d-nb.info/gnd/4035206-7,https://www.geonames.org/2879139
17543,9773,Mühlhausen/Thüringen,https://d-nb.info/gnd/4040466-3,
17543,27094,Pasłęk,,
17543,27079,Schlobitten,,https://www.geonames.org/3085553
17546,24870,Anhalt (Hołdunów),,https://www.geonames.org/3097993
17554,15,Berlin,https://d-nb.info/gnd/2004272-3,https://www.geonames.org/2950159
17554,11594,Glatz,https://d-nb.info/gnd/4093577-2,
17554,1362,Königsberg,https://d-nb.info/gnd/4031541-1,https://www.geonames.org/554234
17554,27079,Schlobitten,,https://www.geonames.org/3085553
17556,27153,Anhalt (Hołdunów),,https://www.geonames.org/3097993
17556,5410,Arnheim,https://d-nb.info/gnd/4002980-3,
17556,27055,Gnadenfrei,,https://www.geonames.org/3089025
17556,27154,Pless,,https://www.geonames.org/3087705
17558,1362,Königsberg,https://d-nb.info/gnd/4031541-1,https://www.geonames.org/554234
17558,27079,Schlobitten,,https://www.geonames.org/3085553
17561,4331,Bad Lauchstädt,https://d-nb.info/gnd/4034704-7,https://www.geonames.org/2953412
17561,27159,Derenburg,,https://www.geonames.org/2938136
17561,13,Dresden,https://d-nb.info/gnd/37172-5,https://www.geonames.org/2935022
17561,19938,Eisleben,https://d-nb.info/gnd/4092450-6,https://www.geonames.org/7284571
17561,22,Leipzig,https://d-nb.info/gnd/4035206-7,https://www.geonames.org/2879139
17561,27079,Schlobitten,,https://www.geonames.org/3085553
17562,15,Berlin,https://d-nb.info/gnd/2004272-3,https://www.geonames.org/2950159
17562,27079,Schlobitten,,https://www.geonames.org/3085553
17565,27079,Schlobitten,,https://www.geonames.org/3085553
17568,66,Danzig (Gdańsk),https://d-nb.info/gnd/15739-9,https://www.geonames.org/3099434
17568,229,Halle (Saale),https://d-nb.info/gnd/4023025-9,https://www.geonames.org/2911522
17568,12,Jena,https://d-nb.info/gnd/4028557-1,https://www.geonames.org/2895044
17568,22,Leipzig,https://d-nb.info/gnd/4035206-7,https://www.geonames.org/2879139
17573,5396,Bückeburg,https://d-nb.info/gnd/4008715-3,
17573,27078,Finckenstein,,https://www.geonames.org/3096799
17573,22,Leipzig,https://d-nb.info/gnd/4035206-7,https://www.geonames.org/2879139
17573,27079,Schlobitten,,https://www.geonames.org/3085553
17573,87,Spandau,https://d-nb.info/gnd/4105431-3,https://www.geonames.org/7290252
17586,66,Danzig (Gdańsk),https://d-nb.info/gnd/15739-9,https://www.geonames.org/3099434
17586,27196,Langenfuhr,,
17586,21146,Marienburg (Malbork),,
17586,24506,Oliva,https://d-nb.info/gnd/4075642-7,
17586,27079,Schlobitten,,https://www.geonames.org/3085553
17586,27193,Tczew,,
17586,27202,Tolksdorf,,
17589,66,Danzig (Gdańsk),https://d-nb.info/gnd/15739-9,https://www.geonames.org/3099434
17589,27078,Finckenstein,,https://www.geonames.org/3096799
17589,27079,Schlobitten,,https://www.geonames.org/3085553
17589,27202,Tolksdorf,,
17593,15,Berlin,https://d-nb.info/gnd/2004272-3,https://www.geonames.org/2950159
17593,27061,Drossen,,https://www.geonames.org/3089832
17593,3308,Frankfurt (Oder),https://d-nb.info/gnd/4018122-4,https://www.geonames.org/2925535
17593,10562,Landsberg (Warthe),https://d-nb.info/gnd/4034340-6,https://www.geonames.org/3098722
17594,15,Berlin,https://d-nb.info/gnd/2004272-3,https://www.geonames.org/2950159
17594,27079,Schlobitten,,https://www.geonames.org/3085553
17596,27153,Anhalt (Hołdunów),,https://www.geonames.org/3097993
17596,15,Berlin,https://d-nb.info/gnd/2004272-3,https://www.geonames.org/2950159
17596,66,Danzig (Gdańsk),https://d-nb.info/gnd/15739-9,https://www.geonames.org/3099434
17596,27061,Drossen,,https://www.geonames.org/3089832
17596,27055,Gnadenfrei,,https://www.geonames.org/3089025
17596,27222,Hochkirch,,
17596,1362,Königsberg,https://d-nb.info/gnd/4031541-1,https://www.geonames.org/554234
17596,3141,Magdeburg,https://d-nb.info/gnd/4036934-1,
17598,66,Danzig (Gdańsk),https://d-nb.info/gnd/15739-9,https://www.geonames.org/3099434
17598,27079,Schlobitten,,https://www.geonames.org/3085553
17598,27202,Tolksdorf,,
17602,27061,Drossen,,https://www.geonames.org/3089832
17603,27078,Finckenstein,,https://www.geonames.org/3096799
17603,27079,Schlobitten,,https://www.geonames.org/3085553
17608,66,Danzig (Gdańsk),https://d-nb.info/gnd/15739-9,https://www.geonames.org/3099434
17608,27061,Drossen,,https://www.geonames.org/3089832
17608,22,Leipzig,https://d-nb.info/gnd/4035206-7,https://www.geonames.org/2879139
17608,27079,Schlobitten,,https://www.geonames.org/3085553
17609,27153,Anhalt (Hołdunów),,https://www.geonames.org/3097993
17610,27055,Gnadenfrei,,https://www.geonames.org/3089025
17610,27079,Schlobitten,,https://www.geonames.org/3085553
17610,27257,Schlodien,,https://www.geonames.org/3099333
17612,27079,Schlobitten,,https://www.geonames.org/3085553
17616,15,Berlin,https://d-nb.info/gnd/2004272-3,https://www.geonames.org/2950159
17616,27280,Blasdorf,,
17616,1018,Breslau,https://d-nb.info/gnd/2005949-8,https://www.geonames.org/3081368
17616,27061,Drossen,,https://www.geonames.org/3089832
17616,27055,Gnadenfrei,,https://www.geonames.org/3089025
17616,27288,Kleutsch,https://d-nb.info/gnd/1196050821,https://www.geonames.org/2887838
17616,416,Landshut,https://d-nb.info/gnd/4034367-4,https://www.geonames.org/2881485
17616,27269,Niesky,,https://www.geonames.org/2862460
17616,27079,Schlobitten,,https://www.geonames.org/3085553
17616,27257,Schlodien,,https://www.geonames.org/3099333
17616,27296,Steinau (Nimptsch),,https://www.geonames.org/3087662
17617,27153,Anhalt (Hołdunów),,https://www.geonames.org/3097993
17617,27061,Drossen,,https://www.geonames.org/3089832
17617,27055,Gnadenfrei,,https://www.geonames.org/3089025
17617,10562,Landsberg (Warthe),https://d-nb.info/gnd/4034340-6,https://www.geonames.org/3098722
17617,27269,Niesky,,https://www.geonames.org/2862460
17617,27079,Schlobitten,,https://www.geonames.org/3085553
17617,27257,Schlodien,,https://www.geonames.org/3099333
17618,15,Berlin,https://d-nb.info/gnd/2004272-3,https://www.geonames.org/2950159
17618,66,Danzig (Gdańsk),https://d-nb.info/gnd/15739-9,https://www.geonames.org/3099434
17618,27061,Drossen,,https://www.geonames.org/3089832
17618,10562,Landsberg (Warthe),https://d-nb.info/gnd/4034340-6,https://www.geonames.org/3098722
17625,15,Berlin,https://d-nb.info/gnd/2004272-3,https://www.geonames.org/2950159
17625,27061,Drossen,,https://www.geonames.org/3089832
17625,1362,Königsberg,https://d-nb.info/gnd/4031541-1,https://www.geonames.org/554234
17625,10562,Landsberg (Warthe),https://d-nb.info/gnd/4034340-6,https://www.geonames.org/3098722
17625,27079,Schlobitten,,https://www.geonames.org/3085553
17627,27331,Bad Dirsdorf,,https://www.geonames.org/3087934
17627,15,Berlin,https://d-nb.info/gnd/2004272-3,https://www.geonames.org/2950159
17627,1018,Breslau,https://d-nb.info/gnd/2005949-8,https://www.geonames.org/3081368
17627,27055,Gnadenfrei,,https://www.geonames.org/3089025
17627,10562,Landsberg (Warthe),https://d-nb.info/gnd/4034340-6,https://www.geonames.org/3098722
17627,3455,Neuwied,https://d-nb.info/gnd/4041991-5,
17627,27269,Niesky,,https://www.geonames.org/2862460
17627,27079,Schlobitten,,https://www.geonames.org/3085553
17627,27257,Schlodien,,https://www.geonames.org/3099333
17627,5417,"Steinau, Oder",https://d-nb.info/gnd/2084741-5,
17629,15,Berlin,https://d-nb.info/gnd/2004272-3,https://www.geonames.org/2950159
17632,3308,Frankfurt (Oder),https://d-nb.info/gnd/4018122-4,https://www.geonames.org/2925535
17634,15,Berlin,https://d-nb.info/gnd/2004272-3,https://www.geonames.org/2950159
17635,22,Leipzig,https://d-nb.info/gnd/4035206-7,https://www.geonames.org/2879139
17635,27269,Niesky,,https://www.geonames.org/2862460
17639,27153,Anhalt (Hołdunów),,https://www.geonames.org/3097993
17639,15,Berlin,https://d-nb.info/gnd/2004272-3,https://www.geonames.org/2950159
17639,10562,Landsberg (Warthe),https://d-nb.info/gnd/4034340-6,https://www.geonames.org/3098722
17641,15,Berlin,https://d-nb.info/gnd/2004272-3,https://www.geonames.org/2950159
17641,66,Danzig (Gdańsk),https://d-nb.info/gnd/15739-9,https://www.geonames.org/3099434
17641,27061,Drossen,,https://www.geonames.org/3089832
17641,12640,Elbing,https://d-nb.info/gnd/4014177-9,
17641,27079,Schlobitten,,https://www.geonames.org/3085553
17643,15,Berlin,https://d-nb.info/gnd/2004272-3,https://www.geonames.org/2950159
17643,27061,Drossen,,https://www.geonames.org/3089832
17643,10562,Landsberg (Warthe),https://d-nb.info/gnd/4034340-6,https://www.geonames.org/3098722
17646,10562,Landsberg (Warthe),https://d-nb.info/gnd/4034340-6,https://www.geonames.org/3098722
17648,10562,Landsberg (Warthe),https://d-nb.info/gnd/4034340-6,https://www.geonames.org/3098722
17649,15,Berlin,https://d-nb.info/gnd/2004272-3,https://www.geonames.org/2950159
17649,10562,Landsberg (Warthe),https://d-nb.info/gnd/4034340-6,https://www.geonames.org/3098722
17652,10562,Landsberg (Warthe),https://d-nb.info/gnd/4034340-6,https://www.geonames.org/3098722
17655,15,Berlin,https://d-nb.info/gnd/2004272-3,https://www.geonames.org/2950159
17655,66,Danzig (Gdańsk),https://d-nb.info/gnd/15739-9,https://www.geonames.org/3099434
17655,3308,Frankfurt (Oder),https://d-nb.info/gnd/4018122-4,https://www.geonames.org/2925535
17655,2776,Giebichenstein,https://d-nb.info/gnd/5026901-X,https://www.geonames.org/2920649
17655,10562,Landsberg (Warthe),https://d-nb.info/gnd/4034340-6,https://www.geonames.org/3098722
17655,22,Leipzig,https://d-nb.info/gnd/4035206-7,https://www.geonames.org/2879139
17657,229,Halle (Saale),https://d-nb.info/gnd/4023025-9,https://www.geonames.org/2911522
17657,10562,Landsberg (Warthe),https://d-nb.info/gnd/4034340-6,https://www.geonames.org/3098722
17658,2777,Halberstadt,https://d-nb.info/gnd/4022987-7,https://www.geonames.org/2911665
17658,229,Halle (Saale),https://d-nb.info/gnd/4023025-9,https://www.geonames.org/2911522
17659,27153,Anhalt (Hołdunów),,https://www.geonames.org/3097993
17659,15,Berlin,https://d-nb.info/gnd/2004272-3,https://www.geonames.org/2950159
17659,10562,Landsberg (Warthe),https://d-nb.info/gnd/4034340-6,https://www.geonames.org/3098722
17665,15,Berlin,https://d-nb.info/gnd/2004272-3,https://www.geonames.org/2950159
17665,10562,Landsberg (Warthe),https://d-nb.info/gnd/4034340-6,https://www.geonames.org/3098722
17668,27153,Anhalt (Hołdunów),,https://www.geonames.org/3097993
17668,15,Berlin,https://d-nb.info/gnd/2004272-3,https://www.geonames.org/2950159
17668,1018,Breslau,https://d-nb.info/gnd/2005949-8,https://www.geonames.org/3081368
17668,27386,Brieg,,https://www.geonames.org/3102459
17668,10562,Landsberg (Warthe),https://d-nb.info/gnd/4034340-6,https://www.geonames.org/3098722
17668,292,London,https://d-nb.info/gnd/4074335-4,
17668,27154,Pless,,https://www.geonames.org/3087705
17672,27153,Anhalt (Hołdunów),,https://www.geonames.org/3097993
17672,15,Berlin,https://d-nb.info/gnd/2004272-3,https://www.geonames.org/2950159
17672,27061,Drossen,,https://www.geonames.org/3089832
17672,27078,Finckenstein,,https://www.geonames.org/3096799
17672,1362,Königsberg,https://d-nb.info/gnd/4031541-1,https://www.geonames.org/554234
17673,15,Berlin,https://d-nb.info/gnd/2004272-3,https://www.geonames.org/2950159
17673,22,Leipzig,https://d-nb.info/gnd/4035206-7,https://www.geonames.org/2879139
17675,15,Berlin,https://d-nb.info/gnd/2004272-3,https://www.geonames.org/2950159
17675,10562,Landsberg (Warthe),https://d-nb.info/gnd/4034340-6,https://www.geonames.org/3098722
17675,27079,Schlobitten,,https://www.geonames.org/3085553
17676,15,Berlin,https://d-nb.info/gnd/2004272-3,https://www.geonames.org/2950159
17676,22,Leipzig,https://d-nb.info/gnd/4035206-7,https://www.geonames.org/2879139
17676,3141,Magdeburg,https://d-nb.info/gnd/4036934-1,
17676,440,Straßburg,https://d-nb.info/gnd/4057878-1,
17681,15,Berlin,https://d-nb.info/gnd/2004272-3,https://www.geonames.org/2950159
17681,66,Danzig (Gdańsk),https://d-nb.info/gnd/15739-9,https://www.geonames.org/3099434
17681,27396,Groß-Plehnendorf,,https://www.geonames.org/3088813
17682,15,Berlin,https://d-nb.info/gnd/2004272-3,https://www.geonames.org/2950159
17682,22,Leipzig,https://d-nb.info/gnd/4035206-7,https://www.geonames.org/2879139
17683,15,Berlin,https://d-nb.info/gnd/2004272-3,https://www.geonames.org/2950159
17684,15,Berlin,https://d-nb.info/gnd/2004272-3,https://www.geonames.org/2950159
17684,10562,Landsberg (Warthe),https://d-nb.info/gnd/4034340-6,https://www.geonames.org/3098722
17686,15,Berlin,https://d-nb.info/gnd/2004272-3,https://www.geonames.org/2950159
17687,15,Berlin,https://d-nb.info/gnd/2004272-3,https://www.geonames.org/2950159
17687,10562,Landsberg (Warthe),https://d-nb.info/gnd/4034340-6,https://www.geonames.org/3098722
17688,27055,Gnadenfrei,,https://www.geonames.org/3089025
17688,27154,Pless,,https://www.geonames.org/3087705
17689,15,Berlin,https://d-nb.info/gnd/2004272-3,https://www.geonames.org/2950159
17689,1018,Breslau,https://d-nb.info/gnd/2005949-8,https://www.geonames.org/3081368
17689,3308,Frankfurt (Oder),https://d-nb.info/gnd/4018122-4,https://www.geonames.org/2925535
17689,10562,Landsberg (Warthe),https://d-nb.info/gnd/4034340-6,https://www.geonames.org/3098722
17689,27405,Neu-Anspach,https://d-nb.info/gnd/4041702-5,
17692,27415,Aalen,,https://www.geonames.org/2959927
17692,27153,Anhalt (Hołdunów),,https://www.geonames.org/3097993
17692,10066,Brandenburg an der Havel,https://d-nb.info/gnd/4007956-9,
17692,27061,Drossen,,https://www.geonames.org/3089832
17692,2777,Halberstadt,https://d-nb.info/gnd/4022987-7,https://www.geonames.org/2911665
17692,229,Halle (Saale),https://d-nb.info/gnd/4023025-9,https://www.geonames.org/2911522
17692,27412,Hohenbruch,,https://www.geonames.org/2901874
17692,27095,Küstrin,,https://www.geonames.org/3095057
17692,10562,Landsberg (Warthe),https://d-nb.info/gnd/4034340-6,https://www.geonames.org/3098722
17692,20058,Neuruppin,https://d-nb.info/gnd/040419088,
17692,5909,Oranienburg,https://d-nb.info/gnd/4043700-0,
17693,10562,Landsberg (Warthe),https://d-nb.info/gnd/4034340-6,https://www.geonames.org/3098722
17696,15,Berlin,https://d-nb.info/gnd/2004272-3,https://www.geonames.org/2950159
17696,10066,Brandenburg an der Havel,https://d-nb.info/gnd/4007956-9,
17696,27061,Drossen,,https://www.geonames.org/3089832
17696,10562,Landsberg (Warthe),https://d-nb.info/gnd/4034340-6,https://www.geonames.org/3098722
17696,2275,Potsdam,https://d-nb.info/gnd/4046948-7,https://www.geonames.org/2852458
17697,15,Berlin,https://d-nb.info/gnd/2004272-3,https://www.geonames.org/2950159
17697,10066,Brandenburg an der Havel,https://d-nb.info/gnd/4007956-9,
17697,10562,Landsberg (Warthe),https://d-nb.info/gnd/4034340-6,https://www.geonames.org/3098722
17697,27079,Schlobitten,,https://www.geonames.org/3085553
17699,15,Berlin,https://d-nb.info/gnd/2004272-3,https://www.geonames.org/2950159
17699,10066,Brandenburg an der Havel,https://d-nb.info/gnd/4007956-9,
17699,27061,Drossen,,https://www.geonames.org/3089832
17701,15,Berlin,https://d-nb.info/gnd/2004272-3,https://www.geonames.org/2950159
17702,15,Berlin,https://d-nb.info/gnd/2004272-3,https://www.geonames.org/2950159
17702,10562,Landsberg (Warthe),https://d-nb.info/gnd/4034340-6,https://www.geonames.org/3098722
17703,15,Berlin,https://d-nb.info/gnd/2004272-3,https://www.geonames.org/2950159
17704,10562,Landsberg (Warthe),https://d-nb.info/gnd/4034340-6,https://www.geonames.org/3098722
17705,66,Danzig (Gdańsk),https://d-nb.info/gnd/15739-9,https://www.geonames.org/3099434
17705,229,Halle (Saale),https://d-nb.info/gnd/4023025-9,https://www.geonames.org/2911522
17705,10562,Landsberg (Warthe),https://d-nb.info/gnd/4034340-6,https://www.geonames.org/3098722
17707,66,Danzig (Gdańsk),https://d-nb.info/gnd/15739-9,https://www.geonames.org/3099434
17708,27061,Drossen,,https://www.geonames.org/3089832
17708,27438,Neusalz,,https://www.geonames.org/3090764
17709,27061,Drossen,,https://www.geonames.org/3089832
17709,27055,Gnadenfrei,,https://www.geonames.org/3089025
17709,27438,Neusalz,,https://www.geonames.org/3090764
17710,27055,Gnadenfrei,,https://www.geonames.org/3089025
17711,15,Berlin,https://d-nb.info/gnd/2004272-3,https://www.geonames.org/2950159
17711,27061,Drossen,,https://www.geonames.org/3089832
17711,10562,Landsberg (Warthe),https://d-nb.info/gnd/4034340-6,https://www.geonames.org/3098722
17711,1678,Warschau,https://d-nb.info/gnd/4079048-4,https://www.geonames.org/756135
17712,15,Berlin,https://d-nb.info/gnd/2004272-3,https://www.geonames.org/2950159
17712,10562,Landsberg (Warthe),https://d-nb.info/gnd/4034340-6,https://www.geonames.org/3098722
17715,27454,Bad Warmbrunn,,https://www.geonames.org/3101367
17715,15,Berlin,https://d-nb.info/gnd/2004272-3,https://www.geonames.org/2950159
17715,1018,Breslau,https://d-nb.info/gnd/2005949-8,https://www.geonames.org/3081368
17715,13,Dresden,https://d-nb.info/gnd/37172-5,https://www.geonames.org/2935022
17715,27061,Drossen,,https://www.geonames.org/3089832
17715,27055,Gnadenfrei,,https://www.geonames.org/3089025
17715,10215,Grünberg (Landkreis Gießen),https://d-nb.info/gnd/4022283-4,
17715,27452,Herrnhut,,https://www.geonames.org/2905643
17715,10023,Hirschberg im Riesengebirge,https://d-nb.info/gnd/4025049-0,
17715,27483,Kuchendorf,,
17715,27438,Neusalz,,https://www.geonames.org/3090764
17715,24895,Nimptsch,,https://www.geonames.org/3090967
17715,27699,Pangel,,
17715,5417,"Steinau, Oder",https://d-nb.info/gnd/2084741-5,
17715,27471,Uhyst,,https://www.geonames.org/2820314
17719,15,Berlin,https://d-nb.info/gnd/2004272-3,https://www.geonames.org/2950159
17719,10562,Landsberg (Warthe),https://d-nb.info/gnd/4034340-6,https://www.geonames.org/3098722
18524,26525,Vienne,,https://www.geonames.org/2969284
18531,22,Leipzig,https://d-nb.info/gnd/4035206-7,https://www.geonames.org/2879139
18531,1678,Warschau,https://d-nb.info/gnd/4079048-4,https://www.geonames.org/756135
18532,13,Dresden,https://d-nb.info/gnd/37172-5,https://www.geonames.org/2935022
18532,22,Leipzig,https://d-nb.info/gnd/4035206-7,https://www.geonames.org/2879139
18532,1678,Warschau,https://d-nb.info/gnd/4079048-4,https://www.geonames.org/756135
18535,13,Dresden,https://d-nb.info/gnd/37172-5,https://www.geonames.org/2935022
18535,22,Leipzig,https://d-nb.info/gnd/4035206-7,https://www.geonames.org/2879139
18535,1678,Warschau,https://d-nb.info/gnd/4079048-4,https://www.geonames.org/756135
18539,13,Dresden,https://d-nb.info/gnd/37172-5,https://www.geonames.org/2935022
18539,1362,Königsberg,https://d-nb.info/gnd/4031541-1,https://www.geonames.org/554234
18539,1678,Warschau,https://d-nb.info/gnd/4079048-4,https://www.geonames.org/756135
18540,1362,Königsberg,https://d-nb.info/gnd/4031541-1,https://www.geonames.org/554234
18540,1678,Warschau,https://d-nb.info/gnd/4079048-4,https://www.geonames.org/756135
18543,66,Danzig (Gdańsk),https://d-nb.info/gnd/15739-9,https://www.geonames.org/3099434
18543,22,Leipzig,https://d-nb.info/gnd/4035206-7,https://www.geonames.org/2879139
18949,12,Jena,https://d-nb.info/gnd/4028557-1,https://www.geonames.org/2895044
18951,1633,Erfurt,https://d-nb.info/gnd/4015240-6,https://www.geonames.org/2929670
18951,12,Jena,https://d-nb.info/gnd/4028557-1,https://www.geonames.org/2895044
18953,171,Paris,https://d-nb.info/gnd/4044660-8,https://www.geonames.org/2988507
